<?xml version="1.0" encoding="UTF-8"?><rss version="2.0"
	xmlns:content="http://purl.org/rss/1.0/modules/content/"
	xmlns:wfw="http://wellformedweb.org/CommentAPI/"
	xmlns:dc="http://purl.org/dc/elements/1.1/"
	xmlns:atom="http://www.w3.org/2005/Atom"
	xmlns:sy="http://purl.org/rss/1.0/modules/syndication/"
	xmlns:slash="http://purl.org/rss/1.0/modules/slash/"
	>

<channel>
	<title>Real Estate | Attorney Directory</title>
	<atom:link href="/practice/real-estate/feed/" rel="self" type="application/rss+xml" />
	<link>/</link>
	<description></description>
	<lastBuildDate>Mon, 29 Jan 2024 13:17:01 +0000</lastBuildDate>
	<language>en-US</language>
	<sy:updatePeriod>
	hourly	</sy:updatePeriod>
	<sy:updateFrequency>
	1	</sy:updateFrequency>
	<generator>https://wordpress.org/?v=6.5.5</generator>
	<item>
		<title>John Smith, NYC Real Estate Lawyer</title>
		<link>/profile/john-smith-nyc-real-estate-lawyer/</link>
		
		<dc:creator><![CDATA[directoryadmin]]></dc:creator>
		<pubDate>Mon, 29 Jan 2024 07:00:35 +0000</pubDate>
				<guid isPermaLink="false">https://localdirectoryfortune.com/demo/attorney-extended/?post_type=profile&#038;p=305782</guid>

					<description><![CDATA[]]></description>
										<content:encoded><![CDATA[<div class="et_pb_section et_pb_section_0 et_pb_with_background et_section_specialty" >
				
				
				
				
				
				<div class="et_pb_row et_pb_gutters2">
				<div class="et_pb_column et_pb_column_2_3 et_pb_column_0   et_pb_specialty_column  et_pb_css_mix_blend_mode_passthrough">
				
				
				
				
				<div class="et_pb_with_border et_pb_row_inner et_pb_row_inner_0 et_pb_gutters2">
				<div class="et_pb_column et_pb_column_4_4 et_pb_column_inner et_pb_column_inner_0 et-last-child">
				
				
				
				
				<div class="et_pb_module et_pb_blurb et_pb_blurb_0  et_pb_text_align_left  et_pb_blurb_position_left et_pb_bg_layout_light">
				
				
				
				
				<div class="et_pb_blurb_content">
					<div class="et_pb_main_blurb_image"><span class="et_pb_image_wrap"><span class="et-waypoint et_pb_animation_off et_pb_animation_off_tablet et_pb_animation_off_phone et-pb-icon"></span></span></div>
					<div class="et_pb_blurb_container">
						<h4 class="et_pb_module_header"><span>About</span></h4>
						
					</div>
				</div>
			</div><div class="et_pb_module et_pb_text et_pb_text_0  et_pb_text_align_left et_pb_bg_layout_light">
				
				
				
				
				<div class="et_pb_text_inner">John Smith has carved a niche in the New York legal landscape as a highly skilled real estate lawyer, with over a decade of experience in the field.</div>
			</div>
			</div>
				
				
				
				
			</div><div class="et_pb_row_inner et_pb_row_inner_1 et_pb_equal_columns et_pb_gutters2">
				<div class="et_pb_column et_pb_column_1_3 et_pb_column_inner et_pb_column_inner_1">
				
				
				
				
				<div class="et_pb_module et_pb_text et_pb_text_1  et_pb_text_align_left et_pb_bg_layout_light">
				
				
				
				
				<div class="et_pb_text_inner"><h2>Lawyer Rating:</h2></div>
			</div><ul class="et_pb_module et_pb_counters et_pb_counters_0 et-waypoint et_pb_bg_layout_light">
				<li class="et_pb_counter et_pb_counter_0">
				<span class="et_pb_counter_title">Legal Knowledge</span>
				<span class="et_pb_counter_container">
					
					
					
					
					<span class="et_pb_counter_amount" style="" data-width="100%"><span class="et_pb_counter_amount_number"><span class="et_pb_counter_amount_number_inner">100%</span></span></span>
					<span class="et_pb_counter_amount overlay" style="" data-width="100%"><span class="et_pb_counter_amount_number"><span class="et_pb_counter_amount_number_inner">100%</span></span></span>
				</span>
			</li><li class="et_pb_counter et_pb_counter_1">
				<span class="et_pb_counter_title">Legal Analysis</span>
				<span class="et_pb_counter_container">
					
					
					
					
					<span class="et_pb_counter_amount" style="" data-width="95%"><span class="et_pb_counter_amount_number"><span class="et_pb_counter_amount_number_inner">95%</span></span></span>
					<span class="et_pb_counter_amount overlay" style="" data-width="95%"><span class="et_pb_counter_amount_number"><span class="et_pb_counter_amount_number_inner">95%</span></span></span>
				</span>
			</li><li class="et_pb_counter et_pb_counter_2">
				<span class="et_pb_counter_title">Communication</span>
				<span class="et_pb_counter_container">
					
					
					
					
					<span class="et_pb_counter_amount" style="" data-width="95%"><span class="et_pb_counter_amount_number"><span class="et_pb_counter_amount_number_inner">95%</span></span></span>
					<span class="et_pb_counter_amount overlay" style="" data-width="95%"><span class="et_pb_counter_amount_number"><span class="et_pb_counter_amount_number_inner">95%</span></span></span>
				</span>
			</li><li class="et_pb_counter et_pb_counter_3">
				<span class="et_pb_counter_title">Professionalism</span>
				<span class="et_pb_counter_container">
					
					
					
					
					<span class="et_pb_counter_amount" style="" data-width="100%"><span class="et_pb_counter_amount_number"><span class="et_pb_counter_amount_number_inner">100%</span></span></span>
					<span class="et_pb_counter_amount overlay" style="" data-width="100%"><span class="et_pb_counter_amount_number"><span class="et_pb_counter_amount_number_inner">100%</span></span></span>
				</span>
			</li>
			</ul>
			</div><div class="et_pb_column et_pb_column_1_3 et_pb_column_inner et_pb_column_inner_2 et-last-child">
				
				
				
				
				<div class="et_pb_module et_pb_text et_pb_text_2  et_pb_text_align_left et_pb_bg_layout_light">
				
				
				
				
				<div class="et_pb_text_inner"><h2>Our Score:</h2></div>
			</div><div class="et_pb_module et_pb_blurb et_pb_blurb_1  et_pb_text_align_center  et_pb_blurb_position_top et_pb_bg_layout_light">
				
				
				
				
				<div class="et_pb_blurb_content">
					<div class="et_pb_main_blurb_image"><span class="et_pb_image_wrap"><span class="et-waypoint et_pb_animation_off et_pb_animation_off_tablet et_pb_animation_off_phone et-pb-icon"></span></span></div>
					<div class="et_pb_blurb_container">
						<h4 class="et_pb_module_header"><span>/5</span></h4>
						<div class="et_pb_blurb_description"><p>Outstanding!</p></div>
					</div>
				</div>
			</div>
			</div>
				
				
				
				
			</div><div class="et_pb_with_border et_pb_row_inner et_pb_row_inner_2 et_pb_gutters2">
				<div class="et_pb_column et_pb_column_4_4 et_pb_column_inner et_pb_column_inner_3 et-last-child">
				
				
				
				
				<div class="et_pb_module et_pb_blurb et_pb_blurb_2  et_pb_text_align_left  et_pb_blurb_position_left et_pb_bg_layout_light">
				
				
				
				
				<div class="et_pb_blurb_content">
					<div class="et_pb_main_blurb_image"><span class="et_pb_image_wrap"><span class="et-waypoint et_pb_animation_off et_pb_animation_off_tablet et_pb_animation_off_phone et-pb-icon"></span></span></div>
					<div class="et_pb_blurb_container">
						<h4 class="et_pb_module_header"><span>Biography</span></h4>
						
					</div>
				</div>
			</div><div class="et_pb_module et_pb_text et_pb_text_3  et_pb_text_align_left et_pb_bg_layout_light">
				
				
				
				
				<div class="et_pb_text_inner">Graduating from Columbia Law School, John has dedicated his career to mastering the complexities of real estate law, becoming a trusted advisor for individuals and businesses alike.</p>
<p>John&#8217;s expertise encompasses a wide range of real estate legal services, including commercial and residential property transactions, lease negotiations, real estate financing, and zoning and land use issues. He is well-versed in navigating the intricacies of New York’s real estate market and legal regulations, providing his clients with insightful and strategic legal counsel.</p>
<p>Renowned for his meticulous attention to detail, John has successfully represented clients in high-stakes real estate litigation, consistently achieving favorable outcomes. His approach combines thorough legal knowledge with a practical understanding of the real estate industry, ensuring that his clients&#8217; investments and interests are protected.</p>
<p>John is also known for his commitment to providing personalized service. He understands that each client&#8217;s situation is unique and requires a tailored approach. This client-centric focus has earned him a reputation for being not only an exceptional lawyer but also a reliable and approachable advisor.</div>
			</div>
			</div>
				
				
				
				
			</div><div class="et_pb_with_border et_pb_row_inner et_pb_row_inner_3 et_pb_gutters2">
				<div class="et_pb_column et_pb_column_4_4 et_pb_column_inner et_pb_column_inner_4 et-last-child">
				
				
				
				
				<div class="et_pb_module et_pb_blurb et_pb_blurb_3  et_pb_text_align_left  et_pb_blurb_position_left et_pb_bg_layout_light">
				
				
				
				
				<div class="et_pb_blurb_content">
					<div class="et_pb_main_blurb_image"><span class="et_pb_image_wrap"><span class="et-waypoint et_pb_animation_off et_pb_animation_off_tablet et_pb_animation_off_phone et-pb-icon"></span></span></div>
					<div class="et_pb_blurb_container">
						<h4 class="et_pb_module_header"><span>Practice Areas</span></h4>
						
					</div>
				</div>
			</div><div class="et_pb_module et_pb_text et_pb_text_4  et_pb_text_align_left et_pb_bg_layout_light">
				
				
				
				
				<div class="et_pb_text_inner"><p>&#8211; Real Estate Transactions: Handling both commercial and residential property deals, including sales, purchases, and lease agreements.</p>
<p>&#8211; Landlord-Tenant Disputes: Resolving conflicts involving leases, evictions, rent issues, and tenant rights.</p>
<p>&#8211; Real Estate Litigation: Representing clients in court for disputes related to property, boundary issues, and contract disagreements.</p>
<p>&#8211; Zoning and Land Use: Advising on land development, zoning regulations, and obtaining necessary permits.</p></div>
			</div>
			</div>
				
				
				
				
			</div><div class="et_pb_with_border et_pb_row_inner et_pb_row_inner_4 et_pb_gutters2">
				<div class="et_pb_column et_pb_column_4_4 et_pb_column_inner et_pb_column_inner_5 et-last-child">
				
				
				
				
				<div class="et_pb_module et_pb_blurb et_pb_blurb_4  et_pb_text_align_left  et_pb_blurb_position_left et_pb_bg_layout_light">
				
				
				
				
				<div class="et_pb_blurb_content">
					<div class="et_pb_main_blurb_image"><span class="et_pb_image_wrap"><span class="et-waypoint et_pb_animation_off et_pb_animation_off_tablet et_pb_animation_off_phone et-pb-icon"></span></span></div>
					<div class="et_pb_blurb_container">
						<h4 class="et_pb_module_header"><span>Fees</span></h4>
						
					</div>
				</div>
			</div><div class="et_pb_module et_pb_text et_pb_text_5  et_pb_text_align_left et_pb_bg_layout_light">
				
				
				
				
				<div class="et_pb_text_inner">&#8211; Free Consultation<br />
&#8211; Credit Card Accepted</div>
			</div>
			</div>
				
				
				
				
			</div><div class="et_pb_with_border et_pb_row_inner et_pb_row_inner_5 et_pb_gutters2">
				<div class="et_pb_column et_pb_column_4_4 et_pb_column_inner et_pb_column_inner_6 et-last-child">
				
				
				
				
				<div class="et_pb_module et_pb_blurb et_pb_blurb_5  et_pb_text_align_left  et_pb_blurb_position_left et_pb_bg_layout_light">
				
				
				
				
				<div class="et_pb_blurb_content">
					<div class="et_pb_main_blurb_image"><span class="et_pb_image_wrap"><span class="et-waypoint et_pb_animation_off et_pb_animation_off_tablet et_pb_animation_off_phone et-pb-icon"></span></span></div>
					<div class="et_pb_blurb_container">
						<h4 class="et_pb_module_header"><span>Languages</span></h4>
						
					</div>
				</div>
			</div><div class="et_pb_module et_pb_text et_pb_text_6  et_pb_text_align_left et_pb_bg_layout_light">
				
				
				
				
				<div class="et_pb_text_inner"><p><strong>&#8211; English:</strong> Spoken, Written<br /><strong>&#8211; Spanish:</strong> Spoken, Written</p></div>
			</div>
			</div>
				
				
				
				
			</div><div class="et_pb_with_border et_pb_row_inner et_pb_row_inner_6 et_pb_gutters2">
				<div class="et_pb_column et_pb_column_4_4 et_pb_column_inner et_pb_column_inner_7 et-last-child">
				
				
				
				
				<div class="et_pb_module et_pb_blurb et_pb_blurb_6  et_pb_text_align_left  et_pb_blurb_position_left et_pb_bg_layout_light">
				
				
				
				
				<div class="et_pb_blurb_content">
					<div class="et_pb_main_blurb_image"><span class="et_pb_image_wrap"><span class="et-waypoint et_pb_animation_off et_pb_animation_off_tablet et_pb_animation_off_phone et-pb-icon"></span></span></div>
					<div class="et_pb_blurb_container">
						<h4 class="et_pb_module_header"><span>Professional Experience</span></h4>
						
					</div>
				</div>
			</div><div class="et_pb_module et_pb_text et_pb_text_7  et_pb_text_align_left et_pb_bg_layout_light">
				
				
				
				
				<div class="et_pb_text_inner"><p>&#8211; Real Estate Attorney, Smith Real Estate Law: Providing comprehensive legal services in all aspects of real estate law.</p>
<p>&#8211; Associate Lawyer, NYC Real Estate Law Firm: Gained extensive experience in real estate transactions and litigation.</p>
<p>&#8211; Legal Intern, NY State Property Law Division: Assisted in property law research and document preparation.</p></div>
			</div>
			</div>
				
				
				
				
			</div><div class="et_pb_with_border et_pb_row_inner et_pb_row_inner_7 et_pb_gutters2">
				<div class="et_pb_column et_pb_column_4_4 et_pb_column_inner et_pb_column_inner_8 et-last-child">
				
				
				
				
				<div class="et_pb_module et_pb_blurb et_pb_blurb_7  et_pb_text_align_left  et_pb_blurb_position_left et_pb_bg_layout_light">
				
				
				
				
				<div class="et_pb_blurb_content">
					<div class="et_pb_main_blurb_image"><span class="et_pb_image_wrap"><span class="et-waypoint et_pb_animation_off et_pb_animation_off_tablet et_pb_animation_off_phone et-pb-icon"></span></span></div>
					<div class="et_pb_blurb_container">
						<h4 class="et_pb_module_header"><span>Education</span></h4>
						
					</div>
				</div>
			</div><div class="et_pb_module et_pb_text et_pb_text_8  et_pb_text_align_left et_pb_bg_layout_light">
				
				
				
				
				<div class="et_pb_text_inner"><p><strong>&#8211; J.D., Harvard Law School</strong>: Specialization in Corporate Law, Magna Cum Laude, Harvard Law Review Editor.</p>
<p><strong>&#8211; B.A. in Political Science, Stanford University</strong>: Honors Program, Focus on International Relations and Economics.</p>
<p><strong>&#8211; Study Abroad Program, University of Oxford</strong>: Concentration in International Law and Global Governance.</p>
<p><strong>&#8211; Continuing Legal Education</strong>: Ongoing courses in Intellectual Property, Business Ethics, and International Business Law.</p></div>
			</div>
			</div>
				
				
				
				
			</div><div class="et_pb_with_border et_pb_row_inner et_pb_row_inner_8 et_pb_gutters2">
				<div class="et_pb_column et_pb_column_4_4 et_pb_column_inner et_pb_column_inner_9 et-last-child">
				
				
				
				
				<div class="et_pb_module et_pb_blurb et_pb_blurb_8  et_pb_text_align_left  et_pb_blurb_position_left et_pb_bg_layout_light">
				
				
				
				
				<div class="et_pb_blurb_content">
					<div class="et_pb_main_blurb_image"><span class="et_pb_image_wrap"><span class="et-waypoint et_pb_animation_off et_pb_animation_off_tablet et_pb_animation_off_phone et-pb-icon"></span></span></div>
					<div class="et_pb_blurb_container">
						<h4 class="et_pb_module_header"><span>Awards</span></h4>
						
					</div>
				</div>
			</div><div class="et_pb_module et_pb_text et_pb_text_9  et_pb_text_align_left et_pb_bg_layout_light">
				
				
				
				
				<div class="et_pb_text_inner"><p><strong>&#8211; &#8220;Top Corporate Lawyer of the Year&#8221;, National Legal Excellence Awards:</strong> Recognized for outstanding achievements in corporate law and significant contributions to the legal community.</p></div>
			</div>
			</div>
				
				
				
				
			</div><div class="et_pb_with_border et_pb_row_inner et_pb_row_inner_9 et_pb_gutters2">
				<div class="et_pb_column et_pb_column_4_4 et_pb_column_inner et_pb_column_inner_10 et-last-child">
				
				
				
				
				<div class="et_pb_module et_pb_blurb et_pb_blurb_9  et_pb_text_align_left  et_pb_blurb_position_left et_pb_bg_layout_light">
				
				
				
				
				<div class="et_pb_blurb_content">
					<div class="et_pb_main_blurb_image"><span class="et_pb_image_wrap"><span class="et-waypoint et_pb_animation_off et_pb_animation_off_tablet et_pb_animation_off_phone et-pb-icon"></span></span></div>
					<div class="et_pb_blurb_container">
						<h4 class="et_pb_module_header"><span>Contact & Map</span></h4>
						
					</div>
				</div>
			</div><div class="et_pb_module et_pb_code et_pb_code_0">
				
				
				
				
				<div class="et_pb_code_inner"><iframe src="https://www.google.com/maps/embed?pb=!1m18!1m12!1m3!1d13440.698180320984!2d-73.97259940816106!3d40.67800787934546!2m3!1f0!2f0!3f0!3m2!1i1024!2i768!4f13.1!3m3!1m2!1s0x89c24fa5d33f083b%3A0xc80b8f06e177fe62!2zVGjDoG5oIHBo4buRIE5ldyBZb3JrLCBUaeG7g3UgYmFuZyBOZXcgWW9yaywgSG9hIEvhu7M!5e0!3m2!1svi!2s!4v1706278255276!5m2!1svi!2s" width="980" height="450" style="border:0; border-radius:10px;" allowfullscreen="" loading="lazy" referrerpolicy="no-referrer-when-downgrade"></iframe></div>
			</div>
			</div>
				
				
				
				
			</div><div class="et_pb_row_inner et_pb_row_inner_10 et_pb_gutters2">
				<div class="et_pb_column et_pb_column_1_3 et_pb_column_inner et_pb_column_inner_11">
				
				
				
				
				<div class="et_pb_module et_pb_text et_pb_text_10  et_pb_text_align_left et_pb_bg_layout_light">
				
				
				
				
				<div class="et_pb_text_inner"><p><strong>John Smith, Esq.</strong><br />Smith &amp; Associates<br />123 Legal Avenue, Suite 400<br />New York, NY 10017<br />+1 (888) 888-8888</p></div>
			</div>
			</div><div class="et_pb_column et_pb_column_1_3 et_pb_column_inner et_pb_column_inner_12 et-last-child">
				
				
				
				
				<div class="et_pb_module difl_businesshours difl_businesshours_0">
				
				
				
				
				
				
				<div class="et_pb_module_inner">
					<div class="df_bh_container">
                    <div class="df_bh_wrapper">
                        
                        <div class="et_pb_module difl_businesshoursitem difl_businesshoursitem_0">
				
				
				
				
				
				
				<div class="et_pb_module_inner">
					<div class="df_bh_item">
                        <div class="df_bh_day">Monday</div>
                        <div class="df_bh_time">  <span class="df_bh_start_time">7 a.m</span>   <span class="df_bh_time_separetor">-</span>   <span class="df_bh_end_time">7 p.m</span>   </div>
                    </div>
				</div>
			</div><div class="et_pb_module difl_businesshoursitem difl_businesshoursitem_1">
				
				
				
				
				
				
				<div class="et_pb_module_inner">
					<div class="df_bh_item">
                        <div class="df_bh_day">Tuesday</div>
                        <div class="df_bh_time">  <span class="df_bh_start_time">7 a.m</span>   <span class="df_bh_time_separetor">-</span>   <span class="df_bh_end_time">7 p.m</span>   </div>
                    </div>
				</div>
			</div><div class="et_pb_module difl_businesshoursitem difl_businesshoursitem_2">
				
				
				
				
				
				
				<div class="et_pb_module_inner">
					<div class="df_bh_item">
                        <div class="df_bh_day">Wednesday</div>
                        <div class="df_bh_time">  <span class="df_bh_start_time">7 a.m</span>   <span class="df_bh_time_separetor">-</span>   <span class="df_bh_end_time">7 p.m</span>   </div>
                    </div>
				</div>
			</div><div class="et_pb_module difl_businesshoursitem difl_businesshoursitem_3">
				
				
				
				
				
				
				<div class="et_pb_module_inner">
					<div class="df_bh_item">
                        <div class="df_bh_day">Thursday</div>
                        <div class="df_bh_time">  <span class="df_bh_start_time">7 a.m</span>   <span class="df_bh_time_separetor">-</span>   <span class="df_bh_end_time">7 p.m</span>   </div>
                    </div>
				</div>
			</div><div class="et_pb_module difl_businesshoursitem difl_businesshoursitem_4">
				
				
				
				
				
				
				<div class="et_pb_module_inner">
					<div class="df_bh_item">
                        <div class="df_bh_day">Friday</div>
                        <div class="df_bh_time">  <span class="df_bh_start_time">7 a.m</span>   <span class="df_bh_time_separetor">-</span>   <span class="df_bh_end_time">7 p.m</span>   </div>
                    </div>
				</div>
			</div><div class="et_pb_module difl_businesshoursitem difl_businesshoursitem_5">
				
				
				
				
				
				
				<div class="et_pb_module_inner">
					<div class="df_bh_item">
                        <div class="df_bh_day">Saturday</div>
                        <div class="df_bh_time">  <span class="df_bh_start_time">7 a.m</span>   <span class="df_bh_time_separetor">-</span>   <span class="df_bh_end_time">7 p.m</span>   </div>
                    </div>
				</div>
			</div><div class="et_pb_module difl_businesshoursitem difl_businesshoursitem_6">
				
				
				
				
				
				
				<div class="et_pb_module_inner">
					<div class="df_bh_item">
                        <div class="df_bh_day">Sunday</div>
                        <div class="df_bh_time">  <span class="df_bh_start_time">7 a.m</span>   <span class="df_bh_time_separetor"> - </span>   <span class="df_bh_end_time">7 p.m</span>   </div>
                    </div>
				</div>
			</div> 
                    </div>
                </div>
				</div>
			</div>
			</div>
				
				
				
				
			</div><div class="et_pb_with_border et_pb_row_inner et_pb_row_inner_11 et_pb_gutters2">
				<div class="et_pb_column et_pb_column_4_4 et_pb_column_inner et_pb_column_inner_13 et-last-child">
				
				
				
				
				<div class="et_pb_module et_pb_blurb et_pb_blurb_10  et_pb_text_align_left  et_pb_blurb_position_left et_pb_bg_layout_light">
				
				
				
				
				<div class="et_pb_blurb_content">
					<div class="et_pb_main_blurb_image"><span class="et_pb_image_wrap"><span class="et-waypoint et_pb_animation_off et_pb_animation_off_tablet et_pb_animation_off_phone et-pb-icon"></span></span></div>
					<div class="et_pb_blurb_container">
						<h4 class="et_pb_module_header"><span>Social Media</span></h4>
						
					</div>
				</div>
			</div>
			</div>
				
				
				
				
			</div><div class="et_pb_with_border et_pb_row_inner et_pb_row_inner_12 et_pb_gutters2">
				<div class="et_pb_column et_pb_column_4_4 et_pb_column_inner et_pb_column_inner_14 et-last-child">
				
				
				
				
				<ul class="et_pb_module et_pb_social_media_follow et_pb_social_media_follow_0 clearfix  et_pb_bg_layout_light">
				
				
				
				
				<li
            class='et_pb_social_media_follow_network_0 et_pb_social_icon et_pb_social_network_link  et-social-facebook'><a
              href='#'
              class='icon et_pb_with_border'
              title='Follow on Facebook'
               target="_blank"><span
                class='et_pb_social_media_follow_network_name'
                aria-hidden='true'
                >Follow</span></a></li><li
            class='et_pb_social_media_follow_network_1 et_pb_social_icon et_pb_social_network_link  et-social-linkedin'><a
              href='#'
              class='icon et_pb_with_border'
              title='Follow on LinkedIn'
               target="_blank"><span
                class='et_pb_social_media_follow_network_name'
                aria-hidden='true'
                >Follow</span></a></li><li
            class='et_pb_social_media_follow_network_2 et_pb_social_icon et_pb_social_network_link  et-social-twitter'><a
              href='#'
              class='icon et_pb_with_border'
              title='Follow on X'
               target="_blank"><span
                class='et_pb_social_media_follow_network_name'
                aria-hidden='true'
                >Follow</span></a></li><li
            class='et_pb_social_media_follow_network_3 et_pb_social_icon et_pb_social_network_link  et-social-youtube'><a
              href='#'
              class='icon et_pb_with_border'
              title='Follow on Youtube'
               target="_blank"><span
                class='et_pb_social_media_follow_network_name'
                aria-hidden='true'
                >Follow</span></a></li>
			</ul>
			</div>
				
				
				
				
			</div><div class="et_pb_with_border et_pb_row_inner et_pb_row_inner_13 et_pb_gutters2">
				<div class="et_pb_column et_pb_column_4_4 et_pb_column_inner et_pb_column_inner_15 et-last-child">
				
				
				
				
				<div class="et_pb_module et_pb_blurb et_pb_blurb_11  et_pb_text_align_left  et_pb_blurb_position_left et_pb_bg_layout_light">
				
				
				
				
				<div class="et_pb_blurb_content">
					<div class="et_pb_main_blurb_image"><span class="et_pb_image_wrap"><span class="et-waypoint et_pb_animation_off et_pb_animation_off_tablet et_pb_animation_off_phone et-pb-icon"></span></span></div>
					<div class="et_pb_blurb_container">
						<h4 class="et_pb_module_header"><span>Service Area Zip Codes</span></h4>
						
					</div>
				</div>
			</div><div class="et_pb_module et_pb_text et_pb_text_11  et_pb_text_align_left et_pb_bg_layout_light">
				
				
				
				
				
			</div>
			</div>
				
				
				
				
			</div>
			</div><div class="et_pb_column et_pb_column_1_3 et_pb_column_1    et_pb_css_mix_blend_mode_passthrough">
				
				
				
				
				
			<div id="et_pb_contact_form_0" class="et_pb_module et_pb_contact_form_0 fp-form et_pb_sticky_module et_pb_contact_form_container clearfix" data-form_unique_num="0" data-form_unique_id="7fa857a1-fb96-4d2d-974b-a8b0dd388753">
				
				
				
				
				<h1 class="et_pb_contact_main_title">Contact John Smith, NYC Real Estate Lawyer</h1>
				<div class="et-pb-contact-message"></div>
				
				<div class="et_pb_contact">
					<form class="et_pb_contact_form clearfix" method="post" action="/practice/real-estate/feed/">
						<p class="et_pb_contact_field et_pb_contact_field_0 et_pb_contact_field_last" data-id="name" data-type="input">
				
				
				
				
				<label for="et_pb_contact_name_0" class="et_pb_contact_form_label">Name</label>
				<input type="text" id="et_pb_contact_name_0" class="input" value="" name="et_pb_contact_name_0" data-required_mark="required" data-field_type="input" data-original_id="name" placeholder="Name">
			</p><p class="et_pb_contact_field et_pb_contact_field_1 et_pb_contact_field_last" data-id="email" data-type="email">
				
				
				
				
				<label for="et_pb_contact_email_0" class="et_pb_contact_form_label">Email Address</label>
				<input type="text" id="et_pb_contact_email_0" class="input" value="" name="et_pb_contact_email_0" data-required_mark="required" data-field_type="email" data-original_id="email" placeholder="Email Address">
			</p><p class="et_pb_contact_field et_pb_contact_field_2 et_pb_contact_field_half" data-id="phone" data-type="input">
				
				
				
				
				<label for="et_pb_contact_phone_0" class="et_pb_contact_form_label">Phone Number</label>
				<input type="text" id="et_pb_contact_phone_0" class="input" value="" name="et_pb_contact_phone_0" data-required_mark="required" data-field_type="input" data-original_id="phone" placeholder="Phone Number">
			</p><p class="et_pb_contact_field et_pb_contact_field_3 et_pb_contact_field_half et_pb_contact_field_last" data-id="zipcode" data-type="input">
				
				
				
				
				<label for="et_pb_contact_zipcode_0" class="et_pb_contact_form_label">Zip Code</label>
				<input type="text" id="et_pb_contact_zipcode_0" class="input" value="" name="et_pb_contact_zipcode_0" data-required_mark="required" data-field_type="input" data-original_id="zipcode" placeholder="Zip Code">
			</p><p class="et_pb_contact_field et_pb_contact_field_4 et_pb_contact_field_last" data-id="message" data-type="text">
				
				
				
				
				<label for="et_pb_contact_message_0" class="et_pb_contact_form_label">Message</label>
				<textarea name="et_pb_contact_message_0" id="et_pb_contact_message_0" class="et_pb_contact_message input" data-required_mark="required" data-field_type="text" data-original_id="message" placeholder="Message"></textarea>
			</p>
						<input type="hidden" value="et_contact_proccess" name="et_pb_contactform_submit_0"/>
						<div class="et_contact_bottom_container">
							
			<div class="et_pb_contact_right">
				<p class="clearfix">
					<span class="et_pb_contact_captcha_question">13 + 2</span> = <input type="text" size="2" class="input et_pb_contact_captcha" data-first_digit="13" data-second_digit="2" value="" name="et_pb_contact_captcha_0" data-required_mark="required" autocomplete="off">
				</p>
			</div>
							<button type="submit" name="et_builder_submit_button" class="et_pb_contact_submit et_pb_button" data-icon="&#xf1d8;">Submit</button>
						</div>
						<input type="hidden" id="_wpnonce-et-pb-contact-form-submitted-0" name="_wpnonce-et-pb-contact-form-submitted-0" value="3d1e3175bb" /><input type="hidden" name="_wp_http_referer" value="/practice/real-estate/feed/?simply_static_page=185" />
					</form>
				</div>
			</div>
			
			</div>
				</div>
				
			</div>
]]></content:encoded>
					
		
		
			</item>
		<item>
		<title>Eagle Legal Group, Albany, NY</title>
		<link>/profile/eagle-legal-group-albany-ny/</link>
		
		<dc:creator><![CDATA[directoryadmin]]></dc:creator>
		<pubDate>Tue, 23 Jan 2024 10:17:26 +0000</pubDate>
				<guid isPermaLink="false">https://localmarketingsuites.com/demo/directory/?post_type=profile&#038;p=274480</guid>

					<description><![CDATA[]]></description>
										<content:encoded><![CDATA[<p><div class="et_pb_section et_pb_section_1 et_pb_with_background et_section_specialty" >
				
				
				
				
				
				<div class="et_pb_row et_pb_gutters2">
				<div class="et_pb_column et_pb_column_2_3 et_pb_column_2   et_pb_specialty_column  et_pb_css_mix_blend_mode_passthrough">
				
				
				
				
				<div class="et_pb_with_border et_pb_row_inner et_pb_row_inner_14 et_pb_gutters2">
				<div class="et_pb_column et_pb_column_4_4 et_pb_column_inner et_pb_column_inner_16 et-last-child">
				
				
				
				
				<div class="et_pb_module et_pb_blurb et_pb_blurb_12  et_pb_text_align_left  et_pb_blurb_position_left et_pb_bg_layout_light">
				
				
				
				
				<div class="et_pb_blurb_content">
					<div class="et_pb_main_blurb_image"><span class="et_pb_image_wrap"><span class="et-waypoint et_pb_animation_off et_pb_animation_off_tablet et_pb_animation_off_phone et-pb-icon"></span></span></div>
					<div class="et_pb_blurb_container">
						<h4 class="et_pb_module_header"><span>About</span></h4>
						
					</div>
				</div>
			</div><div class="et_pb_module et_pb_text et_pb_text_12  et_pb_text_align_left et_pb_bg_layout_light">
				
				
				
				
				<div class="et_pb_text_inner">Eagle Legal Group Albany NY: A dedicated team delivering expert legal services across multiple specialties. Committed to excellence and client success in Albany.</div>
			</div>
			</div>
				
				
				
				
			</div><div class="et_pb_row_inner et_pb_row_inner_15 et_pb_equal_columns et_pb_gutters2">
				<div class="et_pb_column et_pb_column_1_3 et_pb_column_inner et_pb_column_inner_17">
				
				
				
				
				<div class="et_pb_module et_pb_text et_pb_text_13  et_pb_text_align_left et_pb_bg_layout_light">
				
				
				
				
				<div class="et_pb_text_inner"><h2>Lawyer Rating:</h2></div>
			</div><ul class="et_pb_module et_pb_counters et_pb_counters_1 et-waypoint et_pb_bg_layout_light">
				<li class="et_pb_counter et_pb_counter_4">
				<span class="et_pb_counter_title">Legal Knowledge</span>
				<span class="et_pb_counter_container">
					
					
					
					
					<span class="et_pb_counter_amount" style="" data-width="100%"><span class="et_pb_counter_amount_number"><span class="et_pb_counter_amount_number_inner">100%</span></span></span>
					<span class="et_pb_counter_amount overlay" style="" data-width="100%"><span class="et_pb_counter_amount_number"><span class="et_pb_counter_amount_number_inner">100%</span></span></span>
				</span>
			</li><li class="et_pb_counter et_pb_counter_5">
				<span class="et_pb_counter_title">Legal Analysis</span>
				<span class="et_pb_counter_container">
					
					
					
					
					<span class="et_pb_counter_amount" style="" data-width="95%"><span class="et_pb_counter_amount_number"><span class="et_pb_counter_amount_number_inner">95%</span></span></span>
					<span class="et_pb_counter_amount overlay" style="" data-width="95%"><span class="et_pb_counter_amount_number"><span class="et_pb_counter_amount_number_inner">95%</span></span></span>
				</span>
			</li><li class="et_pb_counter et_pb_counter_6">
				<span class="et_pb_counter_title">Communication</span>
				<span class="et_pb_counter_container">
					
					
					
					
					<span class="et_pb_counter_amount" style="" data-width="95%"><span class="et_pb_counter_amount_number"><span class="et_pb_counter_amount_number_inner">95%</span></span></span>
					<span class="et_pb_counter_amount overlay" style="" data-width="95%"><span class="et_pb_counter_amount_number"><span class="et_pb_counter_amount_number_inner">95%</span></span></span>
				</span>
			</li><li class="et_pb_counter et_pb_counter_7">
				<span class="et_pb_counter_title">Professionalism</span>
				<span class="et_pb_counter_container">
					
					
					
					
					<span class="et_pb_counter_amount" style="" data-width="100%"><span class="et_pb_counter_amount_number"><span class="et_pb_counter_amount_number_inner">100%</span></span></span>
					<span class="et_pb_counter_amount overlay" style="" data-width="100%"><span class="et_pb_counter_amount_number"><span class="et_pb_counter_amount_number_inner">100%</span></span></span>
				</span>
			</li>
			</ul>
			</div><div class="et_pb_column et_pb_column_1_3 et_pb_column_inner et_pb_column_inner_18 et-last-child">
				
				
				
				
				<div class="et_pb_module et_pb_text et_pb_text_14  et_pb_text_align_left et_pb_bg_layout_light">
				
				
				
				
				<div class="et_pb_text_inner"><h2>Our Score:</h2></div>
			</div><div class="et_pb_module et_pb_blurb et_pb_blurb_13  et_pb_text_align_center  et_pb_blurb_position_top et_pb_bg_layout_light">
				
				
				
				
				<div class="et_pb_blurb_content">
					<div class="et_pb_main_blurb_image"><span class="et_pb_image_wrap"><span class="et-waypoint et_pb_animation_off et_pb_animation_off_tablet et_pb_animation_off_phone et-pb-icon"></span></span></div>
					<div class="et_pb_blurb_container">
						<h4 class="et_pb_module_header"><span>/5</span></h4>
						<div class="et_pb_blurb_description"><p>Outstanding!</p></div>
					</div>
				</div>
			</div>
			</div>
				
				
				
				
			</div><div class="et_pb_with_border et_pb_row_inner et_pb_row_inner_16 et_pb_gutters2">
				<div class="et_pb_column et_pb_column_4_4 et_pb_column_inner et_pb_column_inner_19 et-last-child">
				
				
				
				
				<div class="et_pb_module et_pb_blurb et_pb_blurb_14  et_pb_text_align_left  et_pb_blurb_position_left et_pb_bg_layout_light">
				
				
				
				
				<div class="et_pb_blurb_content">
					<div class="et_pb_main_blurb_image"><span class="et_pb_image_wrap"><span class="et-waypoint et_pb_animation_off et_pb_animation_off_tablet et_pb_animation_off_phone et-pb-icon"></span></span></div>
					<div class="et_pb_blurb_container">
						<h4 class="et_pb_module_header"><span>Law Firm Information</span></h4>
						
					</div>
				</div>
			</div><div class="et_pb_module et_pb_text et_pb_text_15  et_pb_text_align_left et_pb_bg_layout_light">
				
				
				
				
				<div class="et_pb_text_inner"><p><span>Located in the heart of New York&#8217;s capital, Eagle Legal Group has become a symbol of legal integrity and client dedication in Albany. Our firm&#8217;s approach combines deep legal knowledge with a commitment to understanding our clients&#8217; individual needs. Each attorney at Eagle Legal Group is dedicated to providing top-tier legal representation, ensuring that each client&#8217;s case is handled with the utmost care and professionalism. We pride ourselves on our strong community ties and deep understanding of Albany&#8217;s unique legal landscape, making us not just lawyers, but trusted advisors and advocates for our clients.</span></p></div>
			</div>
			</div>
				
				
				
				
			</div><div class="et_pb_with_border et_pb_row_inner et_pb_row_inner_17 et_pb_gutters2">
				<div class="et_pb_column et_pb_column_4_4 et_pb_column_inner et_pb_column_inner_20 et-last-child">
				
				
				
				
				<div class="et_pb_module et_pb_blurb et_pb_blurb_15  et_pb_text_align_left  et_pb_blurb_position_left et_pb_bg_layout_light">
				
				
				
				
				<div class="et_pb_blurb_content">
					<div class="et_pb_main_blurb_image"><span class="et_pb_image_wrap"><span class="et-waypoint et_pb_animation_off et_pb_animation_off_tablet et_pb_animation_off_phone et-pb-icon"></span></span></div>
					<div class="et_pb_blurb_container">
						<h4 class="et_pb_module_header"><span>Practice Areas</span></h4>
						
					</div>
				</div>
			</div><div class="et_pb_module et_pb_text et_pb_text_16  et_pb_text_align_left et_pb_bg_layout_light">
				
				
				
				
				<div class="et_pb_text_inner"><p><strong>&#8211; Corporate Law</strong>: Mergers and Acquisitions, Corporate Governance, Intellectual Property Management, Commercial Contracts, Corporate Restructuring.</p>
<p><strong>&#8211; Business Law</strong>: Business Formation, Employment Law, Venture Capital, Regulatory Compliance, Risk Management.</p>
<p><strong>&#8211; Intellectual Property Law</strong>: Trademark and Patent Prosecution, Licensing Agreements, IP Litigation, Trade Secret Protection, Copyright Law.</p>
<p><strong>&#8211; Commercial Litigation</strong>: Contract Disputes, Business Torts, Shareholder Disagreements, Antitrust Law, Securities Litigation.</p>
<p><strong>&#8211; International Business Transactions</strong>: Cross-Border M&amp;A, Trade Agreements, Foreign Investment, International Law Compliance, Export Controls.</p></div>
			</div>
			</div>
				
				
				
				
			</div><div class="et_pb_with_border et_pb_row_inner et_pb_row_inner_18">
				<div class="et_pb_column et_pb_column_4_4 et_pb_column_inner et_pb_column_inner_21 et-last-child">
				
				
				
				
				<div class="et_pb_module et_pb_blurb et_pb_blurb_16  et_pb_text_align_left  et_pb_blurb_position_left et_pb_bg_layout_light">
				
				
				
				
				<div class="et_pb_blurb_content">
					<div class="et_pb_main_blurb_image"><span class="et_pb_image_wrap"><span class="et-waypoint et_pb_animation_off et_pb_animation_off_tablet et_pb_animation_off_phone et-pb-icon"></span></span></div>
					<div class="et_pb_blurb_container">
						<h4 class="et_pb_module_header"><span>Legal Challenges We Can Help with</span></h4>
						
					</div>
				</div>
			</div><div class="et_pb_module et_pb_text et_pb_text_17  et_pb_text_align_left et_pb_bg_layout_light">
				
				
				
				
				<div class="et_pb_text_inner">Divorce, Child Custody Disputes, DUI/DWI Defense, Drug Possession Charges, White-Collar Criminal Defense, Business Formation and Dissolution, Intellectual Property Rights, IRS Audit Representation, Chapter 7 Bankruptcy Filing, Debt Collection Lawsuits, Estate Planning, Property Division in Divorce, Adoption Legalities, Alimony and Spousal Support, Employment Discrimination Cases, Corporate Litigation, Tax Evasion Defense, Fraudulent Transactions, Real Estate Disputes, Landlord-Tenant Conflicts.</div>
			</div>
			</div>
				
				
				
				
			</div><div class="et_pb_with_border et_pb_row_inner et_pb_row_inner_19 et_pb_gutters2">
				<div class="et_pb_column et_pb_column_4_4 et_pb_column_inner et_pb_column_inner_22 et-last-child">
				
				
				
				
				<div class="et_pb_module et_pb_blurb et_pb_blurb_17  et_pb_text_align_left  et_pb_blurb_position_left et_pb_bg_layout_light">
				
				
				
				
				<div class="et_pb_blurb_content">
					<div class="et_pb_main_blurb_image"><span class="et_pb_image_wrap"><span class="et-waypoint et_pb_animation_off et_pb_animation_off_tablet et_pb_animation_off_phone et-pb-icon"></span></span></div>
					<div class="et_pb_blurb_container">
						<h4 class="et_pb_module_header"><span>Fees</span></h4>
						
					</div>
				</div>
			</div><div class="et_pb_module et_pb_text et_pb_text_18  et_pb_text_align_left et_pb_bg_layout_light">
				
				
				
				
				<div class="et_pb_text_inner">&#8211; Free Consultation<br />
&#8211; Credit Card Accepted</div>
			</div>
			</div>
				
				
				
				
			</div><div class="et_pb_with_border et_pb_row_inner et_pb_row_inner_20 et_pb_gutters2">
				<div class="et_pb_column et_pb_column_4_4 et_pb_column_inner et_pb_column_inner_23 et-last-child">
				
				
				
				
				<div class="et_pb_module et_pb_blurb et_pb_blurb_18  et_pb_text_align_left  et_pb_blurb_position_left et_pb_bg_layout_light">
				
				
				
				
				<div class="et_pb_blurb_content">
					<div class="et_pb_main_blurb_image"><span class="et_pb_image_wrap"><span class="et-waypoint et_pb_animation_off et_pb_animation_off_tablet et_pb_animation_off_phone et-pb-icon"></span></span></div>
					<div class="et_pb_blurb_container">
						<h4 class="et_pb_module_header"><span>Languages</span></h4>
						
					</div>
				</div>
			</div><div class="et_pb_module et_pb_text et_pb_text_19  et_pb_text_align_left et_pb_bg_layout_light">
				
				
				
				
				<div class="et_pb_text_inner"><p><strong>&#8211; English:</strong> Spoken, Written<br /><strong>&#8211; Spanish:</strong> Spoken, Written</p></div>
			</div>
			</div>
				
				
				
				
			</div><div class="et_pb_with_border et_pb_row_inner et_pb_row_inner_21 et_pb_gutters2">
				<div class="et_pb_column et_pb_column_4_4 et_pb_column_inner et_pb_column_inner_24 et-last-child">
				
				
				
				
				<div class="et_pb_module et_pb_blurb et_pb_blurb_19  et_pb_text_align_left  et_pb_blurb_position_left et_pb_bg_layout_light">
				
				
				
				
				<div class="et_pb_blurb_content">
					<div class="et_pb_main_blurb_image"><span class="et_pb_image_wrap"><span class="et-waypoint et_pb_animation_off et_pb_animation_off_tablet et_pb_animation_off_phone et-pb-icon"></span></span></div>
					<div class="et_pb_blurb_container">
						<h4 class="et_pb_module_header"><span>Key Attorneys</span></h4>
						
					</div>
				</div>
			</div><div class="et_pb_module et_pb_text et_pb_text_20  et_pb_text_align_left et_pb_bg_layout_light">
				
				
				
				
				<div class="et_pb_text_inner"><p><strong>&#8211; David Hamilton, Co-Founder &amp; Business Law Expert</strong>: With over 25 years in business law, David is renowned for his strategic counsel and expertise in complex corporate transactions.</p>
<p><strong>&#8211; Steve Reed, Co-Founder &amp; Intellectual Property Attorney</strong>: A respected figure in intellectual property law, Elaine has 20 years of experience in protecting clients&#8217; innovations and creative works.</p></div>
			</div>
			</div>
				
				
				
				
			</div><div class="et_pb_with_border et_pb_row_inner et_pb_row_inner_22 et_pb_gutters2">
				<div class="et_pb_column et_pb_column_4_4 et_pb_column_inner et_pb_column_inner_25 et-last-child">
				
				
				
				
				<div class="et_pb_module et_pb_blurb et_pb_blurb_20  et_pb_text_align_left  et_pb_blurb_position_left et_pb_bg_layout_light">
				
				
				
				
				<div class="et_pb_blurb_content">
					<div class="et_pb_main_blurb_image"><span class="et_pb_image_wrap"><span class="et-waypoint et_pb_animation_off et_pb_animation_off_tablet et_pb_animation_off_phone et-pb-icon"></span></span></div>
					<div class="et_pb_blurb_container">
						<h4 class="et_pb_module_header"><span>Awards</span></h4>
						
					</div>
				</div>
			</div><div class="et_pb_module et_pb_text et_pb_text_21  et_pb_text_align_left et_pb_bg_layout_light">
				
				
				
				
				<div class="et_pb_text_inner"><p><strong>&#8211; &#8220;Top Corporate Lawyer of the Year&#8221;, National Legal Excellence Awards:</strong> Recognized for outstanding achievements in corporate law and significant contributions to the legal community.</p></div>
			</div>
			</div>
				
				
				
				
			</div><div class="et_pb_with_border et_pb_row_inner et_pb_row_inner_23 et_pb_gutters2">
				<div class="et_pb_column et_pb_column_4_4 et_pb_column_inner et_pb_column_inner_26 et-last-child">
				
				
				
				
				<div class="et_pb_module et_pb_blurb et_pb_blurb_21  et_pb_text_align_left  et_pb_blurb_position_left et_pb_bg_layout_light">
				
				
				
				
				<div class="et_pb_blurb_content">
					<div class="et_pb_main_blurb_image"><span class="et_pb_image_wrap"><span class="et-waypoint et_pb_animation_off et_pb_animation_off_tablet et_pb_animation_off_phone et-pb-icon"></span></span></div>
					<div class="et_pb_blurb_container">
						<h4 class="et_pb_module_header"><span>Contact & Map</span></h4>
						
					</div>
				</div>
			</div><div class="et_pb_module et_pb_code et_pb_code_1">
				
				
				
				
				<div class="et_pb_code_inner"><iframe src="https://www.google.com/maps/embed?pb=!1m18!1m12!1m3!1d13440.698180320984!2d-73.97259940816106!3d40.67800787934546!2m3!1f0!2f0!3f0!3m2!1i1024!2i768!4f13.1!3m3!1m2!1s0x89c24fa5d33f083b%3A0xc80b8f06e177fe62!2zVGjDoG5oIHBo4buRIE5ldyBZb3JrLCBUaeG7g3UgYmFuZyBOZXcgWW9yaywgSG9hIEvhu7M!5e0!3m2!1svi!2s!4v1706278255276!5m2!1svi!2s" width="980" height="450" style="border:0; border-radius:10px;" allowfullscreen="" loading="lazy" referrerpolicy="no-referrer-when-downgrade"></iframe></div>
			</div>
			</div>
				
				
				
				
			</div><div class="et_pb_row_inner et_pb_row_inner_24 et_pb_gutters2">
				<div class="et_pb_column et_pb_column_1_3 et_pb_column_inner et_pb_column_inner_27">
				
				
				
				
				<div class="et_pb_module et_pb_text et_pb_text_22  et_pb_text_align_left et_pb_bg_layout_light">
				
				
				
				
				<div class="et_pb_text_inner"><p><b>Hamilton &amp; Reed Legal Solutions</b><br />123 Legal Avenue, Suite 400<br />New York, NY 10017<br />+1 (888) 888-8888</p></div>
			</div>
			</div><div class="et_pb_column et_pb_column_1_3 et_pb_column_inner et_pb_column_inner_28 et-last-child">
				
				
				
				
				<div class="et_pb_module difl_businesshours difl_businesshours_1">
				
				
				
				
				
				
				<div class="et_pb_module_inner">
					<div class="df_bh_container">
                    <div class="df_bh_wrapper">
                        
                        <div class="et_pb_module difl_businesshoursitem difl_businesshoursitem_7">
				
				
				
				
				
				
				<div class="et_pb_module_inner">
					<div class="df_bh_item">
                        <div class="df_bh_day">Monday</div>
                        <div class="df_bh_time">  <span class="df_bh_start_time">7 a.m</span>   <span class="df_bh_time_separetor">-</span>   <span class="df_bh_end_time">7 p.m</span>   </div>
                    </div>
				</div>
			</div><div class="et_pb_module difl_businesshoursitem difl_businesshoursitem_8">
				
				
				
				
				
				
				<div class="et_pb_module_inner">
					<div class="df_bh_item">
                        <div class="df_bh_day">Tuesday</div>
                        <div class="df_bh_time">  <span class="df_bh_start_time">7 a.m</span>   <span class="df_bh_time_separetor">-</span>   <span class="df_bh_end_time">7 p.m</span>   </div>
                    </div>
				</div>
			</div><div class="et_pb_module difl_businesshoursitem difl_businesshoursitem_9">
				
				
				
				
				
				
				<div class="et_pb_module_inner">
					<div class="df_bh_item">
                        <div class="df_bh_day">Wednesday</div>
                        <div class="df_bh_time">  <span class="df_bh_start_time">7 a.m</span>   <span class="df_bh_time_separetor">-</span>   <span class="df_bh_end_time">7 p.m</span>   </div>
                    </div>
				</div>
			</div><div class="et_pb_module difl_businesshoursitem difl_businesshoursitem_10">
				
				
				
				
				
				
				<div class="et_pb_module_inner">
					<div class="df_bh_item">
                        <div class="df_bh_day">Thursday</div>
                        <div class="df_bh_time">  <span class="df_bh_start_time">7 a.m</span>   <span class="df_bh_time_separetor">-</span>   <span class="df_bh_end_time">7 p.m</span>   </div>
                    </div>
				</div>
			</div><div class="et_pb_module difl_businesshoursitem difl_businesshoursitem_11">
				
				
				
				
				
				
				<div class="et_pb_module_inner">
					<div class="df_bh_item">
                        <div class="df_bh_day">Friday</div>
                        <div class="df_bh_time">  <span class="df_bh_start_time">7 a.m</span>   <span class="df_bh_time_separetor">-</span>   <span class="df_bh_end_time">7 p.m</span>   </div>
                    </div>
				</div>
			</div><div class="et_pb_module difl_businesshoursitem difl_businesshoursitem_12">
				
				
				
				
				
				
				<div class="et_pb_module_inner">
					<div class="df_bh_item">
                        <div class="df_bh_day">Saturday</div>
                        <div class="df_bh_time">  <span class="df_bh_start_time">7 a.m</span>   <span class="df_bh_time_separetor">-</span>   <span class="df_bh_end_time">7 p.m</span>   </div>
                    </div>
				</div>
			</div><div class="et_pb_module difl_businesshoursitem difl_businesshoursitem_13">
				
				
				
				
				
				
				<div class="et_pb_module_inner">
					<div class="df_bh_item">
                        <div class="df_bh_day">Sunday</div>
                        <div class="df_bh_time">  <span class="df_bh_start_time">7 a.m</span>   <span class="df_bh_time_separetor"> - </span>   <span class="df_bh_end_time">7 p.m</span>   </div>
                    </div>
				</div>
			</div> 
                    </div>
                </div>
				</div>
			</div>
			</div>
				
				
				
				
			</div><div class="et_pb_with_border et_pb_row_inner et_pb_row_inner_25 et_pb_gutters2">
				<div class="et_pb_column et_pb_column_4_4 et_pb_column_inner et_pb_column_inner_29 et-last-child">
				
				
				
				
				<div class="et_pb_module et_pb_blurb et_pb_blurb_22  et_pb_text_align_left  et_pb_blurb_position_left et_pb_bg_layout_light">
				
				
				
				
				<div class="et_pb_blurb_content">
					<div class="et_pb_main_blurb_image"><span class="et_pb_image_wrap"><span class="et-waypoint et_pb_animation_off et_pb_animation_off_tablet et_pb_animation_off_phone et-pb-icon"></span></span></div>
					<div class="et_pb_blurb_container">
						<h4 class="et_pb_module_header"><span>Social Media</span></h4>
						
					</div>
				</div>
			</div>
			</div>
				
				
				
				
			</div><div class="et_pb_with_border et_pb_row_inner et_pb_row_inner_26 et_pb_gutters2">
				<div class="et_pb_column et_pb_column_4_4 et_pb_column_inner et_pb_column_inner_30 et-last-child">
				
				
				
				
				<ul class="et_pb_module et_pb_social_media_follow et_pb_social_media_follow_1 clearfix  et_pb_bg_layout_light">
				
				
				
				
				<li
            class='et_pb_social_media_follow_network_4 et_pb_social_icon et_pb_social_network_link  et-social-facebook'><a
              href='#'
              class='icon et_pb_with_border'
              title='Follow on Facebook'
               target="_blank"><span
                class='et_pb_social_media_follow_network_name'
                aria-hidden='true'
                >Follow</span></a></li><li
            class='et_pb_social_media_follow_network_5 et_pb_social_icon et_pb_social_network_link  et-social-linkedin'><a
              href='#'
              class='icon et_pb_with_border'
              title='Follow on LinkedIn'
               target="_blank"><span
                class='et_pb_social_media_follow_network_name'
                aria-hidden='true'
                >Follow</span></a></li><li
            class='et_pb_social_media_follow_network_6 et_pb_social_icon et_pb_social_network_link  et-social-twitter'><a
              href='#'
              class='icon et_pb_with_border'
              title='Follow on X'
               target="_blank"><span
                class='et_pb_social_media_follow_network_name'
                aria-hidden='true'
                >Follow</span></a></li><li
            class='et_pb_social_media_follow_network_7 et_pb_social_icon et_pb_social_network_link  et-social-youtube'><a
              href='#'
              class='icon et_pb_with_border'
              title='Follow on Youtube'
               target="_blank"><span
                class='et_pb_social_media_follow_network_name'
                aria-hidden='true'
                >Follow</span></a></li>
			</ul>
			</div>
				
				
				
				
			</div><div class="et_pb_with_border et_pb_row_inner et_pb_row_inner_27 et_pb_gutters2">
				<div class="et_pb_column et_pb_column_4_4 et_pb_column_inner et_pb_column_inner_31 et-last-child">
				
				
				
				
				<div class="et_pb_module et_pb_blurb et_pb_blurb_23  et_pb_text_align_left  et_pb_blurb_position_left et_pb_bg_layout_light">
				
				
				
				
				<div class="et_pb_blurb_content">
					<div class="et_pb_main_blurb_image"><span class="et_pb_image_wrap"><span class="et-waypoint et_pb_animation_off et_pb_animation_off_tablet et_pb_animation_off_phone et-pb-icon"></span></span></div>
					<div class="et_pb_blurb_container">
						<h4 class="et_pb_module_header"><span>Service Area Zip Codes</span></h4>
						
					</div>
				</div>
			</div><div class="et_pb_module et_pb_text et_pb_text_23  et_pb_text_align_left et_pb_bg_layout_light">
				
				
				
				
				
			</div>
			</div>
				
				
				
				
			</div>
			</div><div class="et_pb_column et_pb_column_1_3 et_pb_column_3    et_pb_css_mix_blend_mode_passthrough">
				
				
				
				
				
			<div id="et_pb_contact_form_1" class="et_pb_module et_pb_contact_form_1 fp-form et_pb_sticky_module et_pb_contact_form_container clearfix" data-form_unique_num="1" data-form_unique_id="7fa857a1-fb96-4d2d-974b-a8b0dd388753">
				
				
				
				
				<h1 class="et_pb_contact_main_title">Contact Eagle Legal Group, Albany, NY</h1>
				<div class="et-pb-contact-message"></div>
				
				<div class="et_pb_contact">
					<form class="et_pb_contact_form clearfix" method="post" action="/practice/real-estate/feed/">
						<p class="et_pb_contact_field et_pb_contact_field_5 et_pb_contact_field_last" data-id="name" data-type="input">
				
				
				
				
				<label for="et_pb_contact_name_1" class="et_pb_contact_form_label">Name</label>
				<input type="text" id="et_pb_contact_name_1" class="input" value="" name="et_pb_contact_name_1" data-required_mark="required" data-field_type="input" data-original_id="name" placeholder="Name">
			</p><p class="et_pb_contact_field et_pb_contact_field_6 et_pb_contact_field_last" data-id="email" data-type="email">
				
				
				
				
				<label for="et_pb_contact_email_1" class="et_pb_contact_form_label">Email Address</label>
				<input type="text" id="et_pb_contact_email_1" class="input" value="" name="et_pb_contact_email_1" data-required_mark="required" data-field_type="email" data-original_id="email" placeholder="Email Address">
			</p><p class="et_pb_contact_field et_pb_contact_field_7 et_pb_contact_field_half" data-id="phone" data-type="input">
				
				
				
				
				<label for="et_pb_contact_phone_1" class="et_pb_contact_form_label">Phone Number</label>
				<input type="text" id="et_pb_contact_phone_1" class="input" value="" name="et_pb_contact_phone_1" data-required_mark="required" data-field_type="input" data-original_id="phone" placeholder="Phone Number">
			</p><p class="et_pb_contact_field et_pb_contact_field_8 et_pb_contact_field_half et_pb_contact_field_last" data-id="zipcode" data-type="input">
				
				
				
				
				<label for="et_pb_contact_zipcode_1" class="et_pb_contact_form_label">Zip Code</label>
				<input type="text" id="et_pb_contact_zipcode_1" class="input" value="" name="et_pb_contact_zipcode_1" data-required_mark="required" data-field_type="input" data-original_id="zipcode" placeholder="Zip Code">
			</p><p class="et_pb_contact_field et_pb_contact_field_9 et_pb_contact_field_last" data-id="message" data-type="text">
				
				
				
				
				<label for="et_pb_contact_message_1" class="et_pb_contact_form_label">Message</label>
				<textarea name="et_pb_contact_message_1" id="et_pb_contact_message_1" class="et_pb_contact_message input" data-required_mark="required" data-field_type="text" data-original_id="message" placeholder="Message"></textarea>
			</p>
						<input type="hidden" value="et_contact_proccess" name="et_pb_contactform_submit_1"/>
						<div class="et_contact_bottom_container">
							
			<div class="et_pb_contact_right">
				<p class="clearfix">
					<span class="et_pb_contact_captcha_question">11 + 13</span> = <input type="text" size="2" class="input et_pb_contact_captcha" data-first_digit="11" data-second_digit="13" value="" name="et_pb_contact_captcha_1" data-required_mark="required" autocomplete="off">
				</p>
			</div>
							<button type="submit" name="et_builder_submit_button" class="et_pb_contact_submit et_pb_button" data-icon="&#xf1d8;">Submit</button>
						</div>
						<input type="hidden" id="_wpnonce-et-pb-contact-form-submitted-1" name="_wpnonce-et-pb-contact-form-submitted-1" value="3d1e3175bb" /><input type="hidden" name="_wp_http_referer" value="/practice/real-estate/feed/?simply_static_page=185" />
					</form>
				</div>
			</div>
			
			</div>
				</div>
				
			</div><div class="et_pb_section et_pb_section_2 et_pb_with_background et_section_specialty" >
				
				
				
				
				
				<div class="et_pb_row et_pb_gutters2">
				<div class="et_pb_column et_pb_column_2_3 et_pb_column_4   et_pb_specialty_column  et_pb_css_mix_blend_mode_passthrough">
				
				
				
				
				<div class="et_pb_with_border et_pb_row_inner et_pb_row_inner_28 et_pb_gutters2">
				<div class="et_pb_column et_pb_column_4_4 et_pb_column_inner et_pb_column_inner_32 et-last-child">
				
				
				
				
				<div class="et_pb_module et_pb_blurb et_pb_blurb_24  et_pb_text_align_left  et_pb_blurb_position_left et_pb_bg_layout_light">
				
				
				
				
				<div class="et_pb_blurb_content">
					<div class="et_pb_main_blurb_image"><span class="et_pb_image_wrap"><span class="et-waypoint et_pb_animation_off et_pb_animation_off_tablet et_pb_animation_off_phone et-pb-icon"></span></span></div>
					<div class="et_pb_blurb_container">
						<h4 class="et_pb_module_header"><span>About</span></h4>
						
					</div>
				</div>
			</div><div class="et_pb_module et_pb_text et_pb_text_24  et_pb_text_align_left et_pb_bg_layout_light">
				
				
				
				
				<div class="et_pb_text_inner"><p>Located in the bustling financial district of New York, NY, Hamilton &amp; Reed Legal Solutions has established itself as a leading law firm in the realms of Business Law and Intellectual Property.</p></div>
			</div>
			</div>
				
				
				
				
			</div><div class="et_pb_row_inner et_pb_row_inner_29 et_pb_equal_columns et_pb_gutters2">
				<div class="et_pb_column et_pb_column_1_3 et_pb_column_inner et_pb_column_inner_33">
				
				
				
				
				<div class="et_pb_module et_pb_text et_pb_text_25  et_pb_text_align_left et_pb_bg_layout_light">
				
				
				
				
				<div class="et_pb_text_inner"><h2>Lawyer Rating:</h2></div>
			</div><ul class="et_pb_module et_pb_counters et_pb_counters_2 et-waypoint et_pb_bg_layout_light">
				<li class="et_pb_counter et_pb_counter_8">
				<span class="et_pb_counter_title">Legal Knowledge</span>
				<span class="et_pb_counter_container">
					
					
					
					
					<span class="et_pb_counter_amount" style="" data-width="100%"><span class="et_pb_counter_amount_number"><span class="et_pb_counter_amount_number_inner">100%</span></span></span>
					<span class="et_pb_counter_amount overlay" style="" data-width="100%"><span class="et_pb_counter_amount_number"><span class="et_pb_counter_amount_number_inner">100%</span></span></span>
				</span>
			</li><li class="et_pb_counter et_pb_counter_9">
				<span class="et_pb_counter_title">Legal Analysis</span>
				<span class="et_pb_counter_container">
					
					
					
					
					<span class="et_pb_counter_amount" style="" data-width="95%"><span class="et_pb_counter_amount_number"><span class="et_pb_counter_amount_number_inner">95%</span></span></span>
					<span class="et_pb_counter_amount overlay" style="" data-width="95%"><span class="et_pb_counter_amount_number"><span class="et_pb_counter_amount_number_inner">95%</span></span></span>
				</span>
			</li><li class="et_pb_counter et_pb_counter_10">
				<span class="et_pb_counter_title">Communication</span>
				<span class="et_pb_counter_container">
					
					
					
					
					<span class="et_pb_counter_amount" style="" data-width="95%"><span class="et_pb_counter_amount_number"><span class="et_pb_counter_amount_number_inner">95%</span></span></span>
					<span class="et_pb_counter_amount overlay" style="" data-width="95%"><span class="et_pb_counter_amount_number"><span class="et_pb_counter_amount_number_inner">95%</span></span></span>
				</span>
			</li><li class="et_pb_counter et_pb_counter_11">
				<span class="et_pb_counter_title">Professionalism</span>
				<span class="et_pb_counter_container">
					
					
					
					
					<span class="et_pb_counter_amount" style="" data-width="100%"><span class="et_pb_counter_amount_number"><span class="et_pb_counter_amount_number_inner">100%</span></span></span>
					<span class="et_pb_counter_amount overlay" style="" data-width="100%"><span class="et_pb_counter_amount_number"><span class="et_pb_counter_amount_number_inner">100%</span></span></span>
				</span>
			</li>
			</ul>
			</div><div class="et_pb_column et_pb_column_1_3 et_pb_column_inner et_pb_column_inner_34 et-last-child">
				
				
				
				
				<div class="et_pb_module et_pb_text et_pb_text_26  et_pb_text_align_left et_pb_bg_layout_light">
				
				
				
				
				<div class="et_pb_text_inner"><h2>Our Score:</h2></div>
			</div><div class="et_pb_module et_pb_blurb et_pb_blurb_25  et_pb_text_align_center  et_pb_blurb_position_top et_pb_bg_layout_light">
				
				
				
				
				<div class="et_pb_blurb_content">
					<div class="et_pb_main_blurb_image"><span class="et_pb_image_wrap"><span class="et-waypoint et_pb_animation_off et_pb_animation_off_tablet et_pb_animation_off_phone et-pb-icon"></span></span></div>
					<div class="et_pb_blurb_container">
						<h4 class="et_pb_module_header"><span>/5</span></h4>
						<div class="et_pb_blurb_description"><p>Outstanding!</p></div>
					</div>
				</div>
			</div>
			</div>
				
				
				
				
			</div><div class="et_pb_with_border et_pb_row_inner et_pb_row_inner_30 et_pb_gutters2">
				<div class="et_pb_column et_pb_column_4_4 et_pb_column_inner et_pb_column_inner_35 et-last-child">
				
				
				
				
				<div class="et_pb_module et_pb_blurb et_pb_blurb_26  et_pb_text_align_left  et_pb_blurb_position_left et_pb_bg_layout_light">
				
				
				
				
				<div class="et_pb_blurb_content">
					<div class="et_pb_main_blurb_image"><span class="et_pb_image_wrap"><span class="et-waypoint et_pb_animation_off et_pb_animation_off_tablet et_pb_animation_off_phone et-pb-icon"></span></span></div>
					<div class="et_pb_blurb_container">
						<h4 class="et_pb_module_header"><span>Law Firm Information</span></h4>
						
					</div>
				</div>
			</div><div class="et_pb_module et_pb_text et_pb_text_27  et_pb_text_align_left et_pb_bg_layout_light">
				
				
				
				
				<div class="et_pb_text_inner">Our firm is dedicated to supporting businesses and entrepreneurs with expert legal advice and innovative solutions.</p>
<p>Our Business Law division offers a full spectrum of services including corporate formation, mergers and acquisitions, commercial contracts, and dispute resolution. We understand the complexities of the business world and provide legal strategies that align with our clients&#8217; commercial objectives.</p>
<p>In the field of Intellectual Property, we specialize in protecting the creative and innovative assets of businesses and individuals. Our services cover patent and trademark filing, licensing agreements, copyright law, and intellectual property litigation. We are committed to safeguarding our clients&#8217; intellectual endeavors and ensuring their ideas remain protected in a competitive marketplace.</p>
<p>At Hamilton &#038; Reed Legal Solutions, we pride ourselves on our forward-thinking approach and our ability to adapt to the evolving legal landscape. Our team of attorneys combines legal proficiency with a deep understanding of business and technology, making us uniquely positioned to address the legal needs of modern businesses and innovators.</div>
			</div>
			</div>
				
				
				
				
			</div><div class="et_pb_with_border et_pb_row_inner et_pb_row_inner_31 et_pb_gutters2">
				<div class="et_pb_column et_pb_column_4_4 et_pb_column_inner et_pb_column_inner_36 et-last-child">
				
				
				
				
				<div class="et_pb_module et_pb_blurb et_pb_blurb_27  et_pb_text_align_left  et_pb_blurb_position_left et_pb_bg_layout_light">
				
				
				
				
				<div class="et_pb_blurb_content">
					<div class="et_pb_main_blurb_image"><span class="et_pb_image_wrap"><span class="et-waypoint et_pb_animation_off et_pb_animation_off_tablet et_pb_animation_off_phone et-pb-icon"></span></span></div>
					<div class="et_pb_blurb_container">
						<h4 class="et_pb_module_header"><span>Practice Areas</span></h4>
						
					</div>
				</div>
			</div><div class="et_pb_module et_pb_text et_pb_text_28  et_pb_text_align_left et_pb_bg_layout_light">
				
				
				
				
				<div class="et_pb_text_inner"><p><strong>&#8211; Corporate Law</strong>: Mergers and Acquisitions, Corporate Governance, Intellectual Property Management, Commercial Contracts, Corporate Restructuring.</p>
<p><strong>&#8211; Business Law</strong>: Business Formation, Employment Law, Venture Capital, Regulatory Compliance, Risk Management.</p>
<p><strong>&#8211; Intellectual Property Law</strong>: Trademark and Patent Prosecution, Licensing Agreements, IP Litigation, Trade Secret Protection, Copyright Law.</p>
<p><strong>&#8211; Commercial Litigation</strong>: Contract Disputes, Business Torts, Shareholder Disagreements, Antitrust Law, Securities Litigation.</p>
<p><strong>&#8211; International Business Transactions</strong>: Cross-Border M&amp;A, Trade Agreements, Foreign Investment, International Law Compliance, Export Controls.</p></div>
			</div>
			</div>
				
				
				
				
			</div><div class="et_pb_with_border et_pb_row_inner et_pb_row_inner_32">
				<div class="et_pb_column et_pb_column_4_4 et_pb_column_inner et_pb_column_inner_37 et-last-child">
				
				
				
				
				<div class="et_pb_module et_pb_blurb et_pb_blurb_28  et_pb_text_align_left  et_pb_blurb_position_left et_pb_bg_layout_light">
				
				
				
				
				<div class="et_pb_blurb_content">
					<div class="et_pb_main_blurb_image"><span class="et_pb_image_wrap"><span class="et-waypoint et_pb_animation_off et_pb_animation_off_tablet et_pb_animation_off_phone et-pb-icon"></span></span></div>
					<div class="et_pb_blurb_container">
						<h4 class="et_pb_module_header"><span>Legal Challenges We Can Help with</span></h4>
						
					</div>
				</div>
			</div><div class="et_pb_module et_pb_text et_pb_text_29  et_pb_text_align_left et_pb_bg_layout_light">
				
				
				
				
				<div class="et_pb_text_inner">Divorce, Child Custody Disputes, DUI/DWI Defense, Drug Possession Charges, White-Collar Criminal Defense, Business Formation and Dissolution, Intellectual Property Rights, IRS Audit Representation, Chapter 7 Bankruptcy Filing, Debt Collection Lawsuits, Estate Planning, Property Division in Divorce, Adoption Legalities, Alimony and Spousal Support, Employment Discrimination Cases, Corporate Litigation, Tax Evasion Defense, Fraudulent Transactions, Real Estate Disputes, Landlord-Tenant Conflicts.</div>
			</div>
			</div>
				
				
				
				
			</div><div class="et_pb_with_border et_pb_row_inner et_pb_row_inner_33 et_pb_gutters2">
				<div class="et_pb_column et_pb_column_4_4 et_pb_column_inner et_pb_column_inner_38 et-last-child">
				
				
				
				
				<div class="et_pb_module et_pb_blurb et_pb_blurb_29  et_pb_text_align_left  et_pb_blurb_position_left et_pb_bg_layout_light">
				
				
				
				
				<div class="et_pb_blurb_content">
					<div class="et_pb_main_blurb_image"><span class="et_pb_image_wrap"><span class="et-waypoint et_pb_animation_off et_pb_animation_off_tablet et_pb_animation_off_phone et-pb-icon"></span></span></div>
					<div class="et_pb_blurb_container">
						<h4 class="et_pb_module_header"><span>Fees</span></h4>
						
					</div>
				</div>
			</div><div class="et_pb_module et_pb_text et_pb_text_30  et_pb_text_align_left et_pb_bg_layout_light">
				
				
				
				
				<div class="et_pb_text_inner">&#8211; Free Consultation<br />
&#8211; Credit Card Accepted</div>
			</div>
			</div>
				
				
				
				
			</div><div class="et_pb_with_border et_pb_row_inner et_pb_row_inner_34 et_pb_gutters2">
				<div class="et_pb_column et_pb_column_4_4 et_pb_column_inner et_pb_column_inner_39 et-last-child">
				
				
				
				
				<div class="et_pb_module et_pb_blurb et_pb_blurb_30  et_pb_text_align_left  et_pb_blurb_position_left et_pb_bg_layout_light">
				
				
				
				
				<div class="et_pb_blurb_content">
					<div class="et_pb_main_blurb_image"><span class="et_pb_image_wrap"><span class="et-waypoint et_pb_animation_off et_pb_animation_off_tablet et_pb_animation_off_phone et-pb-icon"></span></span></div>
					<div class="et_pb_blurb_container">
						<h4 class="et_pb_module_header"><span>Languages</span></h4>
						
					</div>
				</div>
			</div><div class="et_pb_module et_pb_text et_pb_text_31  et_pb_text_align_left et_pb_bg_layout_light">
				
				
				
				
				<div class="et_pb_text_inner"><p><strong>&#8211; English:</strong> Spoken, Written<br /><strong>&#8211; Spanish:</strong> Spoken, Written</p></div>
			</div>
			</div>
				
				
				
				
			</div><div class="et_pb_with_border et_pb_row_inner et_pb_row_inner_35 et_pb_gutters2">
				<div class="et_pb_column et_pb_column_4_4 et_pb_column_inner et_pb_column_inner_40 et-last-child">
				
				
				
				
				<div class="et_pb_module et_pb_blurb et_pb_blurb_31  et_pb_text_align_left  et_pb_blurb_position_left et_pb_bg_layout_light">
				
				
				
				
				<div class="et_pb_blurb_content">
					<div class="et_pb_main_blurb_image"><span class="et_pb_image_wrap"><span class="et-waypoint et_pb_animation_off et_pb_animation_off_tablet et_pb_animation_off_phone et-pb-icon"></span></span></div>
					<div class="et_pb_blurb_container">
						<h4 class="et_pb_module_header"><span>Key Attorneys</span></h4>
						
					</div>
				</div>
			</div><div class="et_pb_module et_pb_text et_pb_text_32  et_pb_text_align_left et_pb_bg_layout_light">
				
				
				
				
				<div class="et_pb_text_inner"><p><strong>&#8211; David Hamilton, Co-Founder &amp; Business Law Expert</strong>: With over 25 years in business law, David is renowned for his strategic counsel and expertise in complex corporate transactions.</p>
<p><strong>&#8211; Steve Reed, Co-Founder &amp; Intellectual Property Attorney</strong>: A respected figure in intellectual property law, Elaine has 20 years of experience in protecting clients&#8217; innovations and creative works.</p></div>
			</div>
			</div>
				
				
				
				
			</div><div class="et_pb_with_border et_pb_row_inner et_pb_row_inner_36 et_pb_gutters2">
				<div class="et_pb_column et_pb_column_4_4 et_pb_column_inner et_pb_column_inner_41 et-last-child">
				
				
				
				
				<div class="et_pb_module et_pb_blurb et_pb_blurb_32  et_pb_text_align_left  et_pb_blurb_position_left et_pb_bg_layout_light">
				
				
				
				
				<div class="et_pb_blurb_content">
					<div class="et_pb_main_blurb_image"><span class="et_pb_image_wrap"><span class="et-waypoint et_pb_animation_off et_pb_animation_off_tablet et_pb_animation_off_phone et-pb-icon"></span></span></div>
					<div class="et_pb_blurb_container">
						<h4 class="et_pb_module_header"><span>Awards</span></h4>
						
					</div>
				</div>
			</div><div class="et_pb_module et_pb_text et_pb_text_33  et_pb_text_align_left et_pb_bg_layout_light">
				
				
				
				
				<div class="et_pb_text_inner"><p><strong>&#8211; &#8220;Top Corporate Lawyer of the Year&#8221;, National Legal Excellence Awards:</strong> Recognized for outstanding achievements in corporate law and significant contributions to the legal community.</p></div>
			</div>
			</div>
				
				
				
				
			</div><div class="et_pb_with_border et_pb_row_inner et_pb_row_inner_37 et_pb_gutters2">
				<div class="et_pb_column et_pb_column_4_4 et_pb_column_inner et_pb_column_inner_42 et-last-child">
				
				
				
				
				<div class="et_pb_module et_pb_blurb et_pb_blurb_33  et_pb_text_align_left  et_pb_blurb_position_left et_pb_bg_layout_light">
				
				
				
				
				<div class="et_pb_blurb_content">
					<div class="et_pb_main_blurb_image"><span class="et_pb_image_wrap"><span class="et-waypoint et_pb_animation_off et_pb_animation_off_tablet et_pb_animation_off_phone et-pb-icon"></span></span></div>
					<div class="et_pb_blurb_container">
						<h4 class="et_pb_module_header"><span>Contact & Map</span></h4>
						
					</div>
				</div>
			</div><div class="et_pb_module et_pb_code et_pb_code_2">
				
				
				
				
				<div class="et_pb_code_inner"><iframe src="https://www.google.com/maps/embed?pb=!1m18!1m12!1m3!1d13440.698180320984!2d-73.97259940816106!3d40.67800787934546!2m3!1f0!2f0!3f0!3m2!1i1024!2i768!4f13.1!3m3!1m2!1s0x89c24fa5d33f083b%3A0xc80b8f06e177fe62!2zVGjDoG5oIHBo4buRIE5ldyBZb3JrLCBUaeG7g3UgYmFuZyBOZXcgWW9yaywgSG9hIEvhu7M!5e0!3m2!1svi!2s!4v1706278255276!5m2!1svi!2s" width="980" height="450" style="border:0; border-radius:10px;" allowfullscreen="" loading="lazy" referrerpolicy="no-referrer-when-downgrade"></iframe></div>
			</div>
			</div>
				
				
				
				
			</div><div class="et_pb_row_inner et_pb_row_inner_38 et_pb_gutters2">
				<div class="et_pb_column et_pb_column_1_3 et_pb_column_inner et_pb_column_inner_43">
				
				
				
				
				<div class="et_pb_module et_pb_text et_pb_text_34  et_pb_text_align_left et_pb_bg_layout_light">
				
				
				
				
				<div class="et_pb_text_inner"><p><b>Hamilton &amp; Reed Legal Solutions</b><br />123 Legal Avenue, Suite 400<br />New York, NY 10017<br />+1 (888) 888-8888</p></div>
			</div>
			</div><div class="et_pb_column et_pb_column_1_3 et_pb_column_inner et_pb_column_inner_44 et-last-child">
				
				
				
				
				<div class="et_pb_module difl_businesshours difl_businesshours_2">
				
				
				
				
				
				
				<div class="et_pb_module_inner">
					<div class="df_bh_container">
                    <div class="df_bh_wrapper">
                        
                        <div class="et_pb_module difl_businesshoursitem difl_businesshoursitem_14">
				
				
				
				
				
				
				<div class="et_pb_module_inner">
					<div class="df_bh_item">
                        <div class="df_bh_day">Monday</div>
                        <div class="df_bh_time">  <span class="df_bh_start_time">7 a.m</span>   <span class="df_bh_time_separetor">-</span>   <span class="df_bh_end_time">7 p.m</span>   </div>
                    </div>
				</div>
			</div><div class="et_pb_module difl_businesshoursitem difl_businesshoursitem_15">
				
				
				
				
				
				
				<div class="et_pb_module_inner">
					<div class="df_bh_item">
                        <div class="df_bh_day">Tuesday</div>
                        <div class="df_bh_time">  <span class="df_bh_start_time">7 a.m</span>   <span class="df_bh_time_separetor">-</span>   <span class="df_bh_end_time">7 p.m</span>   </div>
                    </div>
				</div>
			</div><div class="et_pb_module difl_businesshoursitem difl_businesshoursitem_16">
				
				
				
				
				
				
				<div class="et_pb_module_inner">
					<div class="df_bh_item">
                        <div class="df_bh_day">Wednesday</div>
                        <div class="df_bh_time">  <span class="df_bh_start_time">7 a.m</span>   <span class="df_bh_time_separetor">-</span>   <span class="df_bh_end_time">7 p.m</span>   </div>
                    </div>
				</div>
			</div><div class="et_pb_module difl_businesshoursitem difl_businesshoursitem_17">
				
				
				
				
				
				
				<div class="et_pb_module_inner">
					<div class="df_bh_item">
                        <div class="df_bh_day">Thursday</div>
                        <div class="df_bh_time">  <span class="df_bh_start_time">7 a.m</span>   <span class="df_bh_time_separetor">-</span>   <span class="df_bh_end_time">7 p.m</span>   </div>
                    </div>
				</div>
			</div><div class="et_pb_module difl_businesshoursitem difl_businesshoursitem_18">
				
				
				
				
				
				
				<div class="et_pb_module_inner">
					<div class="df_bh_item">
                        <div class="df_bh_day">Friday</div>
                        <div class="df_bh_time">  <span class="df_bh_start_time">7 a.m</span>   <span class="df_bh_time_separetor">-</span>   <span class="df_bh_end_time">7 p.m</span>   </div>
                    </div>
				</div>
			</div><div class="et_pb_module difl_businesshoursitem difl_businesshoursitem_19">
				
				
				
				
				
				
				<div class="et_pb_module_inner">
					<div class="df_bh_item">
                        <div class="df_bh_day">Saturday</div>
                        <div class="df_bh_time">  <span class="df_bh_start_time">7 a.m</span>   <span class="df_bh_time_separetor">-</span>   <span class="df_bh_end_time">7 p.m</span>   </div>
                    </div>
				</div>
			</div><div class="et_pb_module difl_businesshoursitem difl_businesshoursitem_20">
				
				
				
				
				
				
				<div class="et_pb_module_inner">
					<div class="df_bh_item">
                        <div class="df_bh_day">Sunday</div>
                        <div class="df_bh_time">  <span class="df_bh_start_time">7 a.m</span>   <span class="df_bh_time_separetor"> - </span>   <span class="df_bh_end_time">7 p.m</span>   </div>
                    </div>
				</div>
			</div> 
                    </div>
                </div>
				</div>
			</div>
			</div>
				
				
				
				
			</div><div class="et_pb_with_border et_pb_row_inner et_pb_row_inner_39 et_pb_gutters2">
				<div class="et_pb_column et_pb_column_4_4 et_pb_column_inner et_pb_column_inner_45 et-last-child">
				
				
				
				
				<div class="et_pb_module et_pb_blurb et_pb_blurb_34  et_pb_text_align_left  et_pb_blurb_position_left et_pb_bg_layout_light">
				
				
				
				
				<div class="et_pb_blurb_content">
					<div class="et_pb_main_blurb_image"><span class="et_pb_image_wrap"><span class="et-waypoint et_pb_animation_off et_pb_animation_off_tablet et_pb_animation_off_phone et-pb-icon"></span></span></div>
					<div class="et_pb_blurb_container">
						<h4 class="et_pb_module_header"><span>Social Media</span></h4>
						
					</div>
				</div>
			</div>
			</div>
				
				
				
				
			</div><div class="et_pb_with_border et_pb_row_inner et_pb_row_inner_40 et_pb_gutters2">
				<div class="et_pb_column et_pb_column_4_4 et_pb_column_inner et_pb_column_inner_46 et-last-child">
				
				
				
				
				<ul class="et_pb_module et_pb_social_media_follow et_pb_social_media_follow_2 clearfix  et_pb_bg_layout_light">
				
				
				
				
				<li
            class='et_pb_social_media_follow_network_8 et_pb_social_icon et_pb_social_network_link  et-social-facebook'><a
              href='#'
              class='icon et_pb_with_border'
              title='Follow on Facebook'
               target="_blank"><span
                class='et_pb_social_media_follow_network_name'
                aria-hidden='true'
                >Follow</span></a></li><li
            class='et_pb_social_media_follow_network_9 et_pb_social_icon et_pb_social_network_link  et-social-linkedin'><a
              href='#'
              class='icon et_pb_with_border'
              title='Follow on LinkedIn'
               target="_blank"><span
                class='et_pb_social_media_follow_network_name'
                aria-hidden='true'
                >Follow</span></a></li><li
            class='et_pb_social_media_follow_network_10 et_pb_social_icon et_pb_social_network_link  et-social-twitter'><a
              href='#'
              class='icon et_pb_with_border'
              title='Follow on X'
               target="_blank"><span
                class='et_pb_social_media_follow_network_name'
                aria-hidden='true'
                >Follow</span></a></li><li
            class='et_pb_social_media_follow_network_11 et_pb_social_icon et_pb_social_network_link  et-social-youtube'><a
              href='#'
              class='icon et_pb_with_border'
              title='Follow on Youtube'
               target="_blank"><span
                class='et_pb_social_media_follow_network_name'
                aria-hidden='true'
                >Follow</span></a></li>
			</ul>
			</div>
				
				
				
				
			</div><div class="et_pb_with_border et_pb_row_inner et_pb_row_inner_41 et_pb_gutters2">
				<div class="et_pb_column et_pb_column_4_4 et_pb_column_inner et_pb_column_inner_47 et-last-child">
				
				
				
				
				<div class="et_pb_module et_pb_blurb et_pb_blurb_35  et_pb_text_align_left  et_pb_blurb_position_left et_pb_bg_layout_light">
				
				
				
				
				<div class="et_pb_blurb_content">
					<div class="et_pb_main_blurb_image"><span class="et_pb_image_wrap"><span class="et-waypoint et_pb_animation_off et_pb_animation_off_tablet et_pb_animation_off_phone et-pb-icon"></span></span></div>
					<div class="et_pb_blurb_container">
						<h4 class="et_pb_module_header"><span>Service Area Zip Codes</span></h4>
						
					</div>
				</div>
			</div><div class="et_pb_module et_pb_text et_pb_text_35  et_pb_text_align_left et_pb_bg_layout_light">
				
				
				
				
				
			</div>
			</div>
				
				
				
				
			</div>
			</div><div class="et_pb_column et_pb_column_1_3 et_pb_column_5    et_pb_css_mix_blend_mode_passthrough">
				
				
				
				
				
			<div id="et_pb_contact_form_2" class="et_pb_module et_pb_contact_form_2 fp-form et_pb_sticky_module et_pb_contact_form_container clearfix" data-form_unique_num="2" data-form_unique_id="7fa857a1-fb96-4d2d-974b-a8b0dd388753">
				
				
				
				
				<h1 class="et_pb_contact_main_title">Contact Eagle Legal Group, Albany, NY</h1>
				<div class="et-pb-contact-message"></div>
				
				<div class="et_pb_contact">
					<form class="et_pb_contact_form clearfix" method="post" action="/practice/real-estate/feed/">
						<p class="et_pb_contact_field et_pb_contact_field_10 et_pb_contact_field_last" data-id="name" data-type="input">
				
				
				
				
				<label for="et_pb_contact_name_2" class="et_pb_contact_form_label">Name</label>
				<input type="text" id="et_pb_contact_name_2" class="input" value="" name="et_pb_contact_name_2" data-required_mark="required" data-field_type="input" data-original_id="name" placeholder="Name">
			</p><p class="et_pb_contact_field et_pb_contact_field_11 et_pb_contact_field_last" data-id="email" data-type="email">
				
				
				
				
				<label for="et_pb_contact_email_2" class="et_pb_contact_form_label">Email Address</label>
				<input type="text" id="et_pb_contact_email_2" class="input" value="" name="et_pb_contact_email_2" data-required_mark="required" data-field_type="email" data-original_id="email" placeholder="Email Address">
			</p><p class="et_pb_contact_field et_pb_contact_field_12 et_pb_contact_field_half" data-id="phone" data-type="input">
				
				
				
				
				<label for="et_pb_contact_phone_2" class="et_pb_contact_form_label">Phone Number</label>
				<input type="text" id="et_pb_contact_phone_2" class="input" value="" name="et_pb_contact_phone_2" data-required_mark="required" data-field_type="input" data-original_id="phone" placeholder="Phone Number">
			</p><p class="et_pb_contact_field et_pb_contact_field_13 et_pb_contact_field_half et_pb_contact_field_last" data-id="zipcode" data-type="input">
				
				
				
				
				<label for="et_pb_contact_zipcode_2" class="et_pb_contact_form_label">Zip Code</label>
				<input type="text" id="et_pb_contact_zipcode_2" class="input" value="" name="et_pb_contact_zipcode_2" data-required_mark="required" data-field_type="input" data-original_id="zipcode" placeholder="Zip Code">
			</p><p class="et_pb_contact_field et_pb_contact_field_14 et_pb_contact_field_last" data-id="message" data-type="text">
				
				
				
				
				<label for="et_pb_contact_message_2" class="et_pb_contact_form_label">Message</label>
				<textarea name="et_pb_contact_message_2" id="et_pb_contact_message_2" class="et_pb_contact_message input" data-required_mark="required" data-field_type="text" data-original_id="message" placeholder="Message"></textarea>
			</p>
						<input type="hidden" value="et_contact_proccess" name="et_pb_contactform_submit_2"/>
						<div class="et_contact_bottom_container">
							
			<div class="et_pb_contact_right">
				<p class="clearfix">
					<span class="et_pb_contact_captcha_question">7 + 1</span> = <input type="text" size="2" class="input et_pb_contact_captcha" data-first_digit="7" data-second_digit="1" value="" name="et_pb_contact_captcha_2" data-required_mark="required" autocomplete="off">
				</p>
			</div>
							<button type="submit" name="et_builder_submit_button" class="et_pb_contact_submit et_pb_button" data-icon="&#xf1d8;">Submit</button>
						</div>
						<input type="hidden" id="_wpnonce-et-pb-contact-form-submitted-2" name="_wpnonce-et-pb-contact-form-submitted-2" value="3d1e3175bb" /><input type="hidden" name="_wp_http_referer" value="/practice/real-estate/feed/?simply_static_page=185" />
					</form>
				</div>
			</div>
			
			</div>
				</div>
				
			</div></p>
]]></content:encoded>
					
		
		
			</item>
	</channel>
</rss>
