<?xml version="1.0" encoding="UTF-8"?><rss version="2.0"
	xmlns:content="http://purl.org/rss/1.0/modules/content/"
	xmlns:wfw="http://wellformedweb.org/CommentAPI/"
	xmlns:dc="http://purl.org/dc/elements/1.1/"
	xmlns:atom="http://www.w3.org/2005/Atom"
	xmlns:sy="http://purl.org/rss/1.0/modules/syndication/"
	xmlns:slash="http://purl.org/rss/1.0/modules/slash/"
	>

<channel>
	<title>General | Attorney Directory</title>
	<atom:link href="/practice/general/feed/" rel="self" type="application/rss+xml" />
	<link>/</link>
	<description></description>
	<lastBuildDate>Mon, 29 Jan 2024 09:17:20 +0000</lastBuildDate>
	<language>en-US</language>
	<sy:updatePeriod>
	hourly	</sy:updatePeriod>
	<sy:updateFrequency>
	1	</sy:updateFrequency>
	<generator>https://wordpress.org/?v=6.5.5</generator>
	<item>
		<title>Harper &#038; Associates, Rochester, NY</title>
		<link>/profile/harper-associates-rochester-ny/</link>
		
		<dc:creator><![CDATA[directoryadmin]]></dc:creator>
		<pubDate>Sat, 27 Jan 2024 05:29:24 +0000</pubDate>
				<guid isPermaLink="false">https://localmarketingsuites.com/demo/directory/?post_type=profile&#038;p=277406</guid>

					<description><![CDATA[]]></description>
										<content:encoded><![CDATA[
<div class="et_pb_section et_pb_section_0 et_section_regular" >
				
				
				
				
				
				
				<div class="et_pb_with_border et_pb_row et_pb_row_0">
				<div class="et_pb_column et_pb_column_4_4 et_pb_column_0  et_pb_css_mix_blend_mode_passthrough et-last-child">
				
				
				
				
				<div class="et_pb_module et_pb_blurb et_pb_blurb_0  et_pb_text_align_left  et_pb_blurb_position_left et_pb_bg_layout_light">
				
				
				
				
				<div class="et_pb_blurb_content">
					<div class="et_pb_main_blurb_image"><span class="et_pb_image_wrap"><span class="et-waypoint et_pb_animation_off et_pb_animation_off_tablet et_pb_animation_off_phone et-pb-icon"></span></span></div>
					<div class="et_pb_blurb_container">
						<h4 class="et_pb_module_header"><span>About</span></h4>
						
					</div>
				</div>
			</div><div class="et_pb_module et_pb_text et_pb_text_0  et_pb_text_align_left et_pb_bg_layout_light">
				
				
				
				
				<div class="et_pb_text_inner">Harper &#038; Associates, Rochester NY: Your go-to legal experts for a range of legal services. We&#8217;re committed to delivering justice and unparalleled client service in Rochester.</div>
			</div>
			</div>
				
				
				
				
			</div><div class="et_pb_row et_pb_row_1 et_pb_equal_columns et_pb_gutters2">
				<div class="et_pb_column et_pb_column_1_2 et_pb_column_1  et_pb_css_mix_blend_mode_passthrough">
				
				
				
				
				<div class="et_pb_module et_pb_text et_pb_text_1  et_pb_text_align_left et_pb_bg_layout_light">
				
				
				
				
				<div class="et_pb_text_inner"><h2>Lawyer Rating:</h2></div>
			</div><ul class="et_pb_module et_pb_counters et_pb_counters_0 et-waypoint et_pb_bg_layout_light">
				<li class="et_pb_counter et_pb_counter_0">
				<span class="et_pb_counter_title">Legal Knowledge</span>
				<span class="et_pb_counter_container">
					
					
					
					
					<span class="et_pb_counter_amount" style="" data-width="100%"><span class="et_pb_counter_amount_number"><span class="et_pb_counter_amount_number_inner">100%</span></span></span>
					<span class="et_pb_counter_amount overlay" style="" data-width="100%"><span class="et_pb_counter_amount_number"><span class="et_pb_counter_amount_number_inner">100%</span></span></span>
				</span>
			</li><li class="et_pb_counter et_pb_counter_1">
				<span class="et_pb_counter_title">Legal Analysis</span>
				<span class="et_pb_counter_container">
					
					
					
					
					<span class="et_pb_counter_amount" style="" data-width="95%"><span class="et_pb_counter_amount_number"><span class="et_pb_counter_amount_number_inner">95%</span></span></span>
					<span class="et_pb_counter_amount overlay" style="" data-width="95%"><span class="et_pb_counter_amount_number"><span class="et_pb_counter_amount_number_inner">95%</span></span></span>
				</span>
			</li><li class="et_pb_counter et_pb_counter_2">
				<span class="et_pb_counter_title">Communication</span>
				<span class="et_pb_counter_container">
					
					
					
					
					<span class="et_pb_counter_amount" style="" data-width="95%"><span class="et_pb_counter_amount_number"><span class="et_pb_counter_amount_number_inner">95%</span></span></span>
					<span class="et_pb_counter_amount overlay" style="" data-width="95%"><span class="et_pb_counter_amount_number"><span class="et_pb_counter_amount_number_inner">95%</span></span></span>
				</span>
			</li><li class="et_pb_counter et_pb_counter_3">
				<span class="et_pb_counter_title">Professionalism</span>
				<span class="et_pb_counter_container">
					
					
					
					
					<span class="et_pb_counter_amount" style="" data-width="100%"><span class="et_pb_counter_amount_number"><span class="et_pb_counter_amount_number_inner">100%</span></span></span>
					<span class="et_pb_counter_amount overlay" style="" data-width="100%"><span class="et_pb_counter_amount_number"><span class="et_pb_counter_amount_number_inner">100%</span></span></span>
				</span>
			</li>
			</ul>
			</div><div class="et_pb_column et_pb_column_1_2 et_pb_column_2  et_pb_css_mix_blend_mode_passthrough et-last-child">
				
				
				
				
				<div class="et_pb_module et_pb_text et_pb_text_2  et_pb_text_align_left et_pb_bg_layout_light">
				
				
				
				
				<div class="et_pb_text_inner"><h2>Our Score:</h2></div>
			</div><div class="et_pb_module et_pb_blurb et_pb_blurb_1  et_pb_text_align_center  et_pb_blurb_position_top et_pb_bg_layout_light">
				
				
				
				
				<div class="et_pb_blurb_content">
					<div class="et_pb_main_blurb_image"><span class="et_pb_image_wrap"><span class="et-waypoint et_pb_animation_off et_pb_animation_off_tablet et_pb_animation_off_phone et-pb-icon"></span></span></div>
					<div class="et_pb_blurb_container">
						<h4 class="et_pb_module_header"><span>/5</span></h4>
						<div class="et_pb_blurb_description"><p>Outstanding!</p></div>
					</div>
				</div>
			</div>
			</div>
				
				
				
				
			</div><div class="et_pb_with_border et_pb_row et_pb_row_2">
				<div class="et_pb_column et_pb_column_4_4 et_pb_column_3  et_pb_css_mix_blend_mode_passthrough et-last-child">
				
				
				
				
				<div class="et_pb_module et_pb_blurb et_pb_blurb_2  et_pb_text_align_left  et_pb_blurb_position_left et_pb_bg_layout_light">
				
				
				
				
				<div class="et_pb_blurb_content">
					<div class="et_pb_main_blurb_image"><span class="et_pb_image_wrap"><span class="et-waypoint et_pb_animation_off et_pb_animation_off_tablet et_pb_animation_off_phone et-pb-icon"></span></span></div>
					<div class="et_pb_blurb_container">
						<h4 class="et_pb_module_header"><span>Law Firm Information</span></h4>
						
					</div>
				</div>
			</div><div class="et_pb_module et_pb_text et_pb_text_3  et_pb_text_align_left et_pb_bg_layout_light">
				
				
				
				
				<div class="et_pb_text_inner">Harper &#038; Associates, based in Rochester, NY, is a law firm that prides itself on its ability to handle a diverse range of legal matters with efficiency and professionalism. Our team of experienced attorneys brings a wealth of knowledge and expertise to each case, ensuring our clients receive the highest standard of legal service. We understand that facing legal issues can be challenging, and we&#8217;re here to provide clear guidance and robust representation. Our commitment extends beyond the courtroom, as we strive to be active members of the Rochester community, contributing to its growth and well-being.</div>
			</div>
			</div>
				
				
				
				
			</div><div class="et_pb_with_border et_pb_row et_pb_row_3">
				<div class="et_pb_column et_pb_column_4_4 et_pb_column_4  et_pb_css_mix_blend_mode_passthrough et-last-child">
				
				
				
				
				<div class="et_pb_module et_pb_blurb et_pb_blurb_3  et_pb_text_align_left  et_pb_blurb_position_left et_pb_bg_layout_light">
				
				
				
				
				<div class="et_pb_blurb_content">
					<div class="et_pb_main_blurb_image"><span class="et_pb_image_wrap"><span class="et-waypoint et_pb_animation_off et_pb_animation_off_tablet et_pb_animation_off_phone et-pb-icon"></span></span></div>
					<div class="et_pb_blurb_container">
						<h4 class="et_pb_module_header"><span>Practice Areas</span></h4>
						
					</div>
				</div>
			</div><div class="et_pb_module et_pb_text et_pb_text_4  et_pb_text_align_left et_pb_bg_layout_light">
				
				
				
				
				<div class="et_pb_text_inner"><p><strong>&#8211; Family Law</strong>: Divorce Proceedings, Child Custody Battles, Alimony, Adoption, Domestic Violence Cases.</p>
<p><strong>&#8211; Criminal Law</strong>: DUI/DWI Charges, Drug Offenses, Assault Cases, Theft and Fraud, White-Collar Crime.</p>
<p><strong>&#8211; Corporate Law</strong>: Business Formation, Mergers and Acquisitions, Corporate Governance, Intellectual Property Disputes, Contract Drafting and Negotiation.</p>
<p><strong>&#8211; Tax Law</strong>: Tax Dispute Resolution, IRS Audits, Tax Planning for Businesses, Estate Tax Issues, Tax Fraud Defense.</p>
<p><strong>&#8211; Bankruptcy Law</strong>: Chapter 7 and Chapter 13 Bankruptcy, Debt Restructuring, Creditors&#8217; Rights, Business Insolvency.</p></div>
			</div>
			</div>
				
				
				
				
			</div><div class="et_pb_with_border et_pb_row et_pb_row_4">
				<div class="et_pb_column et_pb_column_4_4 et_pb_column_5  et_pb_css_mix_blend_mode_passthrough et-last-child">
				
				
				
				
				<div class="et_pb_module et_pb_blurb et_pb_blurb_4  et_pb_text_align_left  et_pb_blurb_position_left et_pb_bg_layout_light">
				
				
				
				
				<div class="et_pb_blurb_content">
					<div class="et_pb_main_blurb_image"><span class="et_pb_image_wrap"><span class="et-waypoint et_pb_animation_off et_pb_animation_off_tablet et_pb_animation_off_phone et-pb-icon"></span></span></div>
					<div class="et_pb_blurb_container">
						<h4 class="et_pb_module_header"><span>Legal Challenges We Can Help with</span></h4>
						
					</div>
				</div>
			</div><div class="et_pb_module et_pb_text et_pb_text_5  et_pb_text_align_left et_pb_bg_layout_light">
				
				
				
				
				<div class="et_pb_text_inner">Divorce, Child Custody Disputes, DUI/DWI Defense, Drug Possession Charges, White-Collar Criminal Defense, Business Formation and Dissolution, Intellectual Property Rights, IRS Audit Representation, Chapter 7 Bankruptcy Filing, Debt Collection Lawsuits, Estate Planning, Property Division in Divorce, Adoption Legalities, Alimony and Spousal Support, Employment Discrimination Cases, Corporate Litigation, Tax Evasion Defense, Fraudulent Transactions, Real Estate Disputes, Landlord-Tenant Conflicts.</div>
			</div>
			</div>
				
				
				
				
			</div><div class="et_pb_with_border et_pb_row et_pb_row_5">
				<div class="et_pb_column et_pb_column_4_4 et_pb_column_6  et_pb_css_mix_blend_mode_passthrough et-last-child">
				
				
				
				
				<div class="et_pb_module et_pb_blurb et_pb_blurb_5  et_pb_text_align_left  et_pb_blurb_position_left et_pb_bg_layout_light">
				
				
				
				
				<div class="et_pb_blurb_content">
					<div class="et_pb_main_blurb_image"><span class="et_pb_image_wrap"><span class="et-waypoint et_pb_animation_off et_pb_animation_off_tablet et_pb_animation_off_phone et-pb-icon"></span></span></div>
					<div class="et_pb_blurb_container">
						<h4 class="et_pb_module_header"><span>Fees</span></h4>
						
					</div>
				</div>
			</div><div class="et_pb_module et_pb_text et_pb_text_6  et_pb_text_align_left et_pb_bg_layout_light">
				
				
				
				
				<div class="et_pb_text_inner">&#8211; Free Consultation
&#8211; Credit Card Accepted</div>
			</div>
			</div>
				
				
				
				
			</div><div class="et_pb_with_border et_pb_row et_pb_row_6">
				<div class="et_pb_column et_pb_column_4_4 et_pb_column_7  et_pb_css_mix_blend_mode_passthrough et-last-child">
				
				
				
				
				<div class="et_pb_module et_pb_blurb et_pb_blurb_6  et_pb_text_align_left  et_pb_blurb_position_left et_pb_bg_layout_light">
				
				
				
				
				<div class="et_pb_blurb_content">
					<div class="et_pb_main_blurb_image"><span class="et_pb_image_wrap"><span class="et-waypoint et_pb_animation_off et_pb_animation_off_tablet et_pb_animation_off_phone et-pb-icon"></span></span></div>
					<div class="et_pb_blurb_container">
						<h4 class="et_pb_module_header"><span>Languages</span></h4>
						
					</div>
				</div>
			</div><div class="et_pb_module et_pb_text et_pb_text_7  et_pb_text_align_left et_pb_bg_layout_light">
				
				
				
				
				<div class="et_pb_text_inner"><p><strong>&#8211; English</strong><br /><strong>&#8211; Spanish</strong></p></div>
			</div>
			</div>
				
				
				
				
			</div><div class="et_pb_with_border et_pb_row et_pb_row_7">
				<div class="et_pb_column et_pb_column_4_4 et_pb_column_8  et_pb_css_mix_blend_mode_passthrough et-last-child">
				
				
				
				
				<div class="et_pb_module et_pb_blurb et_pb_blurb_7  et_pb_text_align_left  et_pb_blurb_position_left et_pb_bg_layout_light">
				
				
				
				
				<div class="et_pb_blurb_content">
					<div class="et_pb_main_blurb_image"><span class="et_pb_image_wrap"><span class="et-waypoint et_pb_animation_off et_pb_animation_off_tablet et_pb_animation_off_phone et-pb-icon"></span></span></div>
					<div class="et_pb_blurb_container">
						<h4 class="et_pb_module_header"><span>Key Team</span></h4>
						
					</div>
				</div>
			</div><div class="et_pb_module et_pb_text et_pb_text_8  et_pb_text_align_left et_pb_bg_layout_light">
				
				
				
				
				<div class="et_pb_text_inner"><p><strong>&#8211; Elizabeth Martinez, Founding Partner</strong>: Expert in estate planning with 25 years of experience, providing compassionate and detailed guidance.</p>
<p><strong>&#8211; James Lee, Litigation Attorney</strong>: A strong presence in the courtroom with 15 years in commercial litigation, known for his strategic and assertive approach.</p>
<p><strong>&#8211; Anna Chen, Immigration Lawyer</strong>: With 10 years of experience, Anna specializes in complex immigration cases, offering hope and solutions to her clients.</p></div>
			</div>
			</div>
				
				
				
				
			</div><div class="et_pb_with_border et_pb_row et_pb_row_8">
				<div class="et_pb_column et_pb_column_4_4 et_pb_column_9  et_pb_css_mix_blend_mode_passthrough et-last-child">
				
				
				
				
				<div class="et_pb_module et_pb_blurb et_pb_blurb_8  et_pb_text_align_left  et_pb_blurb_position_left et_pb_bg_layout_light">
				
				
				
				
				<div class="et_pb_blurb_content">
					<div class="et_pb_main_blurb_image"><span class="et_pb_image_wrap"><span class="et-waypoint et_pb_animation_off et_pb_animation_off_tablet et_pb_animation_off_phone et-pb-icon"></span></span></div>
					<div class="et_pb_blurb_container">
						<h4 class="et_pb_module_header"><span>Awards</span></h4>
						
					</div>
				</div>
			</div><div class="et_pb_module et_pb_text et_pb_text_9  et_pb_text_align_left et_pb_bg_layout_light">
				
				
				
				
				<div class="et_pb_text_inner"><p>&#8211; <strong>&#8220;Best Law Firm in Brooklyn&#8221;</strong> &#8211; Brooklyn Legal Awards 2023</p>
<p>&#8211; <strong>&#8220;Top 10 Criminal Defense Attorneys&#8221;</strong> &#8211; NY Legal Circle 2022</p>
<p>&#8211; <strong>&#8220;Community Service Award&#8221;</strong> &#8211; Brooklyn Bar Association</p></div>
			</div>
			</div>
				
				
				
				
			</div><div class="et_pb_with_border et_pb_row et_pb_row_9">
				<div class="et_pb_column et_pb_column_4_4 et_pb_column_10  et_pb_css_mix_blend_mode_passthrough et-last-child">
				
				
				
				
				<div class="et_pb_module et_pb_blurb et_pb_blurb_9  et_pb_text_align_left  et_pb_blurb_position_left et_pb_bg_layout_light">
				
				
				
				
				<div class="et_pb_blurb_content">
					<div class="et_pb_main_blurb_image"><span class="et_pb_image_wrap"><span class="et-waypoint et_pb_animation_off et_pb_animation_off_tablet et_pb_animation_off_phone et-pb-icon"></span></span></div>
					<div class="et_pb_blurb_container">
						<h4 class="et_pb_module_header"><span>Contact & Map</span></h4>
						
					</div>
				</div>
			</div><div class="et_pb_module et_pb_code et_pb_code_0">
				
				
				
				
				<div class="et_pb_code_inner"><iframe src="https://www.google.com/maps/embed?pb=!1m18!1m12!1m3!1d13440.698180320984!2d-73.97259940816106!3d40.67800787934546!2m3!1f0!2f0!3f0!3m2!1i1024!2i768!4f13.1!3m3!1m2!1s0x89c24fa5d33f083b%3A0xc80b8f06e177fe62!2zVGjDoG5oIHBo4buRIE5ldyBZb3JrLCBUaeG7g3UgYmFuZyBOZXcgWW9yaywgSG9hIEvhu7M!5e0!3m2!1svi!2s!4v1706278255276!5m2!1svi!2s" width="980" height="450" style="border:0; border-radius:10px;" allowfullscreen="" loading="lazy" referrerpolicy="no-referrer-when-downgrade"></iframe></div>
			</div>
			</div>
				
				
				
				
			</div><div class="et_pb_row et_pb_row_10">
				<div class="et_pb_column et_pb_column_1_2 et_pb_column_11  et_pb_css_mix_blend_mode_passthrough">
				
				
				
				
				<div class="et_pb_module et_pb_text et_pb_text_10  et_pb_text_align_left et_pb_bg_layout_light">
				
				
				
				
				<div class="et_pb_text_inner"><p><strong>Harper Associates Rochester</strong><br /><span>456 Court Street, <br /></span><span>Suite 300 Rochester, <br />NY 14607</span></p></div>
			</div>
			</div><div class="et_pb_column et_pb_column_1_2 et_pb_column_12  et_pb_css_mix_blend_mode_passthrough et-last-child">
				
				
				
				
				<div class="et_pb_module difl_businesshours difl_businesshours_0">
				
				
				
				
				
				
				<div class="et_pb_module_inner">
					<div class="df_bh_container">
                    <div class="df_bh_wrapper">
                        
                        <div class="et_pb_module difl_businesshoursitem difl_businesshoursitem_0">
				
				
				
				
				
				
				<div class="et_pb_module_inner">
					<div class="df_bh_item">
                        <div class="df_bh_day">Monday</div>
                        <div class="df_bh_time">  <span class="df_bh_start_time">7 a.m</span>   <span class="df_bh_time_separetor">-</span>   <span class="df_bh_end_time">7 p.m</span>   </div>
                    </div>
				</div>
			</div><div class="et_pb_module difl_businesshoursitem difl_businesshoursitem_1">
				
				
				
				
				
				
				<div class="et_pb_module_inner">
					<div class="df_bh_item">
                        <div class="df_bh_day">Tuesday</div>
                        <div class="df_bh_time">  <span class="df_bh_start_time">7 a.m</span>   <span class="df_bh_time_separetor">-</span>   <span class="df_bh_end_time">7 p.m</span>   </div>
                    </div>
				</div>
			</div><div class="et_pb_module difl_businesshoursitem difl_businesshoursitem_2">
				
				
				
				
				
				
				<div class="et_pb_module_inner">
					<div class="df_bh_item">
                        <div class="df_bh_day">Wednesday</div>
                        <div class="df_bh_time">  <span class="df_bh_start_time">7 a.m</span>   <span class="df_bh_time_separetor">-</span>   <span class="df_bh_end_time">7 p.m</span>   </div>
                    </div>
				</div>
			</div><div class="et_pb_module difl_businesshoursitem difl_businesshoursitem_3">
				
				
				
				
				
				
				<div class="et_pb_module_inner">
					<div class="df_bh_item">
                        <div class="df_bh_day">Thursday</div>
                        <div class="df_bh_time">  <span class="df_bh_start_time">7 a.m</span>   <span class="df_bh_time_separetor">-</span>   <span class="df_bh_end_time">7 p.m</span>   </div>
                    </div>
				</div>
			</div><div class="et_pb_module difl_businesshoursitem difl_businesshoursitem_4">
				
				
				
				
				
				
				<div class="et_pb_module_inner">
					<div class="df_bh_item">
                        <div class="df_bh_day">Friday</div>
                        <div class="df_bh_time">  <span class="df_bh_start_time">7 a.m</span>   <span class="df_bh_time_separetor">-</span>   <span class="df_bh_end_time">7 p.m</span>   </div>
                    </div>
				</div>
			</div><div class="et_pb_module difl_businesshoursitem difl_businesshoursitem_5">
				
				
				
				
				
				
				<div class="et_pb_module_inner">
					<div class="df_bh_item">
                        <div class="df_bh_day">Saturday</div>
                        <div class="df_bh_time">  <span class="df_bh_start_time">7 a.m</span>   <span class="df_bh_time_separetor">-</span>   <span class="df_bh_end_time">7 p.m</span>   </div>
                    </div>
				</div>
			</div><div class="et_pb_module difl_businesshoursitem difl_businesshoursitem_6">
				
				
				
				
				
				
				<div class="et_pb_module_inner">
					<div class="df_bh_item">
                        <div class="df_bh_day">Sunday</div>
                        <div class="df_bh_time">  <span class="df_bh_start_time">7 a.m</span>   <span class="df_bh_time_separetor"> - </span>   <span class="df_bh_end_time">7 p.m</span>   </div>
                    </div>
				</div>
			</div> 
                    </div>
                </div>
				</div>
			</div>
			</div>
				
				
				
				
			</div><div class="et_pb_with_border et_pb_row et_pb_row_11">
				<div class="et_pb_column et_pb_column_4_4 et_pb_column_13  et_pb_css_mix_blend_mode_passthrough et-last-child">
				
				
				
				
				<div class="et_pb_module et_pb_blurb et_pb_blurb_10  et_pb_text_align_left  et_pb_blurb_position_left et_pb_bg_layout_light">
				
				
				
				
				<div class="et_pb_blurb_content">
					<div class="et_pb_main_blurb_image"><span class="et_pb_image_wrap"><span class="et-waypoint et_pb_animation_off et_pb_animation_off_tablet et_pb_animation_off_phone et-pb-icon"></span></span></div>
					<div class="et_pb_blurb_container">
						<h4 class="et_pb_module_header"><span>Social Media</span></h4>
						
					</div>
				</div>
			</div>
			</div>
				
				
				
				
			</div><div class="et_pb_with_border et_pb_row et_pb_row_12">
				<div class="et_pb_column et_pb_column_4_4 et_pb_column_14  et_pb_css_mix_blend_mode_passthrough et-last-child">
				
				
				
				
				<ul class="et_pb_module et_pb_social_media_follow et_pb_social_media_follow_0 clearfix  et_pb_bg_layout_light">
				
				
				
				
				<li
            class='et_pb_social_media_follow_network_0 et_pb_social_icon et_pb_social_network_link  et-social-facebook'><a
              href='#'
              class='icon et_pb_with_border'
              title='Follow on Facebook'
               target="_blank"><span
                class='et_pb_social_media_follow_network_name'
                aria-hidden='true'
                >Follow</span></a></li><li
            class='et_pb_social_media_follow_network_1 et_pb_social_icon et_pb_social_network_link  et-social-linkedin'><a
              href='#'
              class='icon et_pb_with_border'
              title='Follow on LinkedIn'
               target="_blank"><span
                class='et_pb_social_media_follow_network_name'
                aria-hidden='true'
                >Follow</span></a></li><li
            class='et_pb_social_media_follow_network_2 et_pb_social_icon et_pb_social_network_link  et-social-twitter'><a
              href='#'
              class='icon et_pb_with_border'
              title='Follow on X'
               target="_blank"><span
                class='et_pb_social_media_follow_network_name'
                aria-hidden='true'
                >Follow</span></a></li><li
            class='et_pb_social_media_follow_network_3 et_pb_social_icon et_pb_social_network_link  et-social-youtube'><a
              href='#'
              class='icon et_pb_with_border'
              title='Follow on Youtube'
               target="_blank"><span
                class='et_pb_social_media_follow_network_name'
                aria-hidden='true'
                >Follow</span></a></li>
			</ul>
			</div>
				
				
				
				
			</div><div class="et_pb_with_border et_pb_row et_pb_row_13">
				<div class="et_pb_column et_pb_column_4_4 et_pb_column_15  et_pb_css_mix_blend_mode_passthrough et-last-child">
				
				
				
				
				<div class="et_pb_module et_pb_blurb et_pb_blurb_11  et_pb_text_align_left  et_pb_blurb_position_left et_pb_bg_layout_light">
				
				
				
				
				<div class="et_pb_blurb_content">
					<div class="et_pb_main_blurb_image"><span class="et_pb_image_wrap"><span class="et-waypoint et_pb_animation_off et_pb_animation_off_tablet et_pb_animation_off_phone et-pb-icon"></span></span></div>
					<div class="et_pb_blurb_container">
						<h4 class="et_pb_module_header"><span>Service Area Zip Codes</span></h4>
						
					</div>
				</div>
			</div><div class="et_pb_module et_pb_text et_pb_text_11  et_pb_text_align_left et_pb_bg_layout_light">
				
				
				
				
				
			</div>
			</div>
				
				
				
				
			</div>
				
				
			</div>
]]></content:encoded>
					
		
		
			</item>
		<item>
		<title>David Smith &#8211; Corporate Attorney</title>
		<link>/profile/david-smith/</link>
		
		<dc:creator><![CDATA[directoryadmin]]></dc:creator>
		<pubDate>Thu, 25 Jan 2024 01:38:07 +0000</pubDate>
				<guid isPermaLink="false">https://localmarketingsuites.com/demo/directory/?post_type=profile&#038;p=274645</guid>

					<description><![CDATA[]]></description>
										<content:encoded><![CDATA[<p><div class="et_pb_section et_pb_section_1 et_section_regular" >
				
				
				
				
				
				
				<div class="et_pb_with_border et_pb_row et_pb_row_14">
				<div class="et_pb_column et_pb_column_4_4 et_pb_column_16  et_pb_css_mix_blend_mode_passthrough et-last-child">
				
				
				
				
				<div class="et_pb_module et_pb_blurb et_pb_blurb_12  et_pb_text_align_left  et_pb_blurb_position_left et_pb_bg_layout_light">
				
				
				
				
				<div class="et_pb_blurb_content">
					<div class="et_pb_main_blurb_image"><span class="et_pb_image_wrap"><span class="et-waypoint et_pb_animation_off et_pb_animation_off_tablet et_pb_animation_off_phone et-pb-icon"></span></span></div>
					<div class="et_pb_blurb_container">
						<h4 class="et_pb_module_header"><span>About</span></h4>
						
					</div>
				</div>
			</div><div class="et_pb_module et_pb_text et_pb_text_12  et_pb_text_align_left et_pb_bg_layout_light">
				
				
				
				
				<div class="et_pb_text_inner">David Smith, a leading attorney at Smith &#038; Associates in New York, NY. With over 20 years of experience, he is renowned for his strategic approach and dedication to client success.</div>
			</div>
			</div>
				
				
				
				
			</div><div class="et_pb_row et_pb_row_15 et_pb_equal_columns et_pb_gutters2">
				<div class="et_pb_column et_pb_column_1_2 et_pb_column_17  et_pb_css_mix_blend_mode_passthrough">
				
				
				
				
				<div class="et_pb_module et_pb_text et_pb_text_13  et_pb_text_align_left et_pb_bg_layout_light">
				
				
				
				
				<div class="et_pb_text_inner"><h2>Lawyer Rating:</h2></div>
			</div><ul class="et_pb_module et_pb_counters et_pb_counters_1 et-waypoint et_pb_bg_layout_light">
				<li class="et_pb_counter et_pb_counter_4">
				<span class="et_pb_counter_title">Legal Knowledge</span>
				<span class="et_pb_counter_container">
					
					
					
					
					<span class="et_pb_counter_amount" style="" data-width="100%"><span class="et_pb_counter_amount_number"><span class="et_pb_counter_amount_number_inner">100%</span></span></span>
					<span class="et_pb_counter_amount overlay" style="" data-width="100%"><span class="et_pb_counter_amount_number"><span class="et_pb_counter_amount_number_inner">100%</span></span></span>
				</span>
			</li><li class="et_pb_counter et_pb_counter_5">
				<span class="et_pb_counter_title">Legal Analysis</span>
				<span class="et_pb_counter_container">
					
					
					
					
					<span class="et_pb_counter_amount" style="" data-width="95%"><span class="et_pb_counter_amount_number"><span class="et_pb_counter_amount_number_inner">95%</span></span></span>
					<span class="et_pb_counter_amount overlay" style="" data-width="95%"><span class="et_pb_counter_amount_number"><span class="et_pb_counter_amount_number_inner">95%</span></span></span>
				</span>
			</li><li class="et_pb_counter et_pb_counter_6">
				<span class="et_pb_counter_title">Communication</span>
				<span class="et_pb_counter_container">
					
					
					
					
					<span class="et_pb_counter_amount" style="" data-width="95%"><span class="et_pb_counter_amount_number"><span class="et_pb_counter_amount_number_inner">95%</span></span></span>
					<span class="et_pb_counter_amount overlay" style="" data-width="95%"><span class="et_pb_counter_amount_number"><span class="et_pb_counter_amount_number_inner">95%</span></span></span>
				</span>
			</li><li class="et_pb_counter et_pb_counter_7">
				<span class="et_pb_counter_title">Professionalism</span>
				<span class="et_pb_counter_container">
					
					
					
					
					<span class="et_pb_counter_amount" style="" data-width="100%"><span class="et_pb_counter_amount_number"><span class="et_pb_counter_amount_number_inner">100%</span></span></span>
					<span class="et_pb_counter_amount overlay" style="" data-width="100%"><span class="et_pb_counter_amount_number"><span class="et_pb_counter_amount_number_inner">100%</span></span></span>
				</span>
			</li>
			</ul>
			</div><div class="et_pb_column et_pb_column_1_2 et_pb_column_18  et_pb_css_mix_blend_mode_passthrough et-last-child">
				
				
				
				
				<div class="et_pb_module et_pb_text et_pb_text_14  et_pb_text_align_left et_pb_bg_layout_light">
				
				
				
				
				<div class="et_pb_text_inner"><h2>Our Score:</h2></div>
			</div><div class="et_pb_module et_pb_blurb et_pb_blurb_13  et_pb_text_align_center  et_pb_blurb_position_top et_pb_bg_layout_light">
				
				
				
				
				<div class="et_pb_blurb_content">
					<div class="et_pb_main_blurb_image"><span class="et_pb_image_wrap"><span class="et-waypoint et_pb_animation_off et_pb_animation_off_tablet et_pb_animation_off_phone et-pb-icon"></span></span></div>
					<div class="et_pb_blurb_container">
						<h4 class="et_pb_module_header"><span>/5</span></h4>
						<div class="et_pb_blurb_description"><p>Outstanding!</p></div>
					</div>
				</div>
			</div>
			</div>
				
				
				
				
			</div><div class="et_pb_with_border et_pb_row et_pb_row_16">
				<div class="et_pb_column et_pb_column_4_4 et_pb_column_19  et_pb_css_mix_blend_mode_passthrough et-last-child">
				
				
				
				
				<div class="et_pb_module et_pb_blurb et_pb_blurb_14  et_pb_text_align_left  et_pb_blurb_position_left et_pb_bg_layout_light">
				
				
				
				
				<div class="et_pb_blurb_content">
					<div class="et_pb_main_blurb_image"><span class="et_pb_image_wrap"><span class="et-waypoint et_pb_animation_off et_pb_animation_off_tablet et_pb_animation_off_phone et-pb-icon"></span></span></div>
					<div class="et_pb_blurb_container">
						<h4 class="et_pb_module_header"><span>Biography</span></h4>
						
					</div>
				</div>
			</div><div class="et_pb_module et_pb_text et_pb_text_15  et_pb_text_align_left et_pb_bg_layout_light">
				
				
				
				
				<div class="et_pb_text_inner">David Smith stands as a distinguished attorney and senior partner at Smith &#038; Associates, renowned for his expertise in corporate law and his unwavering commitment to client advocacy. With over 20 years of experience, David has become a respected figure in the legal community, known for his strategic approach and profound understanding of complex legal landscapes.</p>
<p>After graduating with honors from Harvard Law School, David embarked on his legal career, quickly establishing himself as a formidable force in corporate litigation. His prowess in navigating intricate legal issues has led to numerous high-profile victories, earning him a reputation as a trusted advisor in the corporate sector.</p>
<p>David&#8217;s areas of specialization include mergers and acquisitions, corporate governance, and intellectual property law. His keen insight into business law has been instrumental in guiding corporations through significant transitions and legal challenges. David&#8217;s approach is not just about providing legal solutions but also about understanding the business objectives of his clients, ensuring that legal strategies align with their broader goals.</p>
<p>Apart from his legal practice, David is a passionate advocate for continuing legal education. He frequently lectures at law schools and legal symposiums, sharing his knowledge and experiences with the next generation of lawyers. He has also authored several articles on corporate law, contributing to esteemed legal journals.</p>
<p>In recognition of his contributions to the legal field, David has received numerous awards and accolades. He has been consistently ranked among the top corporate lawyers by various legal directories and has been featured in national publications for his expert opinions on high-stakes legal matters.</p>
<p>At Smith &#038; Associates, David leads a team of dedicated professionals, fostering an environment of excellence and integrity. His leadership style is characterized by mentorship and collaboration, inspiring his team to strive for the highest standards in legal service.</p>
<p>David is deeply committed to his community, serving on the board of several non-profit organizations. He believes in using his legal expertise to make a positive impact, advocating for social justice and community development.</p>
<p>As a seasoned attorney with a rich career marked by success and leadership, David Smith continues to be a driving force in the legal industry, setting benchmarks for excellence and professionalism.</div>
			</div>
			</div>
				
				
				
				
			</div><div class="et_pb_with_border et_pb_row et_pb_row_17">
				<div class="et_pb_column et_pb_column_4_4 et_pb_column_20  et_pb_css_mix_blend_mode_passthrough et-last-child">
				
				
				
				
				<div class="et_pb_module et_pb_blurb et_pb_blurb_15  et_pb_text_align_left  et_pb_blurb_position_left et_pb_bg_layout_light">
				
				
				
				
				<div class="et_pb_blurb_content">
					<div class="et_pb_main_blurb_image"><span class="et_pb_image_wrap"><span class="et-waypoint et_pb_animation_off et_pb_animation_off_tablet et_pb_animation_off_phone et-pb-icon"></span></span></div>
					<div class="et_pb_blurb_container">
						<h4 class="et_pb_module_header"><span>Practice Areas</span></h4>
						
					</div>
				</div>
			</div><div class="et_pb_module et_pb_text et_pb_text_16  et_pb_text_align_left et_pb_bg_layout_light">
				
				
				
				
				<div class="et_pb_text_inner"><p><strong>&#8211; Corporate Law</strong>: Mergers and Acquisitions, Corporate Governance, Intellectual Property Management, Commercial Contracts, Corporate Restructuring.</p>
<p><strong>&#8211; Business Law</strong>: Business Formation, Employment Law, Venture Capital, Regulatory Compliance, Risk Management.</p>
<p><strong>&#8211; Intellectual Property Law</strong>: Trademark and Patent Prosecution, Licensing Agreements, IP Litigation, Trade Secret Protection, Copyright Law.</p>
<p><strong>&#8211; Commercial Litigation</strong>: Contract Disputes, Business Torts, Shareholder Disagreements, Antitrust Law, Securities Litigation.</p>
<p><strong>&#8211; International Business Transactions</strong>: Cross-Border M&amp;A, Trade Agreements, Foreign Investment, International Law Compliance, Export Controls.</p></div>
			</div>
			</div>
				
				
				
				
			</div><div class="et_pb_with_border et_pb_row et_pb_row_18">
				<div class="et_pb_column et_pb_column_4_4 et_pb_column_21  et_pb_css_mix_blend_mode_passthrough et-last-child">
				
				
				
				
				<div class="et_pb_module et_pb_blurb et_pb_blurb_16  et_pb_text_align_left  et_pb_blurb_position_left et_pb_bg_layout_light">
				
				
				
				
				<div class="et_pb_blurb_content">
					<div class="et_pb_main_blurb_image"><span class="et_pb_image_wrap"><span class="et-waypoint et_pb_animation_off et_pb_animation_off_tablet et_pb_animation_off_phone et-pb-icon"></span></span></div>
					<div class="et_pb_blurb_container">
						<h4 class="et_pb_module_header"><span>Fees</span></h4>
						
					</div>
				</div>
			</div><div class="et_pb_module et_pb_text et_pb_text_17  et_pb_text_align_left et_pb_bg_layout_light">
				
				
				
				
				<div class="et_pb_text_inner">&#8211; Free Consultation<br />
&#8211; Credit Card Accepted</div>
			</div>
			</div>
				
				
				
				
			</div><div class="et_pb_with_border et_pb_row et_pb_row_19">
				<div class="et_pb_column et_pb_column_4_4 et_pb_column_22  et_pb_css_mix_blend_mode_passthrough et-last-child">
				
				
				
				
				<div class="et_pb_module et_pb_blurb et_pb_blurb_17  et_pb_text_align_left  et_pb_blurb_position_left et_pb_bg_layout_light">
				
				
				
				
				<div class="et_pb_blurb_content">
					<div class="et_pb_main_blurb_image"><span class="et_pb_image_wrap"><span class="et-waypoint et_pb_animation_off et_pb_animation_off_tablet et_pb_animation_off_phone et-pb-icon"></span></span></div>
					<div class="et_pb_blurb_container">
						<h4 class="et_pb_module_header"><span>Languages</span></h4>
						
					</div>
				</div>
			</div><div class="et_pb_module et_pb_text et_pb_text_18  et_pb_text_align_left et_pb_bg_layout_light">
				
				
				
				
				<div class="et_pb_text_inner"><p><strong>&#8211; English:</strong> Spoken, Written<br /><strong>&#8211; Spanish:</strong> Spoken, Written</p></div>
			</div>
			</div>
				
				
				
				
			</div><div class="et_pb_with_border et_pb_row et_pb_row_20">
				<div class="et_pb_column et_pb_column_4_4 et_pb_column_23  et_pb_css_mix_blend_mode_passthrough et-last-child">
				
				
				
				
				<div class="et_pb_module et_pb_blurb et_pb_blurb_18  et_pb_text_align_left  et_pb_blurb_position_left et_pb_bg_layout_light">
				
				
				
				
				<div class="et_pb_blurb_content">
					<div class="et_pb_main_blurb_image"><span class="et_pb_image_wrap"><span class="et-waypoint et_pb_animation_off et_pb_animation_off_tablet et_pb_animation_off_phone et-pb-icon"></span></span></div>
					<div class="et_pb_blurb_container">
						<h4 class="et_pb_module_header"><span>Professional Experience</span></h4>
						
					</div>
				</div>
			</div><div class="et_pb_module et_pb_text et_pb_text_19  et_pb_text_align_left et_pb_bg_layout_light">
				
				
				
				
				<div class="et_pb_text_inner"><p><strong>&#8211; Senior Partner, Smith &amp; Associates</strong>: Leading Corporate Law Division, Strategic Client Consultation, Team Management, High-Profile Case Leadership.</p>
<p><strong>&#8211; Corporate Litigation Attorney, Global Law Firm</strong>: Complex Litigation Management, Multinational Client Representation, Legal Strategy Development.</p>
<p><strong>&#8211; Associate Attorney, Business Law Group</strong>: M&amp;A Negotiation and Execution, Contract Drafting and Review, Client Advising on Business Legal Matters.</p>
<p><strong>&#8211; Legal Clerk, Federal Court</strong>: Judicial Support, Legal Research, Case Brief Preparation, Courtroom Procedure Assistance.</p>
<p><strong>&#8211; Legal Intern, IP Law Firm</strong>: Intellectual Property Case Assistance, Patent and Trademark Research, Document Drafting and Organization.</p></div>
			</div>
			</div>
				
				
				
				
			</div><div class="et_pb_with_border et_pb_row et_pb_row_21">
				<div class="et_pb_column et_pb_column_4_4 et_pb_column_24  et_pb_css_mix_blend_mode_passthrough et-last-child">
				
				
				
				
				<div class="et_pb_module et_pb_blurb et_pb_blurb_19  et_pb_text_align_left  et_pb_blurb_position_left et_pb_bg_layout_light">
				
				
				
				
				<div class="et_pb_blurb_content">
					<div class="et_pb_main_blurb_image"><span class="et_pb_image_wrap"><span class="et-waypoint et_pb_animation_off et_pb_animation_off_tablet et_pb_animation_off_phone et-pb-icon"></span></span></div>
					<div class="et_pb_blurb_container">
						<h4 class="et_pb_module_header"><span>Education</span></h4>
						
					</div>
				</div>
			</div><div class="et_pb_module et_pb_text et_pb_text_20  et_pb_text_align_left et_pb_bg_layout_light">
				
				
				
				
				<div class="et_pb_text_inner"><p><strong>&#8211; J.D., Harvard Law School</strong>: Specialization in Corporate Law, Magna Cum Laude, Harvard Law Review Editor.</p>
<p><strong>&#8211; B.A. in Political Science, Stanford University</strong>: Honors Program, Focus on International Relations and Economics.</p>
<p><strong>&#8211; Study Abroad Program, University of Oxford</strong>: Concentration in International Law and Global Governance.</p>
<p><strong>&#8211; Continuing Legal Education</strong>: Ongoing courses in Intellectual Property, Business Ethics, and International Business Law.</p></div>
			</div>
			</div>
				
				
				
				
			</div><div class="et_pb_with_border et_pb_row et_pb_row_22">
				<div class="et_pb_column et_pb_column_4_4 et_pb_column_25  et_pb_css_mix_blend_mode_passthrough et-last-child">
				
				
				
				
				<div class="et_pb_module et_pb_blurb et_pb_blurb_20  et_pb_text_align_left  et_pb_blurb_position_left et_pb_bg_layout_light">
				
				
				
				
				<div class="et_pb_blurb_content">
					<div class="et_pb_main_blurb_image"><span class="et_pb_image_wrap"><span class="et-waypoint et_pb_animation_off et_pb_animation_off_tablet et_pb_animation_off_phone et-pb-icon"></span></span></div>
					<div class="et_pb_blurb_container">
						<h4 class="et_pb_module_header"><span>Awards</span></h4>
						
					</div>
				</div>
			</div><div class="et_pb_module et_pb_text et_pb_text_21  et_pb_text_align_left et_pb_bg_layout_light">
				
				
				
				
				<div class="et_pb_text_inner"><p><strong>&#8211; &#8220;Top Corporate Lawyer of the Year&#8221;, National Legal Excellence Awards:</strong> Recognized for outstanding achievements in corporate law and significant contributions to the legal community.</p></div>
			</div>
			</div>
				
				
				
				
			</div><div class="et_pb_with_border et_pb_row et_pb_row_23">
				<div class="et_pb_column et_pb_column_4_4 et_pb_column_26  et_pb_css_mix_blend_mode_passthrough et-last-child">
				
				
				
				
				<div class="et_pb_module et_pb_blurb et_pb_blurb_21  et_pb_text_align_left  et_pb_blurb_position_left et_pb_bg_layout_light">
				
				
				
				
				<div class="et_pb_blurb_content">
					<div class="et_pb_main_blurb_image"><span class="et_pb_image_wrap"><span class="et-waypoint et_pb_animation_off et_pb_animation_off_tablet et_pb_animation_off_phone et-pb-icon"></span></span></div>
					<div class="et_pb_blurb_container">
						<h4 class="et_pb_module_header"><span>Contact & Map</span></h4>
						
					</div>
				</div>
			</div><div class="et_pb_module et_pb_code et_pb_code_1">
				
				
				
				
				<div class="et_pb_code_inner"><iframe src="https://www.google.com/maps/embed?pb=!1m18!1m12!1m3!1d13440.698180320984!2d-73.97259940816106!3d40.67800787934546!2m3!1f0!2f0!3f0!3m2!1i1024!2i768!4f13.1!3m3!1m2!1s0x89c24fa5d33f083b%3A0xc80b8f06e177fe62!2zVGjDoG5oIHBo4buRIE5ldyBZb3JrLCBUaeG7g3UgYmFuZyBOZXcgWW9yaywgSG9hIEvhu7M!5e0!3m2!1svi!2s!4v1706278255276!5m2!1svi!2s" width="980" height="450" style="border:0; border-radius:10px;" allowfullscreen="" loading="lazy" referrerpolicy="no-referrer-when-downgrade"></iframe></div>
			</div>
			</div>
				
				
				
				
			</div><div class="et_pb_row et_pb_row_24">
				<div class="et_pb_column et_pb_column_1_2 et_pb_column_27  et_pb_css_mix_blend_mode_passthrough">
				
				
				
				
				<div class="et_pb_module et_pb_text et_pb_text_22  et_pb_text_align_left et_pb_bg_layout_light">
				
				
				
				
				<div class="et_pb_text_inner"><p><strong>David Smith, Esq.</strong><br />Smith &amp; Associates<br />123 Legal Avenue, Suite 400<br />New York, NY 10017<br />+1 (888) 888-8888</p></div>
			</div>
			</div><div class="et_pb_column et_pb_column_1_2 et_pb_column_28  et_pb_css_mix_blend_mode_passthrough et-last-child">
				
				
				
				
				<div class="et_pb_module difl_businesshours difl_businesshours_1">
				
				
				
				
				
				
				<div class="et_pb_module_inner">
					<div class="df_bh_container">
                    <div class="df_bh_wrapper">
                        
                        <div class="et_pb_module difl_businesshoursitem difl_businesshoursitem_7">
				
				
				
				
				
				
				<div class="et_pb_module_inner">
					<div class="df_bh_item">
                        <div class="df_bh_day">Monday</div>
                        <div class="df_bh_time">  <span class="df_bh_start_time">7 a.m</span>   <span class="df_bh_time_separetor">-</span>   <span class="df_bh_end_time">7 p.m</span>   </div>
                    </div>
				</div>
			</div><div class="et_pb_module difl_businesshoursitem difl_businesshoursitem_8">
				
				
				
				
				
				
				<div class="et_pb_module_inner">
					<div class="df_bh_item">
                        <div class="df_bh_day">Tuesday</div>
                        <div class="df_bh_time">  <span class="df_bh_start_time">7 a.m</span>   <span class="df_bh_time_separetor">-</span>   <span class="df_bh_end_time">7 p.m</span>   </div>
                    </div>
				</div>
			</div><div class="et_pb_module difl_businesshoursitem difl_businesshoursitem_9">
				
				
				
				
				
				
				<div class="et_pb_module_inner">
					<div class="df_bh_item">
                        <div class="df_bh_day">Wednesday</div>
                        <div class="df_bh_time">  <span class="df_bh_start_time">7 a.m</span>   <span class="df_bh_time_separetor">-</span>   <span class="df_bh_end_time">7 p.m</span>   </div>
                    </div>
				</div>
			</div><div class="et_pb_module difl_businesshoursitem difl_businesshoursitem_10">
				
				
				
				
				
				
				<div class="et_pb_module_inner">
					<div class="df_bh_item">
                        <div class="df_bh_day">Thursday</div>
                        <div class="df_bh_time">  <span class="df_bh_start_time">7 a.m</span>   <span class="df_bh_time_separetor">-</span>   <span class="df_bh_end_time">7 p.m</span>   </div>
                    </div>
				</div>
			</div><div class="et_pb_module difl_businesshoursitem difl_businesshoursitem_11">
				
				
				
				
				
				
				<div class="et_pb_module_inner">
					<div class="df_bh_item">
                        <div class="df_bh_day">Friday</div>
                        <div class="df_bh_time">  <span class="df_bh_start_time">7 a.m</span>   <span class="df_bh_time_separetor">-</span>   <span class="df_bh_end_time">7 p.m</span>   </div>
                    </div>
				</div>
			</div><div class="et_pb_module difl_businesshoursitem difl_businesshoursitem_12">
				
				
				
				
				
				
				<div class="et_pb_module_inner">
					<div class="df_bh_item">
                        <div class="df_bh_day">Saturday</div>
                        <div class="df_bh_time">  <span class="df_bh_start_time">7 a.m</span>   <span class="df_bh_time_separetor">-</span>   <span class="df_bh_end_time">7 p.m</span>   </div>
                    </div>
				</div>
			</div><div class="et_pb_module difl_businesshoursitem difl_businesshoursitem_13">
				
				
				
				
				
				
				<div class="et_pb_module_inner">
					<div class="df_bh_item">
                        <div class="df_bh_day">Sunday</div>
                        <div class="df_bh_time">  <span class="df_bh_start_time">7 a.m</span>   <span class="df_bh_time_separetor"> - </span>   <span class="df_bh_end_time">7 p.m</span>   </div>
                    </div>
				</div>
			</div> 
                    </div>
                </div>
				</div>
			</div>
			</div>
				
				
				
				
			</div><div class="et_pb_with_border et_pb_row et_pb_row_25">
				<div class="et_pb_column et_pb_column_4_4 et_pb_column_29  et_pb_css_mix_blend_mode_passthrough et-last-child">
				
				
				
				
				<div class="et_pb_module et_pb_blurb et_pb_blurb_22  et_pb_text_align_left  et_pb_blurb_position_left et_pb_bg_layout_light">
				
				
				
				
				<div class="et_pb_blurb_content">
					<div class="et_pb_main_blurb_image"><span class="et_pb_image_wrap"><span class="et-waypoint et_pb_animation_off et_pb_animation_off_tablet et_pb_animation_off_phone et-pb-icon"></span></span></div>
					<div class="et_pb_blurb_container">
						<h4 class="et_pb_module_header"><span>Social Media</span></h4>
						
					</div>
				</div>
			</div>
			</div>
				
				
				
				
			</div><div class="et_pb_with_border et_pb_row et_pb_row_26">
				<div class="et_pb_column et_pb_column_4_4 et_pb_column_30  et_pb_css_mix_blend_mode_passthrough et-last-child">
				
				
				
				
				<ul class="et_pb_module et_pb_social_media_follow et_pb_social_media_follow_1 clearfix  et_pb_bg_layout_light">
				
				
				
				
				<li
            class='et_pb_social_media_follow_network_4 et_pb_social_icon et_pb_social_network_link  et-social-facebook'><a
              href='#'
              class='icon et_pb_with_border'
              title='Follow on Facebook'
               target="_blank"><span
                class='et_pb_social_media_follow_network_name'
                aria-hidden='true'
                >Follow</span></a></li><li
            class='et_pb_social_media_follow_network_5 et_pb_social_icon et_pb_social_network_link  et-social-linkedin'><a
              href='#'
              class='icon et_pb_with_border'
              title='Follow on LinkedIn'
               target="_blank"><span
                class='et_pb_social_media_follow_network_name'
                aria-hidden='true'
                >Follow</span></a></li><li
            class='et_pb_social_media_follow_network_6 et_pb_social_icon et_pb_social_network_link  et-social-twitter'><a
              href='#'
              class='icon et_pb_with_border'
              title='Follow on X'
               target="_blank"><span
                class='et_pb_social_media_follow_network_name'
                aria-hidden='true'
                >Follow</span></a></li><li
            class='et_pb_social_media_follow_network_7 et_pb_social_icon et_pb_social_network_link  et-social-youtube'><a
              href='#'
              class='icon et_pb_with_border'
              title='Follow on Youtube'
               target="_blank"><span
                class='et_pb_social_media_follow_network_name'
                aria-hidden='true'
                >Follow</span></a></li>
			</ul>
			</div>
				
				
				
				
			</div><div class="et_pb_with_border et_pb_row et_pb_row_27">
				<div class="et_pb_column et_pb_column_4_4 et_pb_column_31  et_pb_css_mix_blend_mode_passthrough et-last-child">
				
				
				
				
				<div class="et_pb_module et_pb_blurb et_pb_blurb_23  et_pb_text_align_left  et_pb_blurb_position_left et_pb_bg_layout_light">
				
				
				
				
				<div class="et_pb_blurb_content">
					<div class="et_pb_main_blurb_image"><span class="et_pb_image_wrap"><span class="et-waypoint et_pb_animation_off et_pb_animation_off_tablet et_pb_animation_off_phone et-pb-icon"></span></span></div>
					<div class="et_pb_blurb_container">
						<h4 class="et_pb_module_header"><span>Service Area Zip Codes</span></h4>
						
					</div>
				</div>
			</div><div class="et_pb_module et_pb_text et_pb_text_23  et_pb_text_align_left et_pb_bg_layout_light">
				
				
				
				
				
			</div>
			</div>
				
				
				
				
			</div>
				
				
			</div></p>
]]></content:encoded>
					
		
		
			</item>
		<item>
		<title>Ray Phillips &#8211; Family Lawyer NYC</title>
		<link>/profile/ray-phillips/</link>
		
		<dc:creator><![CDATA[directoryadmin]]></dc:creator>
		<pubDate>Tue, 23 Jan 2024 10:18:00 +0000</pubDate>
				<guid isPermaLink="false">https://localmarketingsuites.com/demo/directory/?post_type=profile&#038;p=274482</guid>

					<description><![CDATA[]]></description>
										<content:encoded><![CDATA[
<div class="et_pb_section et_pb_section_2 et_section_regular" >
				
				
				
				
				
				
				<div class="et_pb_with_border et_pb_row et_pb_row_28">
				<div class="et_pb_column et_pb_column_4_4 et_pb_column_32  et_pb_css_mix_blend_mode_passthrough et-last-child">
				
				
				
				
				<div class="et_pb_module et_pb_blurb et_pb_blurb_24  et_pb_text_align_left  et_pb_blurb_position_left et_pb_bg_layout_light">
				
				
				
				
				<div class="et_pb_blurb_content">
					<div class="et_pb_main_blurb_image"><span class="et_pb_image_wrap"><span class="et-waypoint et_pb_animation_off et_pb_animation_off_tablet et_pb_animation_off_phone et-pb-icon"></span></span></div>
					<div class="et_pb_blurb_container">
						<h4 class="et_pb_module_header"><span>About</span></h4>
						
					</div>
				</div>
			</div><div class="et_pb_module et_pb_text et_pb_text_24  et_pb_text_align_left et_pb_bg_layout_light">
				
				
				
				
				<div class="et_pb_text_inner">Renowned for his empathetic approach and commitment to achieving the best outcomes for families, Ray specializes in divorce, custody, and mediation matters.</div>
			</div>
			</div>
				
				
				
				
			</div><div class="et_pb_row et_pb_row_29 et_pb_equal_columns et_pb_gutters2">
				<div class="et_pb_column et_pb_column_1_2 et_pb_column_33  et_pb_css_mix_blend_mode_passthrough">
				
				
				
				
				<div class="et_pb_module et_pb_text et_pb_text_25  et_pb_text_align_left et_pb_bg_layout_light">
				
				
				
				
				<div class="et_pb_text_inner"><h2>Lawyer Rating:</h2></div>
			</div><ul class="et_pb_module et_pb_counters et_pb_counters_2 et-waypoint et_pb_bg_layout_light">
				<li class="et_pb_counter et_pb_counter_8">
				<span class="et_pb_counter_title">Legal Knowledge</span>
				<span class="et_pb_counter_container">
					
					
					
					
					<span class="et_pb_counter_amount" style="" data-width="100%"><span class="et_pb_counter_amount_number"><span class="et_pb_counter_amount_number_inner">100%</span></span></span>
					<span class="et_pb_counter_amount overlay" style="" data-width="100%"><span class="et_pb_counter_amount_number"><span class="et_pb_counter_amount_number_inner">100%</span></span></span>
				</span>
			</li><li class="et_pb_counter et_pb_counter_9">
				<span class="et_pb_counter_title">Legal Analysis</span>
				<span class="et_pb_counter_container">
					
					
					
					
					<span class="et_pb_counter_amount" style="" data-width="95%"><span class="et_pb_counter_amount_number"><span class="et_pb_counter_amount_number_inner">95%</span></span></span>
					<span class="et_pb_counter_amount overlay" style="" data-width="95%"><span class="et_pb_counter_amount_number"><span class="et_pb_counter_amount_number_inner">95%</span></span></span>
				</span>
			</li><li class="et_pb_counter et_pb_counter_10">
				<span class="et_pb_counter_title">Communication</span>
				<span class="et_pb_counter_container">
					
					
					
					
					<span class="et_pb_counter_amount" style="" data-width="95%"><span class="et_pb_counter_amount_number"><span class="et_pb_counter_amount_number_inner">95%</span></span></span>
					<span class="et_pb_counter_amount overlay" style="" data-width="95%"><span class="et_pb_counter_amount_number"><span class="et_pb_counter_amount_number_inner">95%</span></span></span>
				</span>
			</li><li class="et_pb_counter et_pb_counter_11">
				<span class="et_pb_counter_title">Professionalism</span>
				<span class="et_pb_counter_container">
					
					
					
					
					<span class="et_pb_counter_amount" style="" data-width="100%"><span class="et_pb_counter_amount_number"><span class="et_pb_counter_amount_number_inner">100%</span></span></span>
					<span class="et_pb_counter_amount overlay" style="" data-width="100%"><span class="et_pb_counter_amount_number"><span class="et_pb_counter_amount_number_inner">100%</span></span></span>
				</span>
			</li>
			</ul>
			</div><div class="et_pb_column et_pb_column_1_2 et_pb_column_34  et_pb_css_mix_blend_mode_passthrough et-last-child">
				
				
				
				
				<div class="et_pb_module et_pb_text et_pb_text_26  et_pb_text_align_left et_pb_bg_layout_light">
				
				
				
				
				<div class="et_pb_text_inner"><h2>Our Score:</h2></div>
			</div><div class="et_pb_module et_pb_blurb et_pb_blurb_25  et_pb_text_align_center  et_pb_blurb_position_top et_pb_bg_layout_light">
				
				
				
				
				<div class="et_pb_blurb_content">
					<div class="et_pb_main_blurb_image"><span class="et_pb_image_wrap"><span class="et-waypoint et_pb_animation_off et_pb_animation_off_tablet et_pb_animation_off_phone et-pb-icon"></span></span></div>
					<div class="et_pb_blurb_container">
						<h4 class="et_pb_module_header"><span>/5</span></h4>
						<div class="et_pb_blurb_description"><p>Outstanding!</p></div>
					</div>
				</div>
			</div>
			</div>
				
				
				
				
			</div><div class="et_pb_with_border et_pb_row et_pb_row_30">
				<div class="et_pb_column et_pb_column_4_4 et_pb_column_35  et_pb_css_mix_blend_mode_passthrough et-last-child">
				
				
				
				
				<div class="et_pb_module et_pb_blurb et_pb_blurb_26  et_pb_text_align_left  et_pb_blurb_position_left et_pb_bg_layout_light">
				
				
				
				
				<div class="et_pb_blurb_content">
					<div class="et_pb_main_blurb_image"><span class="et_pb_image_wrap"><span class="et-waypoint et_pb_animation_off et_pb_animation_off_tablet et_pb_animation_off_phone et-pb-icon"></span></span></div>
					<div class="et_pb_blurb_container">
						<h4 class="et_pb_module_header"><span>Biography</span></h4>
						
					</div>
				</div>
			</div><div class="et_pb_module et_pb_text et_pb_text_27  et_pb_text_align_left et_pb_bg_layout_light">
				
				
				
				
				<div class="et_pb_text_inner">Ray Phillips has dedicated his 18-year career to the practice of family law in New York, developing a reputation as a compassionate and skilled family lawyer. His practice centers on helping families navigate the often complex and emotional landscape of family law disputes.

Graduating from NYU School of Law, Ray began his career with a deep-seated commitment to family advocacy. He has since become a trusted name in family law, known for his ability to handle sensitive cases involving divorce, child custody, and family mediation with care and discretion.

Ray&#8217;s approach to family law is rooted in understanding and empathy. He recognizes the emotional strain these cases can place on individuals and families and strives to provide legal solutions that prioritize the well-being of all parties involved. This client-centered focus has led to many successful resolutions, both in and out of court.

In addition to his legal practice, Ray is an active member of various family law committees and frequently volunteers at community legal clinics. He is committed to raising awareness about family law issues and providing accessible legal support to those in need.</div>
			</div>
			</div>
				
				
				
				
			</div><div class="et_pb_with_border et_pb_row et_pb_row_31">
				<div class="et_pb_column et_pb_column_4_4 et_pb_column_36  et_pb_css_mix_blend_mode_passthrough et-last-child">
				
				
				
				
				<div class="et_pb_module et_pb_blurb et_pb_blurb_27  et_pb_text_align_left  et_pb_blurb_position_left et_pb_bg_layout_light">
				
				
				
				
				<div class="et_pb_blurb_content">
					<div class="et_pb_main_blurb_image"><span class="et_pb_image_wrap"><span class="et-waypoint et_pb_animation_off et_pb_animation_off_tablet et_pb_animation_off_phone et-pb-icon"></span></span></div>
					<div class="et_pb_blurb_container">
						<h4 class="et_pb_module_header"><span>Practice Areas</span></h4>
						
					</div>
				</div>
			</div><div class="et_pb_module et_pb_text et_pb_text_28  et_pb_text_align_left et_pb_bg_layout_light">
				
				
				
				
				<div class="et_pb_text_inner"><p><strong>&#8211; Family Law</strong><span>: Divorce and Separation, Child Custody and Visitation, Spousal and Child Support, Mediation and Conflict Resolution, Prenuptial Agreements.</span></p></div>
			</div>
			</div>
				
				
				
				
			</div><div class="et_pb_with_border et_pb_row et_pb_row_32">
				<div class="et_pb_column et_pb_column_4_4 et_pb_column_37  et_pb_css_mix_blend_mode_passthrough et-last-child">
				
				
				
				
				<div class="et_pb_module et_pb_blurb et_pb_blurb_28  et_pb_text_align_left  et_pb_blurb_position_left et_pb_bg_layout_light">
				
				
				
				
				<div class="et_pb_blurb_content">
					<div class="et_pb_main_blurb_image"><span class="et_pb_image_wrap"><span class="et-waypoint et_pb_animation_off et_pb_animation_off_tablet et_pb_animation_off_phone et-pb-icon"></span></span></div>
					<div class="et_pb_blurb_container">
						<h4 class="et_pb_module_header"><span>Fees</span></h4>
						
					</div>
				</div>
			</div><div class="et_pb_module et_pb_text et_pb_text_29  et_pb_text_align_left et_pb_bg_layout_light">
				
				
				
				
				<div class="et_pb_text_inner">&#8211; Free Consultation
&#8211; Credit Card Accepted</div>
			</div>
			</div>
				
				
				
				
			</div><div class="et_pb_with_border et_pb_row et_pb_row_33">
				<div class="et_pb_column et_pb_column_4_4 et_pb_column_38  et_pb_css_mix_blend_mode_passthrough et-last-child">
				
				
				
				
				<div class="et_pb_module et_pb_blurb et_pb_blurb_29  et_pb_text_align_left  et_pb_blurb_position_left et_pb_bg_layout_light">
				
				
				
				
				<div class="et_pb_blurb_content">
					<div class="et_pb_main_blurb_image"><span class="et_pb_image_wrap"><span class="et-waypoint et_pb_animation_off et_pb_animation_off_tablet et_pb_animation_off_phone et-pb-icon"></span></span></div>
					<div class="et_pb_blurb_container">
						<h4 class="et_pb_module_header"><span>Languages</span></h4>
						
					</div>
				</div>
			</div><div class="et_pb_module et_pb_text et_pb_text_30  et_pb_text_align_left et_pb_bg_layout_light">
				
				
				
				
				<div class="et_pb_text_inner"><p><strong>&#8211; English:</strong> Spoken, Written<br /><strong>&#8211; Spanish:</strong> Spoken, Written</p></div>
			</div>
			</div>
				
				
				
				
			</div><div class="et_pb_with_border et_pb_row et_pb_row_34">
				<div class="et_pb_column et_pb_column_4_4 et_pb_column_39  et_pb_css_mix_blend_mode_passthrough et-last-child">
				
				
				
				
				<div class="et_pb_module et_pb_blurb et_pb_blurb_30  et_pb_text_align_left  et_pb_blurb_position_left et_pb_bg_layout_light">
				
				
				
				
				<div class="et_pb_blurb_content">
					<div class="et_pb_main_blurb_image"><span class="et_pb_image_wrap"><span class="et-waypoint et_pb_animation_off et_pb_animation_off_tablet et_pb_animation_off_phone et-pb-icon"></span></span></div>
					<div class="et_pb_blurb_container">
						<h4 class="et_pb_module_header"><span>Professional Experience</span></h4>
						
					</div>
				</div>
			</div><div class="et_pb_module et_pb_text et_pb_text_31  et_pb_text_align_left et_pb_bg_layout_light">
				
				
				
				
				<div class="et_pb_text_inner"><p><strong>&#8211; Family Law Attorney, Phillips Family Law Firm</strong>: Lead Attorney in Family Law Cases, Mediation and Settlement Negotiation.</p>
<p><strong>&#8211; Legal Counsel, Children&#8217;s Rights Organization</strong>: Advocacy for Children&#8217;s Legal Rights, Policy Development.</p>
<p><strong>&#8211; Associate Attorney, General Practice Firm</strong>: Family Law Focus, Client Representation in Court, Legal Documentation.</p></div>
			</div>
			</div>
				
				
				
				
			</div><div class="et_pb_with_border et_pb_row et_pb_row_35">
				<div class="et_pb_column et_pb_column_4_4 et_pb_column_40  et_pb_css_mix_blend_mode_passthrough et-last-child">
				
				
				
				
				<div class="et_pb_module et_pb_blurb et_pb_blurb_31  et_pb_text_align_left  et_pb_blurb_position_left et_pb_bg_layout_light">
				
				
				
				
				<div class="et_pb_blurb_content">
					<div class="et_pb_main_blurb_image"><span class="et_pb_image_wrap"><span class="et-waypoint et_pb_animation_off et_pb_animation_off_tablet et_pb_animation_off_phone et-pb-icon"></span></span></div>
					<div class="et_pb_blurb_container">
						<h4 class="et_pb_module_header"><span>Education</span></h4>
						
					</div>
				</div>
			</div><div class="et_pb_module et_pb_text et_pb_text_32  et_pb_text_align_left et_pb_bg_layout_light">
				
				
				
				
				<div class="et_pb_text_inner"><p><strong>&#8211; J.D., NYU School of Law</strong>: Specialization in Family Law.</p>
<p><strong>&#8211; B.A. in Psychology, Columbia University</strong>: With Honors, Focus on Developmental Psychology.</p></div>
			</div>
			</div>
				
				
				
				
			</div><div class="et_pb_with_border et_pb_row et_pb_row_36">
				<div class="et_pb_column et_pb_column_4_4 et_pb_column_41  et_pb_css_mix_blend_mode_passthrough et-last-child">
				
				
				
				
				<div class="et_pb_module et_pb_blurb et_pb_blurb_32  et_pb_text_align_left  et_pb_blurb_position_left et_pb_bg_layout_light">
				
				
				
				
				<div class="et_pb_blurb_content">
					<div class="et_pb_main_blurb_image"><span class="et_pb_image_wrap"><span class="et-waypoint et_pb_animation_off et_pb_animation_off_tablet et_pb_animation_off_phone et-pb-icon"></span></span></div>
					<div class="et_pb_blurb_container">
						<h4 class="et_pb_module_header"><span>Awards</span></h4>
						
					</div>
				</div>
			</div><div class="et_pb_module et_pb_text et_pb_text_33  et_pb_text_align_left et_pb_bg_layout_light">
				
				
				
				
				<div class="et_pb_text_inner"><p><strong>&#8211; &#8220;Top Lawyer of the Year&#8221;, National Legal Excellence Awards:</strong> Recognized for outstanding achievements in corporate law and significant contributions to the legal community.</p></div>
			</div>
			</div>
				
				
				
				
			</div><div class="et_pb_with_border et_pb_row et_pb_row_37">
				<div class="et_pb_column et_pb_column_4_4 et_pb_column_42  et_pb_css_mix_blend_mode_passthrough et-last-child">
				
				
				
				
				<div class="et_pb_module et_pb_blurb et_pb_blurb_33  et_pb_text_align_left  et_pb_blurb_position_left et_pb_bg_layout_light">
				
				
				
				
				<div class="et_pb_blurb_content">
					<div class="et_pb_main_blurb_image"><span class="et_pb_image_wrap"><span class="et-waypoint et_pb_animation_off et_pb_animation_off_tablet et_pb_animation_off_phone et-pb-icon"></span></span></div>
					<div class="et_pb_blurb_container">
						<h4 class="et_pb_module_header"><span>Contact & Map</span></h4>
						
					</div>
				</div>
			</div><div class="et_pb_module et_pb_code et_pb_code_2">
				
				
				
				
				<div class="et_pb_code_inner"><iframe src="https://www.google.com/maps/embed?pb=!1m18!1m12!1m3!1d13440.698180320984!2d-73.97259940816106!3d40.67800787934546!2m3!1f0!2f0!3f0!3m2!1i1024!2i768!4f13.1!3m3!1m2!1s0x89c24fa5d33f083b%3A0xc80b8f06e177fe62!2zVGjDoG5oIHBo4buRIE5ldyBZb3JrLCBUaeG7g3UgYmFuZyBOZXcgWW9yaywgSG9hIEvhu7M!5e0!3m2!1svi!2s!4v1706278255276!5m2!1svi!2s" width="980" height="450" style="border:0; border-radius:10px;" allowfullscreen="" loading="lazy" referrerpolicy="no-referrer-when-downgrade"></iframe></div>
			</div>
			</div>
				
				
				
				
			</div><div class="et_pb_row et_pb_row_38">
				<div class="et_pb_column et_pb_column_1_2 et_pb_column_43  et_pb_css_mix_blend_mode_passthrough">
				
				
				
				
				<div class="et_pb_module et_pb_text et_pb_text_34  et_pb_text_align_left et_pb_bg_layout_light">
				
				
				
				
				<div class="et_pb_text_inner"><p><strong>David Smith, Esq.</strong><br />Ray Phillips, Esq.<br />Phillips Family Law Firm<br />789 Harmony Lane, Suite 500<br />New York, NY 10010</p></div>
			</div>
			</div><div class="et_pb_column et_pb_column_1_2 et_pb_column_44  et_pb_css_mix_blend_mode_passthrough et-last-child">
				
				
				
				
				<div class="et_pb_module difl_businesshours difl_businesshours_2">
				
				
				
				
				
				
				<div class="et_pb_module_inner">
					<div class="df_bh_container">
                    <div class="df_bh_wrapper">
                        
                        <div class="et_pb_module difl_businesshoursitem difl_businesshoursitem_14">
				
				
				
				
				
				
				<div class="et_pb_module_inner">
					<div class="df_bh_item">
                        <div class="df_bh_day">Monday</div>
                        <div class="df_bh_time">  <span class="df_bh_start_time">7 a.m</span>   <span class="df_bh_time_separetor">-</span>   <span class="df_bh_end_time">7 p.m</span>   </div>
                    </div>
				</div>
			</div><div class="et_pb_module difl_businesshoursitem difl_businesshoursitem_15">
				
				
				
				
				
				
				<div class="et_pb_module_inner">
					<div class="df_bh_item">
                        <div class="df_bh_day">Tuesday</div>
                        <div class="df_bh_time">  <span class="df_bh_start_time">7 a.m</span>   <span class="df_bh_time_separetor">-</span>   <span class="df_bh_end_time">7 p.m</span>   </div>
                    </div>
				</div>
			</div><div class="et_pb_module difl_businesshoursitem difl_businesshoursitem_16">
				
				
				
				
				
				
				<div class="et_pb_module_inner">
					<div class="df_bh_item">
                        <div class="df_bh_day">Wednesday</div>
                        <div class="df_bh_time">  <span class="df_bh_start_time">7 a.m</span>   <span class="df_bh_time_separetor">-</span>   <span class="df_bh_end_time">7 p.m</span>   </div>
                    </div>
				</div>
			</div><div class="et_pb_module difl_businesshoursitem difl_businesshoursitem_17">
				
				
				
				
				
				
				<div class="et_pb_module_inner">
					<div class="df_bh_item">
                        <div class="df_bh_day">Thursday</div>
                        <div class="df_bh_time">  <span class="df_bh_start_time">7 a.m</span>   <span class="df_bh_time_separetor">-</span>   <span class="df_bh_end_time">7 p.m</span>   </div>
                    </div>
				</div>
			</div><div class="et_pb_module difl_businesshoursitem difl_businesshoursitem_18">
				
				
				
				
				
				
				<div class="et_pb_module_inner">
					<div class="df_bh_item">
                        <div class="df_bh_day">Friday</div>
                        <div class="df_bh_time">  <span class="df_bh_start_time">7 a.m</span>   <span class="df_bh_time_separetor">-</span>   <span class="df_bh_end_time">7 p.m</span>   </div>
                    </div>
				</div>
			</div><div class="et_pb_module difl_businesshoursitem difl_businesshoursitem_19">
				
				
				
				
				
				
				<div class="et_pb_module_inner">
					<div class="df_bh_item">
                        <div class="df_bh_day">Saturday</div>
                        <div class="df_bh_time">  <span class="df_bh_start_time">7 a.m</span>   <span class="df_bh_time_separetor">-</span>   <span class="df_bh_end_time">7 p.m</span>   </div>
                    </div>
				</div>
			</div><div class="et_pb_module difl_businesshoursitem difl_businesshoursitem_20">
				
				
				
				
				
				
				<div class="et_pb_module_inner">
					<div class="df_bh_item">
                        <div class="df_bh_day">Sunday</div>
                        <div class="df_bh_time">  <span class="df_bh_start_time">7 a.m</span>   <span class="df_bh_time_separetor"> - </span>   <span class="df_bh_end_time">7 p.m</span>   </div>
                    </div>
				</div>
			</div> 
                    </div>
                </div>
				</div>
			</div>
			</div>
				
				
				
				
			</div><div class="et_pb_with_border et_pb_row et_pb_row_39">
				<div class="et_pb_column et_pb_column_4_4 et_pb_column_45  et_pb_css_mix_blend_mode_passthrough et-last-child">
				
				
				
				
				<div class="et_pb_module et_pb_blurb et_pb_blurb_34  et_pb_text_align_left  et_pb_blurb_position_left et_pb_bg_layout_light">
				
				
				
				
				<div class="et_pb_blurb_content">
					<div class="et_pb_main_blurb_image"><span class="et_pb_image_wrap"><span class="et-waypoint et_pb_animation_off et_pb_animation_off_tablet et_pb_animation_off_phone et-pb-icon"></span></span></div>
					<div class="et_pb_blurb_container">
						<h4 class="et_pb_module_header"><span>Social Media</span></h4>
						
					</div>
				</div>
			</div>
			</div>
				
				
				
				
			</div><div class="et_pb_with_border et_pb_row et_pb_row_40">
				<div class="et_pb_column et_pb_column_4_4 et_pb_column_46  et_pb_css_mix_blend_mode_passthrough et-last-child">
				
				
				
				
				<ul class="et_pb_module et_pb_social_media_follow et_pb_social_media_follow_2 clearfix  et_pb_bg_layout_light">
				
				
				
				
				<li
            class='et_pb_social_media_follow_network_8 et_pb_social_icon et_pb_social_network_link  et-social-facebook'><a
              href='#'
              class='icon et_pb_with_border'
              title='Follow on Facebook'
               target="_blank"><span
                class='et_pb_social_media_follow_network_name'
                aria-hidden='true'
                >Follow</span></a></li><li
            class='et_pb_social_media_follow_network_9 et_pb_social_icon et_pb_social_network_link  et-social-linkedin'><a
              href='#'
              class='icon et_pb_with_border'
              title='Follow on LinkedIn'
               target="_blank"><span
                class='et_pb_social_media_follow_network_name'
                aria-hidden='true'
                >Follow</span></a></li><li
            class='et_pb_social_media_follow_network_10 et_pb_social_icon et_pb_social_network_link  et-social-twitter'><a
              href='#'
              class='icon et_pb_with_border'
              title='Follow on X'
               target="_blank"><span
                class='et_pb_social_media_follow_network_name'
                aria-hidden='true'
                >Follow</span></a></li><li
            class='et_pb_social_media_follow_network_11 et_pb_social_icon et_pb_social_network_link  et-social-youtube'><a
              href='#'
              class='icon et_pb_with_border'
              title='Follow on Youtube'
               target="_blank"><span
                class='et_pb_social_media_follow_network_name'
                aria-hidden='true'
                >Follow</span></a></li>
			</ul>
			</div>
				
				
				
				
			</div><div class="et_pb_with_border et_pb_row et_pb_row_41">
				<div class="et_pb_column et_pb_column_4_4 et_pb_column_47  et_pb_css_mix_blend_mode_passthrough et-last-child">
				
				
				
				
				<div class="et_pb_module et_pb_blurb et_pb_blurb_35  et_pb_text_align_left  et_pb_blurb_position_left et_pb_bg_layout_light">
				
				
				
				
				<div class="et_pb_blurb_content">
					<div class="et_pb_main_blurb_image"><span class="et_pb_image_wrap"><span class="et-waypoint et_pb_animation_off et_pb_animation_off_tablet et_pb_animation_off_phone et-pb-icon"></span></span></div>
					<div class="et_pb_blurb_container">
						<h4 class="et_pb_module_header"><span>Service Area Zip Codes</span></h4>
						
					</div>
				</div>
			</div><div class="et_pb_module et_pb_text et_pb_text_35  et_pb_text_align_left et_pb_bg_layout_light">
				
				
				
				
				
			</div>
			</div>
				
				
				
				
			</div>
				
				
			</div>
]]></content:encoded>
					
		
		
			</item>
		<item>
		<title>Greenwood Legal Group &#8211; Manhattan, NY</title>
		<link>/profile/greenwood-legal-group-manhattan-ny/</link>
		
		<dc:creator><![CDATA[directoryadmin]]></dc:creator>
		<pubDate>Tue, 23 Jan 2024 10:16:50 +0000</pubDate>
				<guid isPermaLink="false">https://localmarketingsuites.com/demo/directory/?post_type=profile&#038;p=274478</guid>

					<description><![CDATA[]]></description>
										<content:encoded><![CDATA[
<div class="et_pb_section et_pb_section_3 et_section_regular" >
				
				
				
				
				
				
				<div class="et_pb_with_border et_pb_row et_pb_row_42">
				<div class="et_pb_column et_pb_column_4_4 et_pb_column_48  et_pb_css_mix_blend_mode_passthrough et-last-child">
				
				
				
				
				<div class="et_pb_module et_pb_blurb et_pb_blurb_36  et_pb_text_align_left  et_pb_blurb_position_left et_pb_bg_layout_light">
				
				
				
				
				<div class="et_pb_blurb_content">
					<div class="et_pb_main_blurb_image"><span class="et_pb_image_wrap"><span class="et-waypoint et_pb_animation_off et_pb_animation_off_tablet et_pb_animation_off_phone et-pb-icon"></span></span></div>
					<div class="et_pb_blurb_container">
						<h4 class="et_pb_module_header"><span>About</span></h4>
						
					</div>
				</div>
			</div><div class="et_pb_module et_pb_text et_pb_text_36  et_pb_text_align_left et_pb_bg_layout_light">
				
				
				
				
				<div class="et_pb_text_inner"><p><span>Greenwood Legal Group, based in Manhattan, NY, provides top-tier legal expertise across multiple practice areas. Dedicated to excellence, integrity, and personalized client service.</span></p></div>
			</div>
			</div>
				
				
				
				
			</div><div class="et_pb_row et_pb_row_43 et_pb_equal_columns et_pb_gutters2">
				<div class="et_pb_column et_pb_column_1_2 et_pb_column_49  et_pb_css_mix_blend_mode_passthrough">
				
				
				
				
				<div class="et_pb_module et_pb_text et_pb_text_37  et_pb_text_align_left et_pb_bg_layout_light">
				
				
				
				
				<div class="et_pb_text_inner"><h2>Lawyer Rating:</h2></div>
			</div><ul class="et_pb_module et_pb_counters et_pb_counters_3 et-waypoint et_pb_bg_layout_light">
				<li class="et_pb_counter et_pb_counter_12">
				<span class="et_pb_counter_title">Legal Knowledge</span>
				<span class="et_pb_counter_container">
					
					
					
					
					<span class="et_pb_counter_amount" style="" data-width="100%"><span class="et_pb_counter_amount_number"><span class="et_pb_counter_amount_number_inner">100%</span></span></span>
					<span class="et_pb_counter_amount overlay" style="" data-width="100%"><span class="et_pb_counter_amount_number"><span class="et_pb_counter_amount_number_inner">100%</span></span></span>
				</span>
			</li><li class="et_pb_counter et_pb_counter_13">
				<span class="et_pb_counter_title">Legal Analysis</span>
				<span class="et_pb_counter_container">
					
					
					
					
					<span class="et_pb_counter_amount" style="" data-width="95%"><span class="et_pb_counter_amount_number"><span class="et_pb_counter_amount_number_inner">95%</span></span></span>
					<span class="et_pb_counter_amount overlay" style="" data-width="95%"><span class="et_pb_counter_amount_number"><span class="et_pb_counter_amount_number_inner">95%</span></span></span>
				</span>
			</li><li class="et_pb_counter et_pb_counter_14">
				<span class="et_pb_counter_title">Communication</span>
				<span class="et_pb_counter_container">
					
					
					
					
					<span class="et_pb_counter_amount" style="" data-width="95%"><span class="et_pb_counter_amount_number"><span class="et_pb_counter_amount_number_inner">95%</span></span></span>
					<span class="et_pb_counter_amount overlay" style="" data-width="95%"><span class="et_pb_counter_amount_number"><span class="et_pb_counter_amount_number_inner">95%</span></span></span>
				</span>
			</li><li class="et_pb_counter et_pb_counter_15">
				<span class="et_pb_counter_title">Professionalism</span>
				<span class="et_pb_counter_container">
					
					
					
					
					<span class="et_pb_counter_amount" style="" data-width="100%"><span class="et_pb_counter_amount_number"><span class="et_pb_counter_amount_number_inner">100%</span></span></span>
					<span class="et_pb_counter_amount overlay" style="" data-width="100%"><span class="et_pb_counter_amount_number"><span class="et_pb_counter_amount_number_inner">100%</span></span></span>
				</span>
			</li>
			</ul>
			</div><div class="et_pb_column et_pb_column_1_2 et_pb_column_50  et_pb_css_mix_blend_mode_passthrough et-last-child">
				
				
				
				
				<div class="et_pb_module et_pb_text et_pb_text_38  et_pb_text_align_left et_pb_bg_layout_light">
				
				
				
				
				<div class="et_pb_text_inner"><h2>Our Score:</h2></div>
			</div><div class="et_pb_module et_pb_blurb et_pb_blurb_37  et_pb_text_align_center  et_pb_blurb_position_top et_pb_bg_layout_light">
				
				
				
				
				<div class="et_pb_blurb_content">
					<div class="et_pb_main_blurb_image"><span class="et_pb_image_wrap"><span class="et-waypoint et_pb_animation_off et_pb_animation_off_tablet et_pb_animation_off_phone et-pb-icon"></span></span></div>
					<div class="et_pb_blurb_container">
						<h4 class="et_pb_module_header"><span>/5</span></h4>
						<div class="et_pb_blurb_description"><p>Outstanding!</p></div>
					</div>
				</div>
			</div>
			</div>
				
				
				
				
			</div><div class="et_pb_with_border et_pb_row et_pb_row_44">
				<div class="et_pb_column et_pb_column_4_4 et_pb_column_51  et_pb_css_mix_blend_mode_passthrough et-last-child">
				
				
				
				
				<div class="et_pb_module et_pb_blurb et_pb_blurb_38  et_pb_text_align_left  et_pb_blurb_position_left et_pb_bg_layout_light">
				
				
				
				
				<div class="et_pb_blurb_content">
					<div class="et_pb_main_blurb_image"><span class="et_pb_image_wrap"><span class="et-waypoint et_pb_animation_off et_pb_animation_off_tablet et_pb_animation_off_phone et-pb-icon"></span></span></div>
					<div class="et_pb_blurb_container">
						<h4 class="et_pb_module_header"><span>Law Firm Information</span></h4>
						
					</div>
				</div>
			</div><div class="et_pb_module et_pb_text et_pb_text_39  et_pb_text_align_left et_pb_bg_layout_light">
				
				
				
				
				<div class="et_pb_text_inner">Greenwood Legal Group, nestled in Manhattan&#8217;s bustling legal hub, has become synonymous with legal excellence and client satisfaction in New York. Our firm&#8217;s ethos is rooted in a deep commitment to providing strategic, customized legal solutions. With a team of seasoned attorneys, we cover a broad spectrum of legal fields, offering our clients the combined expertise of years of successful practice. Greenwood Legal Group is more than a law firm; we are a trusted partner in our clients&#8217; legal journeys. Our approach goes beyond traditional legal representation; we strive to be counselors, strategists, and advocates, ensuring our clients&#8217; needs are met with the highest standards of professionalism and ethical conduct.</div>
			</div>
			</div>
				
				
				
				
			</div><div class="et_pb_with_border et_pb_row et_pb_row_45">
				<div class="et_pb_column et_pb_column_4_4 et_pb_column_52  et_pb_css_mix_blend_mode_passthrough et-last-child">
				
				
				
				
				<div class="et_pb_module et_pb_blurb et_pb_blurb_39  et_pb_text_align_left  et_pb_blurb_position_left et_pb_bg_layout_light">
				
				
				
				
				<div class="et_pb_blurb_content">
					<div class="et_pb_main_blurb_image"><span class="et_pb_image_wrap"><span class="et-waypoint et_pb_animation_off et_pb_animation_off_tablet et_pb_animation_off_phone et-pb-icon"></span></span></div>
					<div class="et_pb_blurb_container">
						<h4 class="et_pb_module_header"><span>Practice Areas</span></h4>
						
					</div>
				</div>
			</div><div class="et_pb_module et_pb_text et_pb_text_40  et_pb_text_align_left et_pb_bg_layout_light">
				
				
				
				
				<div class="et_pb_text_inner"><p><strong>&#8211; Corporate Law</strong>: Mergers &amp; Acquisitions, Corporate Governance, Securities Regulation.</p>
<p><strong>&#8211; Litigation</strong>: Civil Litigation, Commercial Disputes, Arbitration.</p>
<p><strong>&#8211; Employment Law</strong>: Employee Rights, Labor Relations, Employment Contracts.</p>
<p><strong>&#8211; Intellectual Property</strong>: Trademark and Patent Law, Copyright Infringement, IP Litigation.</p>
<p><strong>&#8211; Estate Planning</strong>: Wills, Trusts, Estate Administration.</p></div>
			</div>
			</div>
				
				
				
				
			</div><div class="et_pb_with_border et_pb_row et_pb_row_46">
				<div class="et_pb_column et_pb_column_4_4 et_pb_column_53  et_pb_css_mix_blend_mode_passthrough et-last-child">
				
				
				
				
				<div class="et_pb_module et_pb_blurb et_pb_blurb_40  et_pb_text_align_left  et_pb_blurb_position_left et_pb_bg_layout_light">
				
				
				
				
				<div class="et_pb_blurb_content">
					<div class="et_pb_main_blurb_image"><span class="et_pb_image_wrap"><span class="et-waypoint et_pb_animation_off et_pb_animation_off_tablet et_pb_animation_off_phone et-pb-icon"></span></span></div>
					<div class="et_pb_blurb_container">
						<h4 class="et_pb_module_header"><span>Fees</span></h4>
						
					</div>
				</div>
			</div><div class="et_pb_module et_pb_text et_pb_text_41  et_pb_text_align_left et_pb_bg_layout_light">
				
				
				
				
				<div class="et_pb_text_inner">&#8211; Free Consultation
&#8211; Credit Card Accepted</div>
			</div>
			</div>
				
				
				
				
			</div><div class="et_pb_with_border et_pb_row et_pb_row_47">
				<div class="et_pb_column et_pb_column_4_4 et_pb_column_54  et_pb_css_mix_blend_mode_passthrough et-last-child">
				
				
				
				
				<div class="et_pb_module et_pb_blurb et_pb_blurb_41  et_pb_text_align_left  et_pb_blurb_position_left et_pb_bg_layout_light">
				
				
				
				
				<div class="et_pb_blurb_content">
					<div class="et_pb_main_blurb_image"><span class="et_pb_image_wrap"><span class="et-waypoint et_pb_animation_off et_pb_animation_off_tablet et_pb_animation_off_phone et-pb-icon"></span></span></div>
					<div class="et_pb_blurb_container">
						<h4 class="et_pb_module_header"><span>Languages</span></h4>
						
					</div>
				</div>
			</div><div class="et_pb_module et_pb_text et_pb_text_42  et_pb_text_align_left et_pb_bg_layout_light">
				
				
				
				
				<div class="et_pb_text_inner"><p><strong>&#8211; English</strong><br /><strong>&#8211; Spanish</strong></p></div>
			</div>
			</div>
				
				
				
				
			</div><div class="et_pb_with_border et_pb_row et_pb_row_48">
				<div class="et_pb_column et_pb_column_4_4 et_pb_column_55  et_pb_css_mix_blend_mode_passthrough et-last-child">
				
				
				
				
				<div class="et_pb_module et_pb_blurb et_pb_blurb_42  et_pb_text_align_left  et_pb_blurb_position_left et_pb_bg_layout_light">
				
				
				
				
				<div class="et_pb_blurb_content">
					<div class="et_pb_main_blurb_image"><span class="et_pb_image_wrap"><span class="et-waypoint et_pb_animation_off et_pb_animation_off_tablet et_pb_animation_off_phone et-pb-icon"></span></span></div>
					<div class="et_pb_blurb_container">
						<h4 class="et_pb_module_header"><span>Key Team</span></h4>
						
					</div>
				</div>
			</div><div class="et_pb_module et_pb_text et_pb_text_43  et_pb_text_align_left et_pb_bg_layout_light">
				
				
				
				
				<div class="et_pb_text_inner"><p><strong>&#8211; Elizabeth Garcia, Founding Partner</strong>: Renowned corporate lawyer with over 25 years in the field, specializing in complex mergers and acquisitions.</p>
<p><strong>&#8211; David Lee, Litigation Expert</strong>: With 15 years of experience, David is a master litigator known for his prowess in commercial dispute resolution.</p>
<p><strong>&#8211; Sarah Kim, Intellectual Property Attorney</strong>: A dynamic lawyer with a decade of experience protecting clients&#8217; intellectual property rights.</p></div>
			</div>
			</div>
				
				
				
				
			</div><div class="et_pb_with_border et_pb_row et_pb_row_49">
				<div class="et_pb_column et_pb_column_4_4 et_pb_column_56  et_pb_css_mix_blend_mode_passthrough et-last-child">
				
				
				
				
				<div class="et_pb_module et_pb_blurb et_pb_blurb_43  et_pb_text_align_left  et_pb_blurb_position_left et_pb_bg_layout_light">
				
				
				
				
				<div class="et_pb_blurb_content">
					<div class="et_pb_main_blurb_image"><span class="et_pb_image_wrap"><span class="et-waypoint et_pb_animation_off et_pb_animation_off_tablet et_pb_animation_off_phone et-pb-icon"></span></span></div>
					<div class="et_pb_blurb_container">
						<h4 class="et_pb_module_header"><span>Awards</span></h4>
						
					</div>
				</div>
			</div><div class="et_pb_module et_pb_text et_pb_text_44  et_pb_text_align_left et_pb_bg_layout_light">
				
				
				
				
				<div class="et_pb_text_inner"><p>&#8211; <strong>&#8220;Best Law Firm in Brooklyn&#8221;</strong> &#8211; Brooklyn Legal Awards 2023</p>
<p>&#8211; <strong>&#8220;Top 10 Criminal Defense Attorneys&#8221;</strong> &#8211; NY Legal Circle 2022</p>
<p>&#8211; <strong>&#8220;Community Service Award&#8221;</strong> &#8211; Brooklyn Bar Association</p></div>
			</div>
			</div>
				
				
				
				
			</div><div class="et_pb_with_border et_pb_row et_pb_row_50">
				<div class="et_pb_column et_pb_column_4_4 et_pb_column_57  et_pb_css_mix_blend_mode_passthrough et-last-child">
				
				
				
				
				<div class="et_pb_module et_pb_blurb et_pb_blurb_44  et_pb_text_align_left  et_pb_blurb_position_left et_pb_bg_layout_light">
				
				
				
				
				<div class="et_pb_blurb_content">
					<div class="et_pb_main_blurb_image"><span class="et_pb_image_wrap"><span class="et-waypoint et_pb_animation_off et_pb_animation_off_tablet et_pb_animation_off_phone et-pb-icon"></span></span></div>
					<div class="et_pb_blurb_container">
						<h4 class="et_pb_module_header"><span>Contact & Map</span></h4>
						
					</div>
				</div>
			</div><div class="et_pb_module et_pb_code et_pb_code_3">
				
				
				
				
				<div class="et_pb_code_inner"><iframe src="https://www.google.com/maps/embed?pb=!1m18!1m12!1m3!1d13440.698180320984!2d-73.97259940816106!3d40.67800787934546!2m3!1f0!2f0!3f0!3m2!1i1024!2i768!4f13.1!3m3!1m2!1s0x89c24fa5d33f083b%3A0xc80b8f06e177fe62!2zVGjDoG5oIHBo4buRIE5ldyBZb3JrLCBUaeG7g3UgYmFuZyBOZXcgWW9yaywgSG9hIEvhu7M!5e0!3m2!1svi!2s!4v1706278255276!5m2!1svi!2s" width="980" height="450" style="border:0; border-radius:10px;" allowfullscreen="" loading="lazy" referrerpolicy="no-referrer-when-downgrade"></iframe></div>
			</div>
			</div>
				
				
				
				
			</div><div class="et_pb_row et_pb_row_51">
				<div class="et_pb_column et_pb_column_1_2 et_pb_column_58  et_pb_css_mix_blend_mode_passthrough">
				
				
				
				
				<div class="et_pb_module et_pb_text et_pb_text_45  et_pb_text_align_left et_pb_bg_layout_light">
				
				
				
				
				<div class="et_pb_text_inner"><p><strong>Greenwood Legal Group &#8211; Manhattan Office</strong> <br />789 Justice Ave, 12th Floor, Manhattan, <br />NY 10018</p>
<p><strong>Greenwood Legal Group &#8211; Bronx Office</strong> <br />321 Law Street, Suite 305, Bronx, <br />NY 10467</p></div>
			</div>
			</div><div class="et_pb_column et_pb_column_1_2 et_pb_column_59  et_pb_css_mix_blend_mode_passthrough et-last-child">
				
				
				
				
				<div class="et_pb_module difl_businesshours difl_businesshours_3">
				
				
				
				
				
				
				<div class="et_pb_module_inner">
					<div class="df_bh_container">
                    <div class="df_bh_wrapper">
                        
                        <div class="et_pb_module difl_businesshoursitem difl_businesshoursitem_21">
				
				
				
				
				
				
				<div class="et_pb_module_inner">
					<div class="df_bh_item">
                        <div class="df_bh_day">Monday</div>
                        <div class="df_bh_time">  <span class="df_bh_start_time">7 a.m</span>   <span class="df_bh_time_separetor">-</span>   <span class="df_bh_end_time">7 p.m</span>   </div>
                    </div>
				</div>
			</div><div class="et_pb_module difl_businesshoursitem difl_businesshoursitem_22">
				
				
				
				
				
				
				<div class="et_pb_module_inner">
					<div class="df_bh_item">
                        <div class="df_bh_day">Tuesday</div>
                        <div class="df_bh_time">  <span class="df_bh_start_time">7 a.m</span>   <span class="df_bh_time_separetor">-</span>   <span class="df_bh_end_time">7 p.m</span>   </div>
                    </div>
				</div>
			</div><div class="et_pb_module difl_businesshoursitem difl_businesshoursitem_23">
				
				
				
				
				
				
				<div class="et_pb_module_inner">
					<div class="df_bh_item">
                        <div class="df_bh_day">Wednesday</div>
                        <div class="df_bh_time">  <span class="df_bh_start_time">7 a.m</span>   <span class="df_bh_time_separetor">-</span>   <span class="df_bh_end_time">7 p.m</span>   </div>
                    </div>
				</div>
			</div><div class="et_pb_module difl_businesshoursitem difl_businesshoursitem_24">
				
				
				
				
				
				
				<div class="et_pb_module_inner">
					<div class="df_bh_item">
                        <div class="df_bh_day">Thursday</div>
                        <div class="df_bh_time">  <span class="df_bh_start_time">7 a.m</span>   <span class="df_bh_time_separetor">-</span>   <span class="df_bh_end_time">7 p.m</span>   </div>
                    </div>
				</div>
			</div><div class="et_pb_module difl_businesshoursitem difl_businesshoursitem_25">
				
				
				
				
				
				
				<div class="et_pb_module_inner">
					<div class="df_bh_item">
                        <div class="df_bh_day">Friday</div>
                        <div class="df_bh_time">  <span class="df_bh_start_time">7 a.m</span>   <span class="df_bh_time_separetor">-</span>   <span class="df_bh_end_time">7 p.m</span>   </div>
                    </div>
				</div>
			</div><div class="et_pb_module difl_businesshoursitem difl_businesshoursitem_26">
				
				
				
				
				
				
				<div class="et_pb_module_inner">
					<div class="df_bh_item">
                        <div class="df_bh_day">Saturday</div>
                        <div class="df_bh_time">  <span class="df_bh_start_time">7 a.m</span>   <span class="df_bh_time_separetor">-</span>   <span class="df_bh_end_time">7 p.m</span>   </div>
                    </div>
				</div>
			</div><div class="et_pb_module difl_businesshoursitem difl_businesshoursitem_27">
				
				
				
				
				
				
				<div class="et_pb_module_inner">
					<div class="df_bh_item">
                        <div class="df_bh_day">Sunday</div>
                        <div class="df_bh_time">  <span class="df_bh_start_time">7 a.m</span>   <span class="df_bh_time_separetor"> - </span>   <span class="df_bh_end_time">7 p.m</span>   </div>
                    </div>
				</div>
			</div> 
                    </div>
                </div>
				</div>
			</div>
			</div>
				
				
				
				
			</div><div class="et_pb_with_border et_pb_row et_pb_row_52">
				<div class="et_pb_column et_pb_column_4_4 et_pb_column_60  et_pb_css_mix_blend_mode_passthrough et-last-child">
				
				
				
				
				<div class="et_pb_module et_pb_blurb et_pb_blurb_45  et_pb_text_align_left  et_pb_blurb_position_left et_pb_bg_layout_light">
				
				
				
				
				<div class="et_pb_blurb_content">
					<div class="et_pb_main_blurb_image"><span class="et_pb_image_wrap"><span class="et-waypoint et_pb_animation_off et_pb_animation_off_tablet et_pb_animation_off_phone et-pb-icon"></span></span></div>
					<div class="et_pb_blurb_container">
						<h4 class="et_pb_module_header"><span>Social Media</span></h4>
						
					</div>
				</div>
			</div>
			</div>
				
				
				
				
			</div><div class="et_pb_with_border et_pb_row et_pb_row_53">
				<div class="et_pb_column et_pb_column_4_4 et_pb_column_61  et_pb_css_mix_blend_mode_passthrough et-last-child">
				
				
				
				
				<ul class="et_pb_module et_pb_social_media_follow et_pb_social_media_follow_3 clearfix  et_pb_bg_layout_light">
				
				
				
				
				<li
            class='et_pb_social_media_follow_network_12 et_pb_social_icon et_pb_social_network_link  et-social-facebook'><a
              href='#'
              class='icon et_pb_with_border'
              title='Follow on Facebook'
               target="_blank"><span
                class='et_pb_social_media_follow_network_name'
                aria-hidden='true'
                >Follow</span></a></li><li
            class='et_pb_social_media_follow_network_13 et_pb_social_icon et_pb_social_network_link  et-social-linkedin'><a
              href='#'
              class='icon et_pb_with_border'
              title='Follow on LinkedIn'
               target="_blank"><span
                class='et_pb_social_media_follow_network_name'
                aria-hidden='true'
                >Follow</span></a></li><li
            class='et_pb_social_media_follow_network_14 et_pb_social_icon et_pb_social_network_link  et-social-twitter'><a
              href='#'
              class='icon et_pb_with_border'
              title='Follow on X'
               target="_blank"><span
                class='et_pb_social_media_follow_network_name'
                aria-hidden='true'
                >Follow</span></a></li><li
            class='et_pb_social_media_follow_network_15 et_pb_social_icon et_pb_social_network_link  et-social-youtube'><a
              href='#'
              class='icon et_pb_with_border'
              title='Follow on Youtube'
               target="_blank"><span
                class='et_pb_social_media_follow_network_name'
                aria-hidden='true'
                >Follow</span></a></li>
			</ul>
			</div>
				
				
				
				
			</div><div class="et_pb_with_border et_pb_row et_pb_row_54">
				<div class="et_pb_column et_pb_column_4_4 et_pb_column_62  et_pb_css_mix_blend_mode_passthrough et-last-child">
				
				
				
				
				<div class="et_pb_module et_pb_blurb et_pb_blurb_46  et_pb_text_align_left  et_pb_blurb_position_left et_pb_bg_layout_light">
				
				
				
				
				<div class="et_pb_blurb_content">
					<div class="et_pb_main_blurb_image"><span class="et_pb_image_wrap"><span class="et-waypoint et_pb_animation_off et_pb_animation_off_tablet et_pb_animation_off_phone et-pb-icon"></span></span></div>
					<div class="et_pb_blurb_container">
						<h4 class="et_pb_module_header"><span>Service Area Zip Codes</span></h4>
						
					</div>
				</div>
			</div><div class="et_pb_module et_pb_text et_pb_text_46  et_pb_text_align_left et_pb_bg_layout_light">
				
				
				
				
				
			</div>
			</div>
				
				
				
				
			</div>
				
				
			</div>
]]></content:encoded>
					
		
		
			</item>
	</channel>
</rss>
