<?xml version="1.0" encoding="UTF-8"?><rss version="2.0"
	xmlns:content="http://purl.org/rss/1.0/modules/content/"
	xmlns:wfw="http://wellformedweb.org/CommentAPI/"
	xmlns:dc="http://purl.org/dc/elements/1.1/"
	xmlns:atom="http://www.w3.org/2005/Atom"
	xmlns:sy="http://purl.org/rss/1.0/modules/syndication/"
	xmlns:slash="http://purl.org/rss/1.0/modules/slash/"
	>

<channel>
	<title>Criminal Defense | Attorney Directory</title>
	<atom:link href="/category/criminal-defense/feed/" rel="self" type="application/rss+xml" />
	<link>/</link>
	<description></description>
	<lastBuildDate>Sat, 27 Jan 2024 15:50:58 +0000</lastBuildDate>
	<language>en-US</language>
	<sy:updatePeriod>
	hourly	</sy:updatePeriod>
	<sy:updateFrequency>
	1	</sy:updateFrequency>
	<generator>https://wordpress.org/?v=6.5.5</generator>
	<item>
		<title>How to Choose the Right Criminal Defense Attorney</title>
		<link>/how-to-choose-the-right-criminal-defense-attorney/</link>
					<comments>/how-to-choose-the-right-criminal-defense-attorney/#respond</comments>
		
		<dc:creator><![CDATA[directoryadmin]]></dc:creator>
		<pubDate>Tue, 28 Nov 2023 19:58:36 +0000</pubDate>
				<category><![CDATA[Criminal Defense]]></category>
		<guid isPermaLink="false">https://localmarketingsuites.com/demo/attorney/criminal-defense/?p=1396</guid>

					<description><![CDATA[]]></description>
										<content:encoded><![CDATA[
<div class="et_pb_section et_pb_section_0 et_section_regular" >
				
				
				
				
				
				
				<div class="et_pb_row et_pb_row_0">
				<div class="et_pb_column et_pb_column_4_4 et_pb_column_0  et_pb_css_mix_blend_mode_passthrough et-last-child">
				
				
				
				
				<div class="et_pb_module et_pb_text et_pb_text_0  et_pb_text_align_left et_pb_bg_layout_light">
				
				
				
				
				<div class="et_pb_text_inner"><div class="w-full text-token-text-primary" data-testid="conversation-turn-27">
<div class="px-4 py-2 justify-center text-base md:gap-6 md:py-6 m-auto">
<div class="flex flex-1 text-base mx-auto gap-3 md:px-5 lg:px-1 xl:px-5 md:max-w-3xl lg:max-w-&#091;40rem&#093; xl:max-w-&#091;48rem&#093; } group">
<div class="relative flex w-full flex-col lg:w-&#091;calc(100%-115px)&#093; agent-turn">
<div class="flex-col gap-1 md:gap-3">
<div class="flex flex-grow flex-col max-w-full">
<div data-message-author-role="assistant" data-message-id="7084e2ba-e544-4e7f-a9c1-08bd2142a8f0" class="min-h-&#091;20px&#093; text-message flex flex-col items-start gap-3 whitespace-pre-wrap break-words &#091;.text-message+&amp;&#093;:mt-5 overflow-x-auto">
<div class="markdown prose w-full break-words dark:prose-invert dark">
<p>Selecting an appropriate criminal defense attorney is one of the most critical decisions you&#8217;ll make when facing legal charges. The right attorney can not only profoundly impact the direction and outcome of your case but also offer peace of mind and support through a challenging process. Understanding how to choose an attorney who is best suited to your specific legal needs is essential.</p>
<h4>Understanding Your Legal Needs</h4>
<p>Evaluate the specifics of your case to identify the type of legal expertise required:</p>
<ul>
<li><strong>Nature of the Charges:</strong> Different charges require different expertise. For instance, a DUI case versus a federal drug charge would need different specialized skills.</li>
<li><strong>Desired Outcome:</strong> Consider what you want out of the case, whether it&#8217;s a reduction of charges, a plea deal, or going to trial for a full acquittal. This will influence the type of lawyer you need.</li>
</ul>
<h4>Researching Potential Attorneys</h4>
<p>A thorough research process is crucial in shortlisting potential attorneys:</p>
<ul>
<li><strong>Online Research:</strong> Utilize legal directories, attorney websites, and online forums for initial information. Look for attorneys with strong online profiles and informative content.</li>
<li><strong>Referrals:</strong> Personal referrals from friends, family, or professional networks can be invaluable. Additionally, consider asking other lawyers for recommendations.</li>
</ul>
<h4>Evaluating Experience and Specialization</h4>
<p>Assessing a lawyer&#8217;s background is vital:</p>
<ul>
<li><strong>Criminal Law Expertise:</strong> Ensure the lawyer specializes in criminal law, as opposed to being a general practitioner.</li>
<li><strong>Experience with Similar Cases:</strong> Inquire about their experience with cases like yours. For example, if you&#8217;re facing drug charges, an attorney with a strong background in drug-related cases would be ideal.</li>
</ul>
<h4>Assessing Communication and Comfort Level</h4>
<p>The attorney-client relationship should be based on clear communication:</p>
<ul>
<li><strong>Initial Consultation:</strong> Note how the attorney explains your legal situation and their proposed strategy. Are they clear, concise, and understandable?</li>
<li><strong>Comfort Level:</strong> It&#8217;s important that you feel comfortable with their approach, personality, and ethical considerations.</li>
</ul>
<h4>Considering Reputation and References</h4>
<p>A lawyer&#8217;s standing in the legal community can indicate their effectiveness:</p>
<ul>
<li><strong>Peer Reviews:</strong> Research their reputation among other legal professionals. Recognitions or awards in the legal community can be a good indicator of expertise.</li>
<li><strong>Client Testimonials:</strong> Seek out testimonials or reviews from previous clients to gauge their satisfaction with the attorney&#8217;s services.</li>
</ul>
<h4>Discussing Fees and Billing Practices</h4>
<p>Be clear about financial arrangements from the start:</p>
<ul>
<li><strong>Fee Structure:</strong> Some attorneys may charge a flat fee, while others bill by the hour. Some might work on a contingency basis, although this is less common in criminal defense.</li>
<li><strong>Billing Details:</strong> Inquire about all potential costs, including the likelihood of additional charges for things like investigation, expert witnesses, and other court-related expenses.</li>
</ul>
<h4>Making the Final Decision</h4>
<p>Consider all factors to make a well-informed choice:</p>
<ul>
<li><strong>Comparing Pros and Cons:</strong> After meeting with or researching several attorneys, list the pros and cons of each to compare them objectively.</li>
<li><strong>Trust Your Instinct:</strong> Your intuition can be a powerful tool in making your final decision. Trust your gut feeling about who you believe will represent your best interests.</li>
</ul>
<h4>Conclusion: Partnering with the Right Attorney for Your Case</h4>
<p>The right criminal defense attorney can provide more than just legal representation; they can offer guidance, support, and reassurance during a challenging time. Take the time to thoroughly research and meet with potential attorneys to ensure you find someone who is not only qualified but also the right fit for you and your legal situation. Your choice of attorney can significantly influence the outcome and experience of your legal journey.</p>
</div>
</div>
</div>
<div class="mt-1 flex justify-start gap-3 empty:hidden">
<div class="text-gray-400 flex self-end lg:self-center justify-center lg:justify-start mt-0 gap-1 visible"><p><button class="flex items-center gap-1.5 rounded-md p-1 pl-0 text-xs hover:text-gray-950 dark:text-gray-400 dark:hover:text-gray-200 disabled:dark:hover:text-gray-400 md:invisible md:group-hover:visible md:group-&#091;.final-completion&#093;:visible"><svg width="24" height="24" viewbox="0 0 24 24" fill="none" xmlns="http://www.w3.org/2000/svg" class="icon-md"><path fill-rule="evenodd" clip-rule="evenodd" d="M12 4C10.8954 4 10 4.89543 10 6H14C14 4.89543 13.1046 4 12 4ZM8.53513 4C9.22675 2.8044 10.5194 2 12 2C13.4806 2 14.7733 2.8044 15.4649 4H17C18.6569 4 20 5.34315 20 7V19C20 20.6569 18.6569 22 17 22H7C5.34315 22 4 20.6569 4 19V7C4 5.34315 5.34315 4 7 4H8.53513ZM8 6H7C6.44772 6 6 6.44772 6 7V19C6 19.5523 6.44772 20 7 20H17C17.5523 20 18 19.5523 18 19V7C18 6.44772 17.5523 6 17 6H16C16 7.10457 15.1046 8 14 8H10C8.89543 8 8 7.10457 8 6Z" fill="currentColor"></path></svg></button></p>
<div class="flex gap-1"></div>
</div>
</div>
</div>
</div>
</div>
</div>
</div>
<div class="w-full text-token-text-primary" data-testid="conversation-turn-28">
<div class="px-4 py-2 justify-center text-base md:gap-6 md:py-6 m-auto">
<div class="flex flex-1 text-base mx-auto gap-3 md:px-5 lg:px-1 xl:px-5 md:max-w-3xl lg:max-w-&#091;40rem&#093; xl:max-w-&#091;48rem&#093; } group">
<div class="flex-shrink-0 flex flex-col relative items-end">
<div>
<div class="pt-0.5">
<div class="gizmo-shadow-stroke flex h-6 w-6 items-center justify-center overflow-hidden rounded-full"></div>
</div>
</div>
</div>
</div>
</div>
</div></div>
			</div>
			</div>
				
				
				
				
			</div>
				
				
			</div>
]]></content:encoded>
					
					<wfw:commentRss>/how-to-choose-the-right-criminal-defense-attorney/feed/</wfw:commentRss>
			<slash:comments>0</slash:comments>
		
		
			</item>
		<item>
		<title>The Importance of a Skilled Defense in DUI Cases</title>
		<link>/the-importance-of-a-skilled-defense-in-dui-cases/</link>
					<comments>/the-importance-of-a-skilled-defense-in-dui-cases/#respond</comments>
		
		<dc:creator><![CDATA[directoryadmin]]></dc:creator>
		<pubDate>Tue, 28 Nov 2023 19:48:42 +0000</pubDate>
				<category><![CDATA[Criminal Defense]]></category>
		<guid isPermaLink="false">https://localmarketingsuites.com/demo/attorney/criminal-defense/?p=1388</guid>

					<description><![CDATA[]]></description>
										<content:encoded><![CDATA[
<div class="et_pb_section et_pb_section_1 et_section_regular" >
				
				
				
				
				
				
				<div class="et_pb_row et_pb_row_1">
				<div class="et_pb_column et_pb_column_4_4 et_pb_column_1  et_pb_css_mix_blend_mode_passthrough et-last-child">
				
				
				
				
				<div class="et_pb_module et_pb_text et_pb_text_1  et_pb_text_align_left et_pb_bg_layout_light">
				
				
				
				
				<div class="et_pb_text_inner"><p>DUI (Driving Under the Influence) cases are fraught with legal complexities that can have far-reaching consequences on an individual&#8217;s life. Navigating the intricacies of DUI laws, understanding the evidence, and developing a robust defense strategy are essential for anyone facing these charges. This guide delves into why skilled legal defense is paramount in DUI cases.</p>
<h4>The Role of a Skilled DUI Attorney</h4>
<p>An experienced DUI attorney is instrumental in handling the nuances of DUI cases:</p>
<ul>
<li><strong>In-Depth Understanding of DUI Laws:</strong> Each state has its own set of DUI laws, often with subtle differences. A proficient DUI attorney understands these nuances and how they apply to your case.</li>
<li><strong>Detailed Case Analysis:</strong> By thoroughly examining the specifics of your arrest and the evidence against you, a skilled attorney can identify weaknesses in the prosecution&#8217;s case and capitalize on these in your defense.</li>
</ul>
<h4>Key Defense Strategies in DUI Cases</h4>
<p>Several defense strategies can be employed, depending on the circumstances of the case:</p>
<ul>
<li><strong>Challenging Sobriety Test Procedures:</strong> The administration and accuracy of field sobriety tests and breathalyzers can be contested, especially if there are procedural flaws.</li>
<li><strong>Contesting the Legality of the Traffic Stop:</strong> If the initial stop by law enforcement was not legally justified, the evidence gathered subsequently can be challenged.</li>
</ul>
<h4>Navigating the Legal System in DUI Proceedings</h4>
<p>The legal process in DUI cases can be complex and daunting:</p>
<ul>
<li><strong>Effective Plea Bargaining:</strong> A skilled attorney may negotiate a plea deal, potentially leading to reduced charges or softer penalties.</li>
<li><strong>Comprehensive Trial Preparation:</strong> In cases going to trial, thorough preparation is key. This includes gathering evidence, preparing witness testimonies, and strategizing the presentation of the defense.</li>
</ul>
<h4>The Consequences of a DUI Conviction</h4>
<p>A DUI conviction carries significant penalties and long-term implications:</p>
<ul>
<li><strong>Legal Repercussions:</strong> These can range from hefty fines and license suspension to incarceration.</li>
<li><strong>Broader Impacts:</strong> A conviction can affect employment, future job prospects, insurance premiums, and may result in social stigma.</li>
</ul>
<h4>The Importance of Legal Expertise in DUI Cases</h4>
<p>Expert legal representation is crucial for effectively navigating DUI cases:</p>
<ul>
<li><strong>Strategic Negotiations:</strong> Experienced lawyers are often able to negotiate better outcomes through plea bargains or at trial.</li>
<li><strong>Comprehensive Legal Knowledge:</strong> Familiarity with local court procedures, legal precedents, and the judicial system is critical for a robust defense.</li>
</ul>
<h4>Choosing the Right DUI Defense Attorney</h4>
<p>Selecting an attorney who is right for your case is crucial:</p>
<ul>
<li><strong>Specialization and Experience:</strong> Ensure the attorney specializes in DUI cases and has a proven track record.</li>
<li><strong>Compatibility and Communication:</strong> The attorney-client relationship should be based on trust and clear communication. Choose an attorney who makes you feel comfortable and keeps you informed about your case.</li>
</ul>
<h4>Conclusion: Protecting Your Rights with a Skilled DUI Defense</h4>
<p>The importance of having a skilled DUI attorney cannot be overstated. Their expertise is essential in understanding and navigating the legal complexities of DUI cases, formulating effective defense strategies, and ultimately protecting your rights and freedoms. If you are facing DUI charges, securing the right legal representation should be your top priority, as it can significantly influence the outcome of your case.</p></div>
			</div>
			</div>
				
				
				
				
			</div>
				
				
			</div>
]]></content:encoded>
					
					<wfw:commentRss>/the-importance-of-a-skilled-defense-in-dui-cases/feed/</wfw:commentRss>
			<slash:comments>0</slash:comments>
		
		
			</item>
		<item>
		<title>Understanding Your Rights During a Criminal Investigation</title>
		<link>/understanding-your-rights-during-a-criminal-investigation/</link>
					<comments>/understanding-your-rights-during-a-criminal-investigation/#respond</comments>
		
		<dc:creator><![CDATA[directoryadmin]]></dc:creator>
		<pubDate>Tue, 28 Nov 2023 19:47:04 +0000</pubDate>
				<category><![CDATA[Criminal Defense]]></category>
		<guid isPermaLink="false">https://localmarketingsuites.com/demo/attorney/criminal-defense/?p=1381</guid>

					<description><![CDATA[]]></description>
										<content:encoded><![CDATA[
<div class="et_pb_section et_pb_section_2 et_section_regular" >
				
				
				
				
				
				
				<div class="et_pb_row et_pb_row_2">
				<div class="et_pb_column et_pb_column_4_4 et_pb_column_2  et_pb_css_mix_blend_mode_passthrough et-last-child">
				
				
				
				
				<div class="et_pb_module et_pb_text et_pb_text_2  et_pb_text_align_left et_pb_bg_layout_light">
				
				
				
				
				<div class="et_pb_text_inner"><p>Facing a criminal investigation is a stressful and often confusing experience. Being aware of your legal rights can not only provide peace of mind but also protect you from potential miscarriages of justice. This comprehensive guide aims to demystify your rights during the various stages of a criminal investigation.</p>
<h4>1. Understanding Miranda Rights</h4>
<p>The concept of Miranda rights is critical in many legal systems, particularly in the U.S.:</p>
<ul>
<li><strong>Right to Remain Silent:</strong> This right protects you from being compelled to testify against yourself. It’s important to understand that you can decline to answer questions that may incriminate you.</li>
<li><strong>Right to an Attorney:</strong> Whether or not you can afford an attorney, you are entitled to legal representation. If you can&#8217;t afford one, the state must provide one for you. This right is crucial for ensuring fair legal proceedings.</li>
</ul>
<h4>2. The Right to an Attorney</h4>
<p>Access to legal counsel is a cornerstone of your rights:</p>
<ul>
<li><strong>At Interrogation:</strong> Having an attorney present during any questioning can help prevent law enforcement from using aggressive or unfair interrogation tactics.</li>
<li><strong>Before Legal Proceedings:</strong> Consult with an attorney before any court appearances or hearings to understand the charges against you and prepare your defense.</li>
</ul>
<h4>3. Consent and Search Warrants</h4>
<p>Your rights regarding personal searches and property are key:</p>
<ul>
<li><strong>Search Warrants:</strong> Typically, law enforcement requires a warrant to search your home or personal property. This warrant must be based on probable cause and is usually issued by a judge.</li>
<li><strong>Consent to Search:</strong> If you voluntarily agree to a search, a warrant becomes unnecessary. It’s important to be fully aware of the implications of giving consent, as anything found during the search can be used in legal proceedings.</li>
</ul>
<h4>4. Handling Police Interrogations and Interviews</h4>
<p>Dealing with law enforcement requires careful consideration:</p>
<ul>
<li><strong>Remaining Silent:</strong> The right to remain silent is a protective measure. You should clearly state that you are invoking this right.</li>
<li><strong>Avoiding Self-Incrimination:</strong> Be aware that any statement made to the police can be used as evidence in court, which is why it’s often advisable to speak only in the presence of your attorney.</li>
</ul>
<h4>5. What to Do If You&#8217;re Arrested</h4>
<p>If you find yourself under arrest, certain behaviors are recommended:</p>
<ul>
<li><strong>Stay Calm:</strong> Resisting arrest can lead to additional charges. Try to remain calm and compliant.</li>
<li><strong>Invoke Your Rights:</strong> Clearly and calmly state that you wish to remain silent and request an attorney. Remember, you do not need to engage in any discussion beyond this.</li>
</ul>
<h4>6. Seeking Legal Advice and Representation</h4>
<p>Obtaining legal advice early in the process can be crucial:</p>
<ul>
<li><strong>Consulting a Lawyer:</strong> A lawyer can help you understand the nature of the investigation and your rights within that context. They can also advise on whether or not you should answer questions from law enforcement.</li>
<li><strong>Representation:</strong> Having legal representation during interrogations and court proceedings is essential. A lawyer can defend your rights and work towards the best possible outcome in your case.</li>
</ul>
<h4>7. Conclusion: Staying Informed About Your Rights</h4>
<p>Navigating a criminal investigation requires a clear understanding of your legal rights. Being well-informed and exercising these rights effectively can have a significant impact on the process and outcome of your case. It’s always advisable to seek legal counsel and representation to ensure your rights are fully protected throughout the criminal investigation process.</p></div>
			</div>
			</div>
				
				
				
				
			</div>
				
				
			</div>
]]></content:encoded>
					
					<wfw:commentRss>/understanding-your-rights-during-a-criminal-investigation/feed/</wfw:commentRss>
			<slash:comments>0</slash:comments>
		
		
			</item>
	</channel>
</rss>
