<?xml version="1.0" encoding="UTF-8"?><rss version="2.0"
	xmlns:content="http://purl.org/rss/1.0/modules/content/"
	xmlns:dc="http://purl.org/dc/elements/1.1/"
	xmlns:atom="http://www.w3.org/2005/Atom"
	xmlns:sy="http://purl.org/rss/1.0/modules/syndication/"
	
	>
<channel>
	<title>
	Comments on: The Role of Evidence in Building a Strong PI Case	</title>
	<atom:link href="/the-role-of-evidence-in-building-a-strong-personal-injury-case/feed/" rel="self" type="application/rss+xml" />
	<link>/the-role-of-evidence-in-building-a-strong-personal-injury-case/</link>
	<description></description>
	<lastBuildDate>Sat, 27 Jan 2024 15:42:20 +0000</lastBuildDate>
	<sy:updatePeriod>
	hourly	</sy:updatePeriod>
	<sy:updateFrequency>
	1	</sy:updateFrequency>
	<generator>https://wordpress.org/?v=6.5.5</generator>
</channel>
</rss>
