<?xml version="1.0" encoding="UTF-8"?><rss version="2.0"
	xmlns:content="http://purl.org/rss/1.0/modules/content/"
	xmlns:dc="http://purl.org/dc/elements/1.1/"
	xmlns:atom="http://www.w3.org/2005/Atom"
	xmlns:sy="http://purl.org/rss/1.0/modules/syndication/"
	
	>
<channel>
	<title>
	Comments on: Chapter 7 vs. Chapter 13 Bankruptcy: Which Is Right for You?	</title>
	<atom:link href="/chapter-7-vs-chapter-13-bankruptcy-which-is-right-for-you/feed/" rel="self" type="application/rss+xml" />
	<link>/chapter-7-vs-chapter-13-bankruptcy-which-is-right-for-you/</link>
	<description></description>
	<lastBuildDate>Sat, 27 Jan 2024 15:41:37 +0000</lastBuildDate>
	<sy:updatePeriod>
	hourly	</sy:updatePeriod>
	<sy:updateFrequency>
	1	</sy:updateFrequency>
	<generator>https://wordpress.org/?v=6.5.5</generator>
</channel>
</rss>
