<?xml version="1.0" encoding="UTF-8"?><rss version="2.0"
	xmlns:content="http://purl.org/rss/1.0/modules/content/"
	xmlns:wfw="http://wellformedweb.org/CommentAPI/"
	xmlns:dc="http://purl.org/dc/elements/1.1/"
	xmlns:atom="http://www.w3.org/2005/Atom"
	xmlns:sy="http://purl.org/rss/1.0/modules/syndication/"
	xmlns:slash="http://purl.org/rss/1.0/modules/slash/"
	>

<channel>
	<title>Attorney Directory</title>
	<atom:link href="/feed/" rel="self" type="application/rss+xml" />
	<link>/</link>
	<description></description>
	<lastBuildDate>Sat, 27 Jan 2024 15:51:55 +0000</lastBuildDate>
	<language>en-US</language>
	<sy:updatePeriod>
	hourly	</sy:updatePeriod>
	<sy:updateFrequency>
	1	</sy:updateFrequency>
	<generator>https://wordpress.org/?v=6.5.5</generator>
	<item>
		<title>The Role of Corporate Attorneys in Risk Management</title>
		<link>/the-role-of-corporate-attorneys-in-risk-management/</link>
					<comments>/the-role-of-corporate-attorneys-in-risk-management/#respond</comments>
		
		<dc:creator><![CDATA[directoryadmin]]></dc:creator>
		<pubDate>Fri, 19 Jan 2024 07:10:05 +0000</pubDate>
				<category><![CDATA[Business Law]]></category>
		<guid isPermaLink="false">https://localmarketingsuites.com/demo/attorney/corporate/?p=305606</guid>

					<description><![CDATA[]]></description>
										<content:encoded><![CDATA[
<div class="et_pb_section et_pb_section_0 et_section_regular" >
				
				
				
				
				
				
				<div class="et_pb_row et_pb_row_0">
				<div class="et_pb_column et_pb_column_4_4 et_pb_column_0  et_pb_css_mix_blend_mode_passthrough et-last-child">
				
				
				
				
				<div class="et_pb_module et_pb_text et_pb_text_0  et_pb_text_align_left et_pb_bg_layout_light">
				
				
				
				
				<div class="et_pb_text_inner"><h4>1. Introduction to Corporate Attorneys and Risk Management</h4>
<p>Corporate attorneys play a crucial role in the smooth operation of businesses, particularly in managing and mitigating legal risks. Their involvement is essential in navigating the complexities of law and corporate governance, ensuring that businesses stay compliant while pursuing their strategic objectives.</p>
<h4>2. Identifying and Assessing Legal Risks</h4>
<p>Corporate attorneys are skilled at identifying potential legal risks in business operations. This involves analyzing contracts, business transactions, and regulatory requirements to foresee and prevent legal issues.</p>
<ul>
<li><strong>Conducting Legal Audits:</strong> Regular audits help in identifying hidden legal risks in various business areas.</li>
<li><strong>Evaluating New Regulations:</strong> Keeping abreast of new laws and regulations is crucial for proactive risk management.</li>
</ul>
<h4>3. Legal Advice in Corporate Governance</h4>
<p>Good corporate governance is vital for any business, and corporate attorneys play a key role in advising on legal matters related to corporate governance.</p>
<ul>
<li><strong>Board Meetings and Resolutions:</strong> Advising on legal aspects of board decisions and resolutions.</li>
<li><strong>Corporate Policies:</strong> Developing and reviewing corporate policies to ensure they align with legal requirements.</li>
</ul>
<h4>4. Ensuring Compliance and Regulatory Management</h4>
<p>Compliance is a critical aspect of risk management. Corporate attorneys ensure that businesses adhere to laws and regulations, thus avoiding fines and legal complications.</p>
<ul>
<li><strong>Regulatory Compliance:</strong> Keeping the company up-to-date with regulatory changes.</li>
<li><strong>Training and Awareness:</strong> Organizing compliance training for employees.</li>
</ul>
<h4>5. Role in Contract Management and Negotiations</h4>
<p>Contracts are fundamental to business, and corporate attorneys ensure that these agreements protect the company&#8217;s interests.</p>
<ul>
<li><strong>Drafting and Reviewing Contracts:</strong> Crafting contracts that mitigate potential risks.</li>
<li><strong>Negotiation Strategies:</strong> Advising on negotiation tactics to favor the company&#8217;s position.</li>
</ul>
<h4>6. Crisis Management and Legal Support</h4>
<p>In times of crisis, corporate attorneys are invaluable in providing legal support and strategies to minimize damage.</p>
<ul>
<li><strong>Legal Representation:</strong> Representing the company in legal disputes.</li>
<li><strong>Crisis Communication:</strong> Advising on legal aspects of communication strategies.</li>
</ul>
<h4>7. Conclusion: The Integral Role of Corporate Attorneys</h4>
<p>In conclusion, corporate attorneys are indispensable in the realm of risk management. Their expertise not only helps in navigating legal complexities but also in safeguarding the company&#8217;s interests and ensuring long-term success.</p></div>
			</div>
			</div>
				
				
				
				
			</div>
				
				
			</div>
]]></content:encoded>
					
					<wfw:commentRss>/the-role-of-corporate-attorneys-in-risk-management/feed/</wfw:commentRss>
			<slash:comments>0</slash:comments>
		
		
			</item>
		<item>
		<title>What to Expect in a Personal Injury Claim</title>
		<link>/understanding-the-process-what-to-expect-in-a-personal-injury-claim/</link>
					<comments>/understanding-the-process-what-to-expect-in-a-personal-injury-claim/#respond</comments>
		
		<dc:creator><![CDATA[directoryadmin]]></dc:creator>
		<pubDate>Thu, 18 Jan 2024 09:33:53 +0000</pubDate>
				<category><![CDATA[Personal Injury]]></category>
		<guid isPermaLink="false">http://localhost/websitesuites/?p=568</guid>

					<description><![CDATA[]]></description>
										<content:encoded><![CDATA[<p><div class="et_pb_section et_pb_section_1 et_section_regular" >
				
				
				
				
				
				
				<div class="et_pb_row et_pb_row_1">
				<div class="et_pb_column et_pb_column_4_4 et_pb_column_1  et_pb_css_mix_blend_mode_passthrough et-last-child">
				
				
				
				
				<div class="et_pb_module et_pb_text et_pb_text_1  et_pb_text_align_left et_pb_bg_layout_light">
				
				
				
				
				<div class="et_pb_text_inner"><p>So, you&#8217;ve found yourself in the not-so-pleasant situation of needing to file a personal injury claim. You might be wondering, &#8220;What&#8217;s next? What can I expect in this rollercoaster ride?&#8221; Well, my friend, you&#8217;re in the right place. We&#8217;re going to break it down for you, step by step, and keep the legal jargon to a minimum.</p>
<p><strong>Step 1: Seek Medical Attention</strong> First things first – if you&#8217;ve been injured, take care of yourself. Your health is the top priority. Get the medical help you need. Don&#8217;t play the tough guy; injuries can be sneaky and show up later. Make sure you&#8217;ve got a clean bill of health.</p>
<p><strong>Step 2: Gather Evidence</strong> Now, let&#8217;s get to the nitty-gritty. Collect all the evidence you can. Take photos, get witness statements, and save any relevant documents. The more evidence you have, the stronger your case.</p>
<p><strong>Step 3: Contact a Personal Injury Attorney</strong> This is where we come in. It&#8217;s time to reach out to a personal injury attorney. They&#8217;re the experts in this arena. Trust me; you want someone who knows the ropes. Consultations are usually free, and they can give you the lowdown on whether you have a case or not.</p>
<p><strong>Step 4: Filing the Claim</strong> If you and your attorney decide to move forward, the next step is filing the personal injury claim. This officially kicks off the legal process.</p>
<p><strong>Step 5: Negotiations</strong> Get ready to negotiate. The other party might try to settle. Your attorney is like your personal advocate, fighting for your rights and the compensation you deserve. They&#8217;ll handle the back-and-forth with the insurance company or the other party&#8217;s lawyers.</p>
<p><strong>Step 6: Litigation</strong> If negotiations don&#8217;t pan out, it&#8217;s time to take it to court. This is where the gloves come off. Your attorney will build your case and present it in front of a judge and jury.</p>
<p><strong>Step 7: Settlement or Trial</strong> This is the climax of your journey. It could go two ways: a settlement or a trial. A settlement means both parties agree to terms without going to court. A trial, on the other hand, means you&#8217;re taking it to court. The judge and jury will make the final call.</p>
<p><strong>Step 8: Recovery and Healing</strong> Once it&#8217;s all said and done, it&#8217;s time to focus on recovery. Your attorney will ensure you get the compensation you deserve, and you can start the healing process.</p>
<p>Now, let&#8217;s address a couple of common misconceptions. First, not all personal injury claims end up in court. Many are settled before they ever get there. Second, don&#8217;t worry about paying your attorney upfront. Personal injury lawyers typically work on a contingency fee basis. In plain English, they only get paid if you win.</p>
<p>To wrap it up, personal injury claims can be a whirlwind, but with the right attorney by your side, it&#8217;s a journey you can navigate. Stay focused, gather your evidence, and remember, it&#8217;s all about your health and getting the compensation you deserve. Don&#8217;t hesitate to reach out to a personal injury attorney; they&#8217;re your best allies in this adventure. Good luck!</p></div>
			</div>
			</div>
				
				
				
				
			</div>
				
				
			</div></p>
]]></content:encoded>
					
					<wfw:commentRss>/understanding-the-process-what-to-expect-in-a-personal-injury-claim/feed/</wfw:commentRss>
			<slash:comments>0</slash:comments>
		
		
			</item>
		<item>
		<title>Debt Relief Strategies for a Fresh Financial Start</title>
		<link>/debt-relief-strategies-for-a-fresh-financial-start/</link>
					<comments>/debt-relief-strategies-for-a-fresh-financial-start/#respond</comments>
		
		<dc:creator><![CDATA[directoryadmin]]></dc:creator>
		<pubDate>Wed, 17 Jan 2024 09:10:07 +0000</pubDate>
				<category><![CDATA[Bankruptcy]]></category>
		<guid isPermaLink="false">http://localhost/websitesuites/?p=549</guid>

					<description><![CDATA[]]></description>
										<content:encoded><![CDATA[<p><div class="et_pb_section et_pb_section_2 et_section_regular" >
				
				
				
				
				
				
				<div class="et_pb_row et_pb_row_2">
				<div class="et_pb_column et_pb_column_4_4 et_pb_column_2  et_pb_css_mix_blend_mode_passthrough et-last-child">
				
				
				
				
				<div class="et_pb_module et_pb_text et_pb_text_2  et_pb_text_align_left et_pb_bg_layout_light">
				
				
				
				
				<div class="et_pb_text_inner"><p>We&#8217;ve all been there, stuck in the financial quicksand, desperately reaching for a lifeline. But here&#8217;s the good news: financial freedom is not a distant dream. It&#8217;s like finding the path to your own treasure chest; you just need the right strategies to unlock it. So, let&#8217;s explore some debt relief strategies for that fresh financial start.</p>
<p><strong>1. Budgeting: Your Financial Compass</strong></p>
<p>Budgeting is like your North Star in the financial galaxy. It helps you track your income and expenses, keeping you on course. By creating a budget, you can identify areas where you can cut back and allocate more funds toward paying off your debts.</p>
<p><strong>2. Debt Snowball or Avalanche: Choose Your Weapon</strong></p>
<p>Debt is like a dragon with multiple heads, and you need a plan to slay it. The debt snowball method is like taking on the smallest debts first to build momentum. It&#8217;s motivational, like defeating mini-bosses on your journey. The debt avalanche method, on the other hand, is like attacking the high-interest debts first, saving you more money in the long run. Pick the strategy that suits your style.</p>
<p><strong>3. Credit Counseling: Professional Guidance</strong></p>
<p>Credit counseling is like having a financial wizard in your corner. Credit counselors can help you negotiate with creditors, set up a debt management plan, and provide valuable financial education. They&#8217;re like the Gandalfs of the financial world, guiding you through the treacherous terrain.</p>
<p><strong>4. Debt Consolidation: Streamlining Your Debts</strong></p>
<p>Debt consolidation is like merging your unruly tributaries into a single, navigable river. By combining your debts into one loan with a lower interest rate, you simplify your payments and potentially reduce your monthly outflow.</p>
<p><strong>5. Negotiating with Creditors: Diplomacy Pays</strong></p>
<p>Sometimes, creditors can be more flexible than you think. It&#8217;s like haggling at a bustling marketplace. Reach out to your creditors and see if they&#8217;re willing to settle for a reduced amount or agree to a more manageable payment plan.</p>
<p><strong>6. Bankruptcy: A Last Resort</strong></p>
<p>When you&#8217;re in the financial equivalent of a deep abyss, bankruptcy can be your rescue rope. It&#8217;s like hitting the reset button on your financial life. Chapter 7 or Chapter 13 bankruptcy can help you discharge debts or create a structured repayment plan, respectively.</p>
<p><strong>7. Emergency Fund: Your Financial Safety Net</strong></p>
<p>An emergency fund is like having a superhero cape when trouble strikes. It prevents you from relying on credit cards or loans when unexpected expenses pop up. Building an emergency fund should be a priority, even while dealing with debt.</p>
<p><strong>8. Financial Education: Your Armor</strong></p>
<p>Knowledge is your armor on this financial quest. Educate yourself about personal finance, budgeting, and wise money management. It&#8217;s like leveling up your skills for the battles ahead.</p>
<p><strong>9. Seek Professional Help: The Wise Sage</strong></p>
<p>If you&#8217;re lost in the financial forest, it&#8217;s time to seek guidance from a financial advisor or a bankruptcy attorney. They&#8217;re like the wise sages who&#8217;ve seen it all and can offer expert advice tailored to your unique situation.</p>
<p><strong>10. Patience and Persistence: Your Best Allies</strong></p>
<p>Remember, this journey isn&#8217;t a sprint; it&#8217;s more like a marathon. Be patient and stay persistent. Celebrate small victories along the way and keep your eyes on the ultimate prize: a fresh financial start.</p>
<p>Debt relief is possible, and there&#8217;s a strategy that fits every financial landscape. It&#8217;s like having a toolbox, and you need to pick the right tool for the job. With determination, discipline, and the right approach, that fresh financial start is closer than you think. So, start today, and let the journey begin.</p></div>
			</div>
			</div>
				
				
				
				
			</div>
				
				
			</div></p>
]]></content:encoded>
					
					<wfw:commentRss>/debt-relief-strategies-for-a-fresh-financial-start/feed/</wfw:commentRss>
			<slash:comments>0</slash:comments>
		
		
			</item>
		<item>
		<title>The Impact of Criminal Charges on Your Future</title>
		<link>/the-impact-of-criminal-charges-on-your-future/</link>
					<comments>/the-impact-of-criminal-charges-on-your-future/#respond</comments>
		
		<dc:creator><![CDATA[directoryadmin]]></dc:creator>
		<pubDate>Tue, 28 Nov 2023 20:00:27 +0000</pubDate>
				<category><![CDATA[Uncategorized]]></category>
		<guid isPermaLink="false">https://localmarketingsuites.com/demo/attorney/criminal-defense/?p=1402</guid>

					<description><![CDATA[]]></description>
										<content:encoded><![CDATA[
<div class="et_pb_section et_pb_section_3 et_section_regular" >
				
				
				
				
				
				
				<div class="et_pb_row et_pb_row_3">
				<div class="et_pb_column et_pb_column_4_4 et_pb_column_3  et_pb_css_mix_blend_mode_passthrough et-last-child">
				
				
				
				
				<div class="et_pb_module et_pb_text et_pb_text_3  et_pb_text_align_left et_pb_bg_layout_light">
				
				
				
				
				<div class="et_pb_text_inner"><div class="w-full text-token-text-primary" data-testid="conversation-turn-27">
<div class="px-4 py-2 justify-center text-base md:gap-6 md:py-6 m-auto">
<div class="flex flex-1 text-base mx-auto gap-3 md:px-5 lg:px-1 xl:px-5 md:max-w-3xl lg:max-w-&#091;40rem&#093; xl:max-w-&#091;48rem&#093; } group">
<div class="relative flex w-full flex-col lg:w-&#091;calc(100%-115px)&#093; agent-turn">
<div class="flex-col gap-1 md:gap-3">
<div class="flex flex-grow flex-col max-w-full">
<div data-message-author-role="assistant" data-message-id="7084e2ba-e544-4e7f-a9c1-08bd2142a8f0" class="min-h-&#091;20px&#093; text-message flex flex-col items-start gap-3 whitespace-pre-wrap break-words &#091;.text-message+&amp;&#093;:mt-5 overflow-x-auto">
<div class="markdown prose w-full break-words dark:prose-invert dark">
<p>Criminal charges can drastically alter the trajectory of one&#8217;s life, affecting nearly every aspect from personal relationships to professional opportunities. Understanding these implications is the first step in preparing for and mitigating their long-term effects. This article provides an in-depth look at the various ways a criminal charge can impact your life and offers guidance on navigating these challenges.</p>
<h4>Employment Challenges Post-Conviction</h4>
<p>The effect on employment can be one of the most immediate and challenging consequences:</p>
<ul>
<li><strong>Stigma in the Workplace:</strong> Even after serving time or paying fines, the stigma of a criminal record can persist, leading to biases during job searches or promotions.</li>
<li><strong>Occupational Licensing:</strong> Certain professions, like law, healthcare, or education, may have strict regulations against hiring individuals with criminal records.</li>
</ul>
<h4>Educational Opportunities and Criminal Records</h4>
<p>Higher education aspirations can also be impacted:</p>
<ul>
<li><strong>College Applications:</strong> Some colleges ask about criminal history in their applications, potentially impacting admissions decisions.</li>
<li><strong>Impact on Financial Aid:</strong> Specific criminal convictions, especially drug-related, can disqualify students from federal financial aid.</li>
</ul>
<h4>Social and Personal Relationships</h4>
<p>The social repercussions of criminal charges are often profound:</p>
<ul>
<li><strong>Community Relationships:</strong> A criminal charge can alter how you&#8217;re viewed in your community, leading to social isolation or ostracism.</li>
<li><strong>Family Dynamics:</strong> The stress of legal issues can strain family relationships, especially if the conviction leads to incarceration.</li>
</ul>
<h4>Financial Implications of Criminal Charges</h4>
<p>The financial burden associated with criminal charges is multi-faceted:</p>
<ul>
<li><strong>Ongoing Legal Expenses:</strong> Beyond the initial cost of defense, there may be ongoing legal expenses for appeals or parole hearings.</li>
<li><strong>Impact on Credit Score:</strong> Legal troubles can indirectly affect your credit score, impacting your ability to get loans or housing.</li>
</ul>
<h4>Travel Restrictions and Legal Limitations</h4>
<p>Legal repercussions can extend to basic freedoms:</p>
<ul>
<li><strong>International Travel:</strong> Some countries deny entry to individuals with certain types of criminal records.</li>
<li><strong>Probation or Parole Restrictions:</strong> These may include curfews, travel limitations within your own country, and regular check-ins with a legal officer.</li>
</ul>
<h4>Rehabilitation and Reintegration into Society</h4>
<p>The road to reintegration requires effort and support:</p>
<ul>
<li><strong>Access to Rehabilitation Services:</strong> Utilizing available rehabilitation services, including counseling and job training programs, can be crucial for successful reintegration.</li>
<li><strong>Building a Support Network:</strong> Finding and engaging with supportive community groups or individuals who have gone through similar experiences can be invaluable.</li>
</ul>
<h4>Legal Strategies to Mitigate the Impact</h4>
<p>There are strategies to lessen the long-term impact of a criminal record:</p>
<ul>
<li><strong>Exploring Record Clearing Options:</strong> Depending on the jurisdiction and nature of the crime, options like expungement, sealing, or pardon can be explored to clear your record.</li>
<li><strong>Advocacy and Legal Reform:</strong> Engaging in advocacy for legal reform can also be a way to address the broader issues related to criminal justice and its impacts.</li>
</ul>
<h4>Conclusion: Navigating Life Post-Criminal Charges</h4>
<p>Dealing with the aftermath of criminal charges requires resilience and resourcefulness. By understanding the full scope of their impact and actively seeking ways to mitigate these challenges, it’s possible to move beyond the conviction and build a fulfilling life. Remember, a criminal charge or conviction is a part of your story, but it doesn&#8217;t define your entire narrative. With the right approach and support, there is a path forward.</p>
</div>
</div>
</div>
</div>
</div>
</div>
</div>
</div></div>
			</div>
			</div>
				
				
				
				
			</div>
				
				
			</div>
]]></content:encoded>
					
					<wfw:commentRss>/the-impact-of-criminal-charges-on-your-future/feed/</wfw:commentRss>
			<slash:comments>0</slash:comments>
		
		
			</item>
		<item>
		<title>How to Choose the Right Criminal Defense Attorney</title>
		<link>/how-to-choose-the-right-criminal-defense-attorney/</link>
					<comments>/how-to-choose-the-right-criminal-defense-attorney/#respond</comments>
		
		<dc:creator><![CDATA[directoryadmin]]></dc:creator>
		<pubDate>Tue, 28 Nov 2023 19:58:36 +0000</pubDate>
				<category><![CDATA[Criminal Defense]]></category>
		<guid isPermaLink="false">https://localmarketingsuites.com/demo/attorney/criminal-defense/?p=1396</guid>

					<description><![CDATA[]]></description>
										<content:encoded><![CDATA[
<div class="et_pb_section et_pb_section_4 et_section_regular" >
				
				
				
				
				
				
				<div class="et_pb_row et_pb_row_4">
				<div class="et_pb_column et_pb_column_4_4 et_pb_column_4  et_pb_css_mix_blend_mode_passthrough et-last-child">
				
				
				
				
				<div class="et_pb_module et_pb_text et_pb_text_4  et_pb_text_align_left et_pb_bg_layout_light">
				
				
				
				
				<div class="et_pb_text_inner"><div class="w-full text-token-text-primary" data-testid="conversation-turn-27">
<div class="px-4 py-2 justify-center text-base md:gap-6 md:py-6 m-auto">
<div class="flex flex-1 text-base mx-auto gap-3 md:px-5 lg:px-1 xl:px-5 md:max-w-3xl lg:max-w-&#091;40rem&#093; xl:max-w-&#091;48rem&#093; } group">
<div class="relative flex w-full flex-col lg:w-&#091;calc(100%-115px)&#093; agent-turn">
<div class="flex-col gap-1 md:gap-3">
<div class="flex flex-grow flex-col max-w-full">
<div data-message-author-role="assistant" data-message-id="7084e2ba-e544-4e7f-a9c1-08bd2142a8f0" class="min-h-&#091;20px&#093; text-message flex flex-col items-start gap-3 whitespace-pre-wrap break-words &#091;.text-message+&amp;&#093;:mt-5 overflow-x-auto">
<div class="markdown prose w-full break-words dark:prose-invert dark">
<p>Selecting an appropriate criminal defense attorney is one of the most critical decisions you&#8217;ll make when facing legal charges. The right attorney can not only profoundly impact the direction and outcome of your case but also offer peace of mind and support through a challenging process. Understanding how to choose an attorney who is best suited to your specific legal needs is essential.</p>
<h4>Understanding Your Legal Needs</h4>
<p>Evaluate the specifics of your case to identify the type of legal expertise required:</p>
<ul>
<li><strong>Nature of the Charges:</strong> Different charges require different expertise. For instance, a DUI case versus a federal drug charge would need different specialized skills.</li>
<li><strong>Desired Outcome:</strong> Consider what you want out of the case, whether it&#8217;s a reduction of charges, a plea deal, or going to trial for a full acquittal. This will influence the type of lawyer you need.</li>
</ul>
<h4>Researching Potential Attorneys</h4>
<p>A thorough research process is crucial in shortlisting potential attorneys:</p>
<ul>
<li><strong>Online Research:</strong> Utilize legal directories, attorney websites, and online forums for initial information. Look for attorneys with strong online profiles and informative content.</li>
<li><strong>Referrals:</strong> Personal referrals from friends, family, or professional networks can be invaluable. Additionally, consider asking other lawyers for recommendations.</li>
</ul>
<h4>Evaluating Experience and Specialization</h4>
<p>Assessing a lawyer&#8217;s background is vital:</p>
<ul>
<li><strong>Criminal Law Expertise:</strong> Ensure the lawyer specializes in criminal law, as opposed to being a general practitioner.</li>
<li><strong>Experience with Similar Cases:</strong> Inquire about their experience with cases like yours. For example, if you&#8217;re facing drug charges, an attorney with a strong background in drug-related cases would be ideal.</li>
</ul>
<h4>Assessing Communication and Comfort Level</h4>
<p>The attorney-client relationship should be based on clear communication:</p>
<ul>
<li><strong>Initial Consultation:</strong> Note how the attorney explains your legal situation and their proposed strategy. Are they clear, concise, and understandable?</li>
<li><strong>Comfort Level:</strong> It&#8217;s important that you feel comfortable with their approach, personality, and ethical considerations.</li>
</ul>
<h4>Considering Reputation and References</h4>
<p>A lawyer&#8217;s standing in the legal community can indicate their effectiveness:</p>
<ul>
<li><strong>Peer Reviews:</strong> Research their reputation among other legal professionals. Recognitions or awards in the legal community can be a good indicator of expertise.</li>
<li><strong>Client Testimonials:</strong> Seek out testimonials or reviews from previous clients to gauge their satisfaction with the attorney&#8217;s services.</li>
</ul>
<h4>Discussing Fees and Billing Practices</h4>
<p>Be clear about financial arrangements from the start:</p>
<ul>
<li><strong>Fee Structure:</strong> Some attorneys may charge a flat fee, while others bill by the hour. Some might work on a contingency basis, although this is less common in criminal defense.</li>
<li><strong>Billing Details:</strong> Inquire about all potential costs, including the likelihood of additional charges for things like investigation, expert witnesses, and other court-related expenses.</li>
</ul>
<h4>Making the Final Decision</h4>
<p>Consider all factors to make a well-informed choice:</p>
<ul>
<li><strong>Comparing Pros and Cons:</strong> After meeting with or researching several attorneys, list the pros and cons of each to compare them objectively.</li>
<li><strong>Trust Your Instinct:</strong> Your intuition can be a powerful tool in making your final decision. Trust your gut feeling about who you believe will represent your best interests.</li>
</ul>
<h4>Conclusion: Partnering with the Right Attorney for Your Case</h4>
<p>The right criminal defense attorney can provide more than just legal representation; they can offer guidance, support, and reassurance during a challenging time. Take the time to thoroughly research and meet with potential attorneys to ensure you find someone who is not only qualified but also the right fit for you and your legal situation. Your choice of attorney can significantly influence the outcome and experience of your legal journey.</p>
</div>
</div>
</div>
<div class="mt-1 flex justify-start gap-3 empty:hidden">
<div class="text-gray-400 flex self-end lg:self-center justify-center lg:justify-start mt-0 gap-1 visible"><p><button class="flex items-center gap-1.5 rounded-md p-1 pl-0 text-xs hover:text-gray-950 dark:text-gray-400 dark:hover:text-gray-200 disabled:dark:hover:text-gray-400 md:invisible md:group-hover:visible md:group-&#091;.final-completion&#093;:visible"><svg width="24" height="24" viewbox="0 0 24 24" fill="none" xmlns="http://www.w3.org/2000/svg" class="icon-md"><path fill-rule="evenodd" clip-rule="evenodd" d="M12 4C10.8954 4 10 4.89543 10 6H14C14 4.89543 13.1046 4 12 4ZM8.53513 4C9.22675 2.8044 10.5194 2 12 2C13.4806 2 14.7733 2.8044 15.4649 4H17C18.6569 4 20 5.34315 20 7V19C20 20.6569 18.6569 22 17 22H7C5.34315 22 4 20.6569 4 19V7C4 5.34315 5.34315 4 7 4H8.53513ZM8 6H7C6.44772 6 6 6.44772 6 7V19C6 19.5523 6.44772 20 7 20H17C17.5523 20 18 19.5523 18 19V7C18 6.44772 17.5523 6 17 6H16C16 7.10457 15.1046 8 14 8H10C8.89543 8 8 7.10457 8 6Z" fill="currentColor"></path></svg></button></p>
<div class="flex gap-1"></div>
</div>
</div>
</div>
</div>
</div>
</div>
</div>
<div class="w-full text-token-text-primary" data-testid="conversation-turn-28">
<div class="px-4 py-2 justify-center text-base md:gap-6 md:py-6 m-auto">
<div class="flex flex-1 text-base mx-auto gap-3 md:px-5 lg:px-1 xl:px-5 md:max-w-3xl lg:max-w-&#091;40rem&#093; xl:max-w-&#091;48rem&#093; } group">
<div class="flex-shrink-0 flex flex-col relative items-end">
<div>
<div class="pt-0.5">
<div class="gizmo-shadow-stroke flex h-6 w-6 items-center justify-center overflow-hidden rounded-full"></div>
</div>
</div>
</div>
</div>
</div>
</div></div>
			</div>
			</div>
				
				
				
				
			</div>
				
				
			</div>
]]></content:encoded>
					
					<wfw:commentRss>/how-to-choose-the-right-criminal-defense-attorney/feed/</wfw:commentRss>
			<slash:comments>0</slash:comments>
		
		
			</item>
		<item>
		<title>The Importance of a Skilled Defense in DUI Cases</title>
		<link>/the-importance-of-a-skilled-defense-in-dui-cases/</link>
					<comments>/the-importance-of-a-skilled-defense-in-dui-cases/#respond</comments>
		
		<dc:creator><![CDATA[directoryadmin]]></dc:creator>
		<pubDate>Tue, 28 Nov 2023 19:48:42 +0000</pubDate>
				<category><![CDATA[Criminal Defense]]></category>
		<guid isPermaLink="false">https://localmarketingsuites.com/demo/attorney/criminal-defense/?p=1388</guid>

					<description><![CDATA[]]></description>
										<content:encoded><![CDATA[
<div class="et_pb_section et_pb_section_5 et_section_regular" >
				
				
				
				
				
				
				<div class="et_pb_row et_pb_row_5">
				<div class="et_pb_column et_pb_column_4_4 et_pb_column_5  et_pb_css_mix_blend_mode_passthrough et-last-child">
				
				
				
				
				<div class="et_pb_module et_pb_text et_pb_text_5  et_pb_text_align_left et_pb_bg_layout_light">
				
				
				
				
				<div class="et_pb_text_inner"><p>DUI (Driving Under the Influence) cases are fraught with legal complexities that can have far-reaching consequences on an individual&#8217;s life. Navigating the intricacies of DUI laws, understanding the evidence, and developing a robust defense strategy are essential for anyone facing these charges. This guide delves into why skilled legal defense is paramount in DUI cases.</p>
<h4>The Role of a Skilled DUI Attorney</h4>
<p>An experienced DUI attorney is instrumental in handling the nuances of DUI cases:</p>
<ul>
<li><strong>In-Depth Understanding of DUI Laws:</strong> Each state has its own set of DUI laws, often with subtle differences. A proficient DUI attorney understands these nuances and how they apply to your case.</li>
<li><strong>Detailed Case Analysis:</strong> By thoroughly examining the specifics of your arrest and the evidence against you, a skilled attorney can identify weaknesses in the prosecution&#8217;s case and capitalize on these in your defense.</li>
</ul>
<h4>Key Defense Strategies in DUI Cases</h4>
<p>Several defense strategies can be employed, depending on the circumstances of the case:</p>
<ul>
<li><strong>Challenging Sobriety Test Procedures:</strong> The administration and accuracy of field sobriety tests and breathalyzers can be contested, especially if there are procedural flaws.</li>
<li><strong>Contesting the Legality of the Traffic Stop:</strong> If the initial stop by law enforcement was not legally justified, the evidence gathered subsequently can be challenged.</li>
</ul>
<h4>Navigating the Legal System in DUI Proceedings</h4>
<p>The legal process in DUI cases can be complex and daunting:</p>
<ul>
<li><strong>Effective Plea Bargaining:</strong> A skilled attorney may negotiate a plea deal, potentially leading to reduced charges or softer penalties.</li>
<li><strong>Comprehensive Trial Preparation:</strong> In cases going to trial, thorough preparation is key. This includes gathering evidence, preparing witness testimonies, and strategizing the presentation of the defense.</li>
</ul>
<h4>The Consequences of a DUI Conviction</h4>
<p>A DUI conviction carries significant penalties and long-term implications:</p>
<ul>
<li><strong>Legal Repercussions:</strong> These can range from hefty fines and license suspension to incarceration.</li>
<li><strong>Broader Impacts:</strong> A conviction can affect employment, future job prospects, insurance premiums, and may result in social stigma.</li>
</ul>
<h4>The Importance of Legal Expertise in DUI Cases</h4>
<p>Expert legal representation is crucial for effectively navigating DUI cases:</p>
<ul>
<li><strong>Strategic Negotiations:</strong> Experienced lawyers are often able to negotiate better outcomes through plea bargains or at trial.</li>
<li><strong>Comprehensive Legal Knowledge:</strong> Familiarity with local court procedures, legal precedents, and the judicial system is critical for a robust defense.</li>
</ul>
<h4>Choosing the Right DUI Defense Attorney</h4>
<p>Selecting an attorney who is right for your case is crucial:</p>
<ul>
<li><strong>Specialization and Experience:</strong> Ensure the attorney specializes in DUI cases and has a proven track record.</li>
<li><strong>Compatibility and Communication:</strong> The attorney-client relationship should be based on trust and clear communication. Choose an attorney who makes you feel comfortable and keeps you informed about your case.</li>
</ul>
<h4>Conclusion: Protecting Your Rights with a Skilled DUI Defense</h4>
<p>The importance of having a skilled DUI attorney cannot be overstated. Their expertise is essential in understanding and navigating the legal complexities of DUI cases, formulating effective defense strategies, and ultimately protecting your rights and freedoms. If you are facing DUI charges, securing the right legal representation should be your top priority, as it can significantly influence the outcome of your case.</p></div>
			</div>
			</div>
				
				
				
				
			</div>
				
				
			</div>
]]></content:encoded>
					
					<wfw:commentRss>/the-importance-of-a-skilled-defense-in-dui-cases/feed/</wfw:commentRss>
			<slash:comments>0</slash:comments>
		
		
			</item>
		<item>
		<title>Understanding Your Rights During a Criminal Investigation</title>
		<link>/understanding-your-rights-during-a-criminal-investigation/</link>
					<comments>/understanding-your-rights-during-a-criminal-investigation/#respond</comments>
		
		<dc:creator><![CDATA[directoryadmin]]></dc:creator>
		<pubDate>Tue, 28 Nov 2023 19:47:04 +0000</pubDate>
				<category><![CDATA[Criminal Defense]]></category>
		<guid isPermaLink="false">https://localmarketingsuites.com/demo/attorney/criminal-defense/?p=1381</guid>

					<description><![CDATA[]]></description>
										<content:encoded><![CDATA[
<div class="et_pb_section et_pb_section_6 et_section_regular" >
				
				
				
				
				
				
				<div class="et_pb_row et_pb_row_6">
				<div class="et_pb_column et_pb_column_4_4 et_pb_column_6  et_pb_css_mix_blend_mode_passthrough et-last-child">
				
				
				
				
				<div class="et_pb_module et_pb_text et_pb_text_6  et_pb_text_align_left et_pb_bg_layout_light">
				
				
				
				
				<div class="et_pb_text_inner"><p>Facing a criminal investigation is a stressful and often confusing experience. Being aware of your legal rights can not only provide peace of mind but also protect you from potential miscarriages of justice. This comprehensive guide aims to demystify your rights during the various stages of a criminal investigation.</p>
<h4>1. Understanding Miranda Rights</h4>
<p>The concept of Miranda rights is critical in many legal systems, particularly in the U.S.:</p>
<ul>
<li><strong>Right to Remain Silent:</strong> This right protects you from being compelled to testify against yourself. It’s important to understand that you can decline to answer questions that may incriminate you.</li>
<li><strong>Right to an Attorney:</strong> Whether or not you can afford an attorney, you are entitled to legal representation. If you can&#8217;t afford one, the state must provide one for you. This right is crucial for ensuring fair legal proceedings.</li>
</ul>
<h4>2. The Right to an Attorney</h4>
<p>Access to legal counsel is a cornerstone of your rights:</p>
<ul>
<li><strong>At Interrogation:</strong> Having an attorney present during any questioning can help prevent law enforcement from using aggressive or unfair interrogation tactics.</li>
<li><strong>Before Legal Proceedings:</strong> Consult with an attorney before any court appearances or hearings to understand the charges against you and prepare your defense.</li>
</ul>
<h4>3. Consent and Search Warrants</h4>
<p>Your rights regarding personal searches and property are key:</p>
<ul>
<li><strong>Search Warrants:</strong> Typically, law enforcement requires a warrant to search your home or personal property. This warrant must be based on probable cause and is usually issued by a judge.</li>
<li><strong>Consent to Search:</strong> If you voluntarily agree to a search, a warrant becomes unnecessary. It’s important to be fully aware of the implications of giving consent, as anything found during the search can be used in legal proceedings.</li>
</ul>
<h4>4. Handling Police Interrogations and Interviews</h4>
<p>Dealing with law enforcement requires careful consideration:</p>
<ul>
<li><strong>Remaining Silent:</strong> The right to remain silent is a protective measure. You should clearly state that you are invoking this right.</li>
<li><strong>Avoiding Self-Incrimination:</strong> Be aware that any statement made to the police can be used as evidence in court, which is why it’s often advisable to speak only in the presence of your attorney.</li>
</ul>
<h4>5. What to Do If You&#8217;re Arrested</h4>
<p>If you find yourself under arrest, certain behaviors are recommended:</p>
<ul>
<li><strong>Stay Calm:</strong> Resisting arrest can lead to additional charges. Try to remain calm and compliant.</li>
<li><strong>Invoke Your Rights:</strong> Clearly and calmly state that you wish to remain silent and request an attorney. Remember, you do not need to engage in any discussion beyond this.</li>
</ul>
<h4>6. Seeking Legal Advice and Representation</h4>
<p>Obtaining legal advice early in the process can be crucial:</p>
<ul>
<li><strong>Consulting a Lawyer:</strong> A lawyer can help you understand the nature of the investigation and your rights within that context. They can also advise on whether or not you should answer questions from law enforcement.</li>
<li><strong>Representation:</strong> Having legal representation during interrogations and court proceedings is essential. A lawyer can defend your rights and work towards the best possible outcome in your case.</li>
</ul>
<h4>7. Conclusion: Staying Informed About Your Rights</h4>
<p>Navigating a criminal investigation requires a clear understanding of your legal rights. Being well-informed and exercising these rights effectively can have a significant impact on the process and outcome of your case. It’s always advisable to seek legal counsel and representation to ensure your rights are fully protected throughout the criminal investigation process.</p></div>
			</div>
			</div>
				
				
				
				
			</div>
				
				
			</div>
]]></content:encoded>
					
					<wfw:commentRss>/understanding-your-rights-during-a-criminal-investigation/feed/</wfw:commentRss>
			<slash:comments>0</slash:comments>
		
		
			</item>
		<item>
		<title>Dispute Resolution Strategies for Business Partnerships</title>
		<link>/dispute-resolution-strategies-for-business-partnerships/</link>
					<comments>/dispute-resolution-strategies-for-business-partnerships/#respond</comments>
		
		<dc:creator><![CDATA[directoryadmin]]></dc:creator>
		<pubDate>Tue, 28 Nov 2023 07:16:48 +0000</pubDate>
				<category><![CDATA[Business Law]]></category>
		<guid isPermaLink="false">https://localmarketingsuites.com/demo/attorney/corporate/?p=305623</guid>

					<description><![CDATA[]]></description>
										<content:encoded><![CDATA[
<div class="et_pb_section et_pb_section_7 et_section_regular" >
				
				
				
				
				
				
				<div class="et_pb_row et_pb_row_7">
				<div class="et_pb_column et_pb_column_4_4 et_pb_column_7  et_pb_css_mix_blend_mode_passthrough et-last-child">
				
				
				
				
				<div class="et_pb_module et_pb_text et_pb_text_7  et_pb_text_align_left et_pb_bg_layout_light">
				
				
				
				
				<div class="et_pb_text_inner"><h4>1. Introduction to Dispute Resolution in Business Partnerships</h4>
<p>Effective dispute resolution in business partnerships is critical for the longevity and success of the partnership. Understanding how to address and resolve conflicts efficiently can prevent them from escalating into major issues that threaten the partnership’s stability. This article explores various strategies and tools for managing and resolving disputes in a business partnership.</p>
<h4>2. Common Causes of Disputes in Partnerships</h4>
<p>Disputes can arise from several common sources:</p>
<ul>
<li><strong>Misaligned Goals or Expectations:</strong> Partners may enter into a business with different visions or expectations, which can lead to conflicts if not aligned properly.</li>
<li><strong>Financial Disagreements:</strong> One of the most frequent sources of conflict, these disagreements can involve profit distribution, investment decisions, or financial strategies.</li>
<li><strong>Role and Responsibility Conflicts:</strong> Ambiguity or overlap in roles and responsibilities can create friction, especially if partners feel that workloads or benefits are not evenly distributed.</li>
</ul>
<h4>3. Preemptive Strategies for Minimizing Conflicts</h4>
<p>Taking proactive steps can help in minimizing the occurrence of disputes:</p>
<ul>
<li><strong>Clear Partnership Agreements:</strong> A well-drafted partnership agreement should cover all critical aspects of the business relationship, including roles, responsibilities, financial arrangements, and specific dispute resolution mechanisms.</li>
<li><strong>Regular Communication:</strong> Establishing regular meetings and check-ins can ensure that issues are discussed and resolved before they escalate. Open and transparent communication is key to avoiding misunderstandings.</li>
</ul>
<h4>4. Mediation as a Dispute Resolution Tool</h4>
<p>Mediation is a voluntary process where a neutral third party helps the disputing parties reach a mutually satisfactory resolution.</p>
<ul>
<li><strong>Choosing a Mediator:</strong> It’s important to select a mediator who is not only experienced in business matters but also perceived as neutral by all parties involved.</li>
<li><strong>The Mediation Process:</strong> The process should encourage open communication, allowing each party to express their viewpoint while the mediator facilitates the discussion towards a resolution.</li>
</ul>
<h4>5. The Role of Arbitration in Resolving Conflicts</h4>
<p>Arbitration is a more formal approach compared to mediation and can be binding.</p>
<ul>
<li><strong>Binding Decisions:</strong> Decisions made by the arbitrator are generally final and legally binding, which can be beneficial for ensuring compliance.</li>
<li><strong>Arbitration Clauses:</strong> Many businesses include arbitration clauses in their partnership agreements to ensure a predefined path for resolving disputes.</li>
</ul>
<h4>6. Legal Approaches and Litigation</h4>
<p>Litigation is often seen as a last resort due to its potential to damage relationships and its high costs.</p>
<ul>
<li><strong>Legal Consultation:</strong> Before proceeding with litigation, it&#8217;s advisable to consult with legal professionals to understand the potential consequences and likelihood of success.</li>
<li><strong>Litigation Process:</strong> Understanding the full scope of litigation, including the time, financial cost, and impact on the business’s public image, is crucial.</li>
</ul>
<h4>7. Maintaining a Positive Partnership Post-Resolution</h4>
<p>The post-resolution phase is critical for the health of the partnership:</p>
<ul>
<li><strong>Rebuilding Trust:</strong> Efforts should be made to rebuild trust, which may include more transparent communication or changes in how decisions are made.</li>
<li><strong>Learning from Disputes:</strong> Reflecting on the dispute and its resolution can provide valuable insights for improving future conflict management and decision-making processes.</li>
</ul>
<h4>8. Conclusion: Building Stronger Partnerships through Effective Dispute Resolution</h4>
<p>In conclusion, the ability to effectively resolve disputes is a cornerstone of a strong business partnership. Employing the right strategies not only helps in resolving current conflicts but also paves the way for a more cohesive and collaborative relationship in the future. By prioritizing open communication, understanding the root causes of conflicts, and choosing appropriate resolution methods, partners can ensure the longevity and success of their business collaboration.</p></div>
			</div>
			</div>
				
				
				
				
			</div>
				
				
			</div>
]]></content:encoded>
					
					<wfw:commentRss>/dispute-resolution-strategies-for-business-partnerships/feed/</wfw:commentRss>
			<slash:comments>0</slash:comments>
		
		
			</item>
		<item>
		<title>IP Protection: Safeguarding Your Business Assets</title>
		<link>/ip-protection-safeguarding-your-business-assets/</link>
					<comments>/ip-protection-safeguarding-your-business-assets/#respond</comments>
		
		<dc:creator><![CDATA[directoryadmin]]></dc:creator>
		<pubDate>Tue, 28 Nov 2023 07:15:26 +0000</pubDate>
				<category><![CDATA[Business Law]]></category>
		<guid isPermaLink="false">https://localmarketingsuites.com/demo/attorney/corporate/?p=305619</guid>

					<description><![CDATA[]]></description>
										<content:encoded><![CDATA[
<div class="et_pb_section et_pb_section_8 et_section_regular" >
				
				
				
				
				
				
				<div class="et_pb_row et_pb_row_8">
				<div class="et_pb_column et_pb_column_4_4 et_pb_column_8  et_pb_css_mix_blend_mode_passthrough et-last-child">
				
				
				
				
				<div class="et_pb_module et_pb_text et_pb_text_8  et_pb_text_align_left et_pb_bg_layout_light">
				
				
				
				
				<div class="et_pb_text_inner"><h4>1. Introduction to Intellectual Property and Its Importance</h4>
Intellectual Property (IP) represents the invaluable, intangible assets of a business, ranging from innovative products and proprietary technologies to unique branding and original creative works. Protecting these assets is not just a legal necessity; it&#8217;s a strategic imperative that can define a company&#8217;s competitive edge, drive its growth, and enhance its market value. IP protection is about securing the rewards of innovation and creativity, ensuring that they contribute to business success.
<h4>2. Types of Intellectual Property Rights</h4>
Understanding the landscape of IP rights is the first step in effective protection:
<ul>
	<li><strong>Patents:</strong> Patents are crucial for protecting inventions for a specific period, typically 20 years. They are essential for businesses that invest in research and development, as they prevent others from commercially exploiting the patented invention without authorization.</li>
	<li><strong>Copyrights:</strong> These protect original works of authorship, such as books, music, and software. Copyrights are automatically assigned upon the creation of the work and last for the lifetime of the creator plus a certain number of years after their death.</li>
	<li><strong>Trademarks:</strong> Trademarks protect symbols, names, and slogans used to identify and differentiate products or services. They are pivotal in branding strategy, as they prevent competitors from using similar identifiers that could confuse consumers.</li>
</ul>
<h4>3. Strategies for Protecting Intellectual Property</h4>
Developing a comprehensive strategy to protect IP assets is essential:
<ul>
	<li><strong>Conducting IP Audits:</strong> Regular audits help identify all the IP assets a company owns, laying the groundwork for developing a protection strategy. This includes assessing which assets are most valuable and at risk.</li>
	<li><strong>Non-Disclosure Agreements (NDAs):</strong> NDAs are vital when sharing confidential information with third parties, such as during business partnerships or product development processes. They legally bind parties to confidentiality, protecting the shared intellectual assets.</li>
</ul>
<h4>4. Navigating Intellectual Property Registration</h4>
The process and requirements for registering IP rights vary:
<ul>
	<li><strong>Patent Filing:</strong> Patent applications require a detailed description of the invention, along with claims defining its scope. The process involves a thorough examination by patent offices and can be complex and time-consuming.</li>
	<li><strong>Trademark Registration:</strong> This involves searching to ensure your brand elements are unique, followed by an application process. Once registered, trademarks offer legal protection against infringement and counterfeiting.</li>
</ul>
<h4>5. Enforcing Intellectual Property Rights</h4>
Active enforcement is crucial to derive value from IP rights:
<ul>
	<li><strong>Monitoring Infringement:</strong> Businesses should regularly monitor the market for potential infringements, using both manual searches and specialized software tools.</li>
	<li><strong>Legal Action:</strong> In cases of infringement, companies may need to pursue legal action, which can range from cease-and-desist letters to litigation, to protect their IP rights effectively.</li>
</ul>
<h4>6. The Role of Intellectual Property in Business Strategy</h4>
IP can be leveraged as a strategic business asset:
<ul>
	<li><strong>Licensing Opportunities:</strong> Licensing IP can be a significant revenue source, especially for companies with patented technologies or popular brands.</li>
	<li><strong>Competitive Advantage:</strong> Strong IP assets can provide a unique competitive advantage, differentiating products and services in the marketplace and building customer loyalty.</li>
</ul>
<h4>7. Conclusion: The Value of Intellectual Property Protection</h4>
Effective IP protection is not just about safeguarding assets; it&#8217;s about securing a business&#8217;s future. It encourages innovation, fosters a strong brand identity, and can open new revenue streams. In today&#8217;s fast-paced, competitive business environment, understanding and managing IP is more than a legal requirement – it&#8217;s a cornerstone of strategic business planning and a catalyst for growth and success.</div>
			</div>
			</div>
				
				
				
				
			</div>
				
				
			</div>
]]></content:encoded>
					
					<wfw:commentRss>/ip-protection-safeguarding-your-business-assets/feed/</wfw:commentRss>
			<slash:comments>0</slash:comments>
		
		
			</item>
		<item>
		<title>Understanding Regulatory Compliance for Your Industry</title>
		<link>/understanding-regulatory-compliance-for-your-industry/</link>
					<comments>/understanding-regulatory-compliance-for-your-industry/#respond</comments>
		
		<dc:creator><![CDATA[directoryadmin]]></dc:creator>
		<pubDate>Tue, 28 Nov 2023 07:13:05 +0000</pubDate>
				<category><![CDATA[Business Law]]></category>
		<guid isPermaLink="false">https://localmarketingsuites.com/demo/attorney/corporate/?p=305613</guid>

					<description><![CDATA[]]></description>
										<content:encoded><![CDATA[
<div class="et_pb_section et_pb_section_9 et_section_regular" >
				
				
				
				
				
				
				<div class="et_pb_row et_pb_row_9">
				<div class="et_pb_column et_pb_column_4_4 et_pb_column_9  et_pb_css_mix_blend_mode_passthrough et-last-child">
				
				
				
				
				<div class="et_pb_module et_pb_text et_pb_text_9  et_pb_text_align_left et_pb_bg_layout_light">
				
				
				
				
				<div class="et_pb_text_inner"><h4>1. Introduction to Regulatory Compliance</h4>
Regulatory compliance involves adhering to laws, regulations, guidelines, and specifications relevant to your business operations. It&#8217;s not just about avoiding legal penalties; it&#8217;s also about building trust with customers, enhancing your brand&#8217;s reputation, and creating a stable operating environment. Compliance is a dynamic field, with regulations often changing in response to new developments in the market, technology, and societal expectations.
<h4>2. Understanding Your Industry&#8217;s Regulatory Framework</h4>
Each industry faces a unique set of regulations. For instance, the healthcare sector must comply with HIPAA for patient data privacy, while financial institutions are governed by regulations like the Sarbanes-Oxley Act and Dodd-Frank Act.
<ul>
	<li><strong>Industry-Specific Regulations:</strong> For example, the tech industry must often focus on data privacy laws like GDPR, whereas manufacturing might focus more on environmental and safety regulations.</li>
	<li><strong>Keeping Updated with Changes:</strong> Utilize government websites, subscribe to industry newsletters, and participate in industry associations to stay informed about regulatory changes.</li>
</ul>
<h4>3. Key Components of Compliance Management</h4>
A robust compliance management system should include a comprehensive understanding of all applicable regulations, risk assessment, and a plan to address these risks.
<ul>
	<li><strong>Risk Assessment:</strong> Identify areas where your business might be at risk of non-compliance. This could involve financial risks, data breaches, or operational risks.</li>
	<li><strong>Compliance Policies and Procedures:</strong> Develop clear and documented policies and procedures to guide your team in compliance-related matters. Regularly review these policies to ensure they are up-to-date.</li>
</ul>
<h4>4. Common Challenges in Achieving Compliance</h4>
Compliance can be complex, with challenges including understanding which regulations apply to your business and adapting to new or changing regulations.
<ul>
	<li><strong>Rapid Regulatory Changes:</strong> Develop a proactive approach to monitor and respond to new regulations. This could involve forming a dedicated compliance team.</li>
	<li><strong>Resource Allocation:</strong> Determine the resources needed for effective compliance management, including budget, personnel, and technology.</li>
</ul>
<h4>5. Best Practices for Maintaining Compliance</h4>
Creating a culture of compliance within your organization is essential for long-term success.
<ul>
	<li><strong>Regular Training and Education:</strong> Conduct regular training sessions for employees to keep them informed about compliance requirements and procedures.</li>
	<li><strong>Compliance Audits:</strong> Perform regular internal or external audits to assess compliance status and make necessary adjustments.</li>
</ul>
<h4>6. Technology&#8217;s Role in Compliance Management</h4>
Leveraging technology can greatly enhance your compliance efforts, making them more efficient and less prone to error.
<ul>
	<li><strong>Compliance Software Solutions:</strong> Implement software solutions that can help in tracking regulatory changes, managing documentation, and reporting compliance status.</li>
	<li><strong>Automated Monitoring:</strong> Use automation for continuous monitoring of compliance. This could include tools that flag potential non-compliance issues in real-time.</li>
</ul>
<h4>7. Conclusion: Staying Ahead in Compliance</h4>
Navigating the complexities of regulatory compliance is challenging but essential. By understanding your industry-specific requirements, staying abreast of changes, employing best practices, and leveraging technology, you can maintain a strong compliance posture. This proactive approach not only minimizes risks but also contributes to the sustainable growth and credibility of your business.</div>
			</div>
			</div>
				
				
				
				
			</div>
				
				
			</div>
]]></content:encoded>
					
					<wfw:commentRss>/understanding-regulatory-compliance-for-your-industry/feed/</wfw:commentRss>
			<slash:comments>0</slash:comments>
		
		
			</item>
	</channel>
</rss>
