<?xml version="1.0" encoding="UTF-8"?><rss version="2.0"
	xmlns:content="http://purl.org/rss/1.0/modules/content/"
	xmlns:wfw="http://wellformedweb.org/CommentAPI/"
	xmlns:dc="http://purl.org/dc/elements/1.1/"
	xmlns:atom="http://www.w3.org/2005/Atom"
	xmlns:sy="http://purl.org/rss/1.0/modules/syndication/"
	xmlns:slash="http://purl.org/rss/1.0/modules/slash/"
	>

<channel>
	<title>General | Attorney Directory</title>
	<atom:link href="/category/general/feed/" rel="self" type="application/rss+xml" />
	<link>/</link>
	<description></description>
	<lastBuildDate>Fri, 26 Jan 2024 07:23:33 +0000</lastBuildDate>
	<language>en-US</language>
	<sy:updatePeriod>
	hourly	</sy:updatePeriod>
	<sy:updateFrequency>
	1	</sy:updateFrequency>
	<generator>https://wordpress.org/?v=6.5.5</generator>
	<item>
		<title>The Art of Effective Legal Communication</title>
		<link>/the-art-of-effective-legal-communication/</link>
					<comments>/the-art-of-effective-legal-communication/#respond</comments>
		
		<dc:creator><![CDATA[directoryadmin]]></dc:creator>
		<pubDate>Sat, 11 Nov 2023 05:47:19 +0000</pubDate>
				<category><![CDATA[General]]></category>
		<guid isPermaLink="false">https://localmarketingsuites.com/demo/attorney/general/?p=1100</guid>

					<description><![CDATA[]]></description>
										<content:encoded><![CDATA[
<div class="et_pb_section et_pb_section_0 et_section_regular" >
				
				
				
				
				
				
				<div class="et_pb_row et_pb_row_0">
				<div class="et_pb_column et_pb_column_4_4 et_pb_column_0  et_pb_css_mix_blend_mode_passthrough et-last-child">
				
				
				
				
				<div class="et_pb_module et_pb_text et_pb_text_0  et_pb_text_align_left et_pb_bg_layout_light">
				
				
				
				
				<div class="et_pb_text_inner"><p>Welcome to the realm where words meet justice, and effective legal communication becomes an art form. In the legal arena, it&#8217;s not just about the law; it&#8217;s about articulating complex ideas in a way that resonates and persuades. So, let&#8217;s explore the artistry behind effective legal communication, where the pen is indeed mightier than the sword.</p>
<p><strong>Crafting the Legal Canvas: Precision in Language</strong></p>
<p>Imagine legal documents as a canvas, and your words as the strokes of a masterful painter. Precision in language is crucial. It&#8217;s about choosing the right words to convey nuanced legal meanings, ensuring that your message is clear and unambiguous. Like an artist carefully selects colors, a legal professional must wield language with finesse.</p>
<p><strong>Navigating Legal Labyrinths: Clear and Concise Writing</strong></p>
<p>Legal labyrinths can be daunting, filled with intricate twists and turns. Effective legal communication is the compass that guides you through these complexities. Clear and concise writing is the hallmark of a skilled communicator. It&#8217;s about presenting complex legal concepts in a way that is easily understood, much like navigating a maze with clear signage.</p>
<p><strong>The Symphony of Argumentation: Persuasion in Legal Writing</strong></p>
<p>Legal writing is a symphony of argumentation. Each paragraph is a note, building a persuasive melody that resonates with the reader. It&#8217;s not just about presenting facts; it&#8217;s about crafting a compelling narrative that leads the audience to the inevitable crescendo – your legal conclusion. Like a composer builds tension before a resolution, effective legal communication builds arguments to a persuasive climax.</p>
<p><strong>The Elegance of Legal Correspondence: Professionalism in Tone</strong></p>
<p>Legal correspondence is the ballet of professional communication. The tone must be elegant, respectful, and in line with the formality of legal proceedings. It&#8217;s not just about conveying information; it&#8217;s about doing so with a level of professionalism that befits the legal stage. Just as dancers maintain grace and poise, legal professionals maintain a tone that reflects the dignity of the profession.</p>
<p><strong>Client Conversations: Bridging the Legal Divide</strong></p>
<p>Engaging in client conversations is like being a translator between two languages – the legal jargon and the client&#8217;s understanding. Effective legal communication in client interactions involves bridging this divide. It&#8217;s about explaining legal concepts in layman&#8217;s terms, ensuring that clients are not only informed but actively involved in their legal journey.</p>
<p><strong>Courtroom Oratory: The Drama of Legal Advocacy</strong></p>
<p>In the courtroom, legal advocacy becomes a dramatic performance. Effective communication involves more than just presenting arguments; it&#8217;s about capturing the attention of the audience, be it a judge or a jury. Like a skilled actor delivers lines with conviction, a legal advocate delivers arguments with persuasiveness and conviction, making the legal drama come to life.</p>
<p><strong>Listening as Communication: The Silent Art</strong></p>
<p>Communication is not just about speaking; it&#8217;s also about listening. In legal practice, effective communication involves actively listening to clients, opposing counsel, and judges. It&#8217;s the silent art of understanding, where the nuances of a case are gleaned not just from words spoken but from the spaces in between.</p>
<p><strong>Legal Negotiations: The Dance of Compromise</strong></p>
<p>Legal negotiations are a dance of compromise. Effective communication in negotiation involves finding common ground, understanding the other party&#8217;s perspective, and articulating your position persuasively. It&#8217;s the negotiation waltz, where each step brings you closer to a legal agreement that harmonizes conflicting interests.</p>
<p><strong>Ethics in Communication: The Moral Compass</strong></p>
<p>In the legal profession, the art of effective communication is guided by ethics – the moral compass that ensures honesty, transparency, and integrity. It&#8217;s not just about winning arguments; it&#8217;s about winning with honor. Like a virtuoso playing with unwavering ethics, legal professionals communicate in a way that upholds the principles of justice.</p>
<p><strong>Continuous Improvement: The Artistic Journey</strong></p>
<p>Just as artists continually refine their craft, legal professionals embark on a journey of continuous improvement in communication. It&#8217;s about honing the artistry, adapting to evolving legal landscapes, and embracing new forms of expression. Like artists experimenting with different techniques, legal communicators explore innovative ways to convey their messages effectively.</p>
<p>In conclusion, the art of effective legal communication is a multifaceted masterpiece. It requires a blend of linguistic precision, persuasive orchestration, and a commitment to ethical conduct. As legal professionals, you are not just practitioners of the law; you are artists shaping the narrative of justice. So, let the artistry of your words be a powerful force in the pursuit of a more just and communicative legal world.</p></div>
			</div>
			</div>
				
				
				
				
			</div>
				
				
			</div>
]]></content:encoded>
					
					<wfw:commentRss>/the-art-of-effective-legal-communication/feed/</wfw:commentRss>
			<slash:comments>0</slash:comments>
		
		
			</item>
	</channel>
</rss>
