<?xml version="1.0" encoding="UTF-8"?><rss version="2.0"
	xmlns:content="http://purl.org/rss/1.0/modules/content/"
	xmlns:dc="http://purl.org/dc/elements/1.1/"
	xmlns:atom="http://www.w3.org/2005/Atom"
	xmlns:sy="http://purl.org/rss/1.0/modules/syndication/"
	
	>
<channel>
	<title>
	Comments on: Five Things You Should Know in a Divorce	</title>
	<atom:link href="/five-things-you-should-know-in-a-divorce/feed/" rel="self" type="application/rss+xml" />
	<link>/five-things-you-should-know-in-a-divorce/</link>
	<description></description>
	<lastBuildDate>Sat, 27 Jan 2024 15:21:43 +0000</lastBuildDate>
	<sy:updatePeriod>
	hourly	</sy:updatePeriod>
	<sy:updateFrequency>
	1	</sy:updateFrequency>
	<generator>https://wordpress.org/?v=6.5.5</generator>
</channel>
</rss>
