<?xml version="1.0" encoding="UTF-8"?><rss version="2.0"
	xmlns:content="http://purl.org/rss/1.0/modules/content/"
	xmlns:wfw="http://wellformedweb.org/CommentAPI/"
	xmlns:dc="http://purl.org/dc/elements/1.1/"
	xmlns:atom="http://www.w3.org/2005/Atom"
	xmlns:sy="http://purl.org/rss/1.0/modules/syndication/"
	xmlns:slash="http://purl.org/rss/1.0/modules/slash/"
	>

<channel>
	<title>Family Law | Attorney Directory</title>
	<atom:link href="/practice/family-law/feed/" rel="self" type="application/rss+xml" />
	<link>/</link>
	<description></description>
	<lastBuildDate>Mon, 29 Jan 2024 09:17:20 +0000</lastBuildDate>
	<language>en-US</language>
	<sy:updatePeriod>
	hourly	</sy:updatePeriod>
	<sy:updateFrequency>
	1	</sy:updateFrequency>
	<generator>https://wordpress.org/?v=6.5.5</generator>
	<item>
		<title>Ray Phillips &#8211; Family Lawyer NYC</title>
		<link>/profile/ray-phillips/</link>
		
		<dc:creator><![CDATA[directoryadmin]]></dc:creator>
		<pubDate>Tue, 23 Jan 2024 10:18:00 +0000</pubDate>
				<guid isPermaLink="false">https://localmarketingsuites.com/demo/directory/?post_type=profile&#038;p=274482</guid>

					<description><![CDATA[]]></description>
										<content:encoded><![CDATA[
<div class="et_pb_section et_pb_section_0 et_section_regular" >
				
				
				
				
				
				
				<div class="et_pb_with_border et_pb_row et_pb_row_0">
				<div class="et_pb_column et_pb_column_4_4 et_pb_column_0  et_pb_css_mix_blend_mode_passthrough et-last-child">
				
				
				
				
				<div class="et_pb_module et_pb_blurb et_pb_blurb_0  et_pb_text_align_left  et_pb_blurb_position_left et_pb_bg_layout_light">
				
				
				
				
				<div class="et_pb_blurb_content">
					<div class="et_pb_main_blurb_image"><span class="et_pb_image_wrap"><span class="et-waypoint et_pb_animation_off et_pb_animation_off_tablet et_pb_animation_off_phone et-pb-icon"></span></span></div>
					<div class="et_pb_blurb_container">
						<h4 class="et_pb_module_header"><span>About</span></h4>
						
					</div>
				</div>
			</div><div class="et_pb_module et_pb_text et_pb_text_0  et_pb_text_align_left et_pb_bg_layout_light">
				
				
				
				
				<div class="et_pb_text_inner">Renowned for his empathetic approach and commitment to achieving the best outcomes for families, Ray specializes in divorce, custody, and mediation matters.</div>
			</div>
			</div>
				
				
				
				
			</div><div class="et_pb_row et_pb_row_1 et_pb_equal_columns et_pb_gutters2">
				<div class="et_pb_column et_pb_column_1_2 et_pb_column_1  et_pb_css_mix_blend_mode_passthrough">
				
				
				
				
				<div class="et_pb_module et_pb_text et_pb_text_1  et_pb_text_align_left et_pb_bg_layout_light">
				
				
				
				
				<div class="et_pb_text_inner"><h2>Lawyer Rating:</h2></div>
			</div><ul class="et_pb_module et_pb_counters et_pb_counters_0 et-waypoint et_pb_bg_layout_light">
				<li class="et_pb_counter et_pb_counter_0">
				<span class="et_pb_counter_title">Legal Knowledge</span>
				<span class="et_pb_counter_container">
					
					
					
					
					<span class="et_pb_counter_amount" style="" data-width="100%"><span class="et_pb_counter_amount_number"><span class="et_pb_counter_amount_number_inner">100%</span></span></span>
					<span class="et_pb_counter_amount overlay" style="" data-width="100%"><span class="et_pb_counter_amount_number"><span class="et_pb_counter_amount_number_inner">100%</span></span></span>
				</span>
			</li><li class="et_pb_counter et_pb_counter_1">
				<span class="et_pb_counter_title">Legal Analysis</span>
				<span class="et_pb_counter_container">
					
					
					
					
					<span class="et_pb_counter_amount" style="" data-width="95%"><span class="et_pb_counter_amount_number"><span class="et_pb_counter_amount_number_inner">95%</span></span></span>
					<span class="et_pb_counter_amount overlay" style="" data-width="95%"><span class="et_pb_counter_amount_number"><span class="et_pb_counter_amount_number_inner">95%</span></span></span>
				</span>
			</li><li class="et_pb_counter et_pb_counter_2">
				<span class="et_pb_counter_title">Communication</span>
				<span class="et_pb_counter_container">
					
					
					
					
					<span class="et_pb_counter_amount" style="" data-width="95%"><span class="et_pb_counter_amount_number"><span class="et_pb_counter_amount_number_inner">95%</span></span></span>
					<span class="et_pb_counter_amount overlay" style="" data-width="95%"><span class="et_pb_counter_amount_number"><span class="et_pb_counter_amount_number_inner">95%</span></span></span>
				</span>
			</li><li class="et_pb_counter et_pb_counter_3">
				<span class="et_pb_counter_title">Professionalism</span>
				<span class="et_pb_counter_container">
					
					
					
					
					<span class="et_pb_counter_amount" style="" data-width="100%"><span class="et_pb_counter_amount_number"><span class="et_pb_counter_amount_number_inner">100%</span></span></span>
					<span class="et_pb_counter_amount overlay" style="" data-width="100%"><span class="et_pb_counter_amount_number"><span class="et_pb_counter_amount_number_inner">100%</span></span></span>
				</span>
			</li>
			</ul>
			</div><div class="et_pb_column et_pb_column_1_2 et_pb_column_2  et_pb_css_mix_blend_mode_passthrough et-last-child">
				
				
				
				
				<div class="et_pb_module et_pb_text et_pb_text_2  et_pb_text_align_left et_pb_bg_layout_light">
				
				
				
				
				<div class="et_pb_text_inner"><h2>Our Score:</h2></div>
			</div><div class="et_pb_module et_pb_blurb et_pb_blurb_1  et_pb_text_align_center  et_pb_blurb_position_top et_pb_bg_layout_light">
				
				
				
				
				<div class="et_pb_blurb_content">
					<div class="et_pb_main_blurb_image"><span class="et_pb_image_wrap"><span class="et-waypoint et_pb_animation_off et_pb_animation_off_tablet et_pb_animation_off_phone et-pb-icon"></span></span></div>
					<div class="et_pb_blurb_container">
						<h4 class="et_pb_module_header"><span>/5</span></h4>
						<div class="et_pb_blurb_description"><p>Outstanding!</p></div>
					</div>
				</div>
			</div>
			</div>
				
				
				
				
			</div><div class="et_pb_with_border et_pb_row et_pb_row_2">
				<div class="et_pb_column et_pb_column_4_4 et_pb_column_3  et_pb_css_mix_blend_mode_passthrough et-last-child">
				
				
				
				
				<div class="et_pb_module et_pb_blurb et_pb_blurb_2  et_pb_text_align_left  et_pb_blurb_position_left et_pb_bg_layout_light">
				
				
				
				
				<div class="et_pb_blurb_content">
					<div class="et_pb_main_blurb_image"><span class="et_pb_image_wrap"><span class="et-waypoint et_pb_animation_off et_pb_animation_off_tablet et_pb_animation_off_phone et-pb-icon"></span></span></div>
					<div class="et_pb_blurb_container">
						<h4 class="et_pb_module_header"><span>Biography</span></h4>
						
					</div>
				</div>
			</div><div class="et_pb_module et_pb_text et_pb_text_3  et_pb_text_align_left et_pb_bg_layout_light">
				
				
				
				
				<div class="et_pb_text_inner">Ray Phillips has dedicated his 18-year career to the practice of family law in New York, developing a reputation as a compassionate and skilled family lawyer. His practice centers on helping families navigate the often complex and emotional landscape of family law disputes.

Graduating from NYU School of Law, Ray began his career with a deep-seated commitment to family advocacy. He has since become a trusted name in family law, known for his ability to handle sensitive cases involving divorce, child custody, and family mediation with care and discretion.

Ray&#8217;s approach to family law is rooted in understanding and empathy. He recognizes the emotional strain these cases can place on individuals and families and strives to provide legal solutions that prioritize the well-being of all parties involved. This client-centered focus has led to many successful resolutions, both in and out of court.

In addition to his legal practice, Ray is an active member of various family law committees and frequently volunteers at community legal clinics. He is committed to raising awareness about family law issues and providing accessible legal support to those in need.</div>
			</div>
			</div>
				
				
				
				
			</div><div class="et_pb_with_border et_pb_row et_pb_row_3">
				<div class="et_pb_column et_pb_column_4_4 et_pb_column_4  et_pb_css_mix_blend_mode_passthrough et-last-child">
				
				
				
				
				<div class="et_pb_module et_pb_blurb et_pb_blurb_3  et_pb_text_align_left  et_pb_blurb_position_left et_pb_bg_layout_light">
				
				
				
				
				<div class="et_pb_blurb_content">
					<div class="et_pb_main_blurb_image"><span class="et_pb_image_wrap"><span class="et-waypoint et_pb_animation_off et_pb_animation_off_tablet et_pb_animation_off_phone et-pb-icon"></span></span></div>
					<div class="et_pb_blurb_container">
						<h4 class="et_pb_module_header"><span>Practice Areas</span></h4>
						
					</div>
				</div>
			</div><div class="et_pb_module et_pb_text et_pb_text_4  et_pb_text_align_left et_pb_bg_layout_light">
				
				
				
				
				<div class="et_pb_text_inner"><p><strong>&#8211; Family Law</strong><span>: Divorce and Separation, Child Custody and Visitation, Spousal and Child Support, Mediation and Conflict Resolution, Prenuptial Agreements.</span></p></div>
			</div>
			</div>
				
				
				
				
			</div><div class="et_pb_with_border et_pb_row et_pb_row_4">
				<div class="et_pb_column et_pb_column_4_4 et_pb_column_5  et_pb_css_mix_blend_mode_passthrough et-last-child">
				
				
				
				
				<div class="et_pb_module et_pb_blurb et_pb_blurb_4  et_pb_text_align_left  et_pb_blurb_position_left et_pb_bg_layout_light">
				
				
				
				
				<div class="et_pb_blurb_content">
					<div class="et_pb_main_blurb_image"><span class="et_pb_image_wrap"><span class="et-waypoint et_pb_animation_off et_pb_animation_off_tablet et_pb_animation_off_phone et-pb-icon"></span></span></div>
					<div class="et_pb_blurb_container">
						<h4 class="et_pb_module_header"><span>Fees</span></h4>
						
					</div>
				</div>
			</div><div class="et_pb_module et_pb_text et_pb_text_5  et_pb_text_align_left et_pb_bg_layout_light">
				
				
				
				
				<div class="et_pb_text_inner">&#8211; Free Consultation
&#8211; Credit Card Accepted</div>
			</div>
			</div>
				
				
				
				
			</div><div class="et_pb_with_border et_pb_row et_pb_row_5">
				<div class="et_pb_column et_pb_column_4_4 et_pb_column_6  et_pb_css_mix_blend_mode_passthrough et-last-child">
				
				
				
				
				<div class="et_pb_module et_pb_blurb et_pb_blurb_5  et_pb_text_align_left  et_pb_blurb_position_left et_pb_bg_layout_light">
				
				
				
				
				<div class="et_pb_blurb_content">
					<div class="et_pb_main_blurb_image"><span class="et_pb_image_wrap"><span class="et-waypoint et_pb_animation_off et_pb_animation_off_tablet et_pb_animation_off_phone et-pb-icon"></span></span></div>
					<div class="et_pb_blurb_container">
						<h4 class="et_pb_module_header"><span>Languages</span></h4>
						
					</div>
				</div>
			</div><div class="et_pb_module et_pb_text et_pb_text_6  et_pb_text_align_left et_pb_bg_layout_light">
				
				
				
				
				<div class="et_pb_text_inner"><p><strong>&#8211; English:</strong> Spoken, Written<br /><strong>&#8211; Spanish:</strong> Spoken, Written</p></div>
			</div>
			</div>
				
				
				
				
			</div><div class="et_pb_with_border et_pb_row et_pb_row_6">
				<div class="et_pb_column et_pb_column_4_4 et_pb_column_7  et_pb_css_mix_blend_mode_passthrough et-last-child">
				
				
				
				
				<div class="et_pb_module et_pb_blurb et_pb_blurb_6  et_pb_text_align_left  et_pb_blurb_position_left et_pb_bg_layout_light">
				
				
				
				
				<div class="et_pb_blurb_content">
					<div class="et_pb_main_blurb_image"><span class="et_pb_image_wrap"><span class="et-waypoint et_pb_animation_off et_pb_animation_off_tablet et_pb_animation_off_phone et-pb-icon"></span></span></div>
					<div class="et_pb_blurb_container">
						<h4 class="et_pb_module_header"><span>Professional Experience</span></h4>
						
					</div>
				</div>
			</div><div class="et_pb_module et_pb_text et_pb_text_7  et_pb_text_align_left et_pb_bg_layout_light">
				
				
				
				
				<div class="et_pb_text_inner"><p><strong>&#8211; Family Law Attorney, Phillips Family Law Firm</strong>: Lead Attorney in Family Law Cases, Mediation and Settlement Negotiation.</p>
<p><strong>&#8211; Legal Counsel, Children&#8217;s Rights Organization</strong>: Advocacy for Children&#8217;s Legal Rights, Policy Development.</p>
<p><strong>&#8211; Associate Attorney, General Practice Firm</strong>: Family Law Focus, Client Representation in Court, Legal Documentation.</p></div>
			</div>
			</div>
				
				
				
				
			</div><div class="et_pb_with_border et_pb_row et_pb_row_7">
				<div class="et_pb_column et_pb_column_4_4 et_pb_column_8  et_pb_css_mix_blend_mode_passthrough et-last-child">
				
				
				
				
				<div class="et_pb_module et_pb_blurb et_pb_blurb_7  et_pb_text_align_left  et_pb_blurb_position_left et_pb_bg_layout_light">
				
				
				
				
				<div class="et_pb_blurb_content">
					<div class="et_pb_main_blurb_image"><span class="et_pb_image_wrap"><span class="et-waypoint et_pb_animation_off et_pb_animation_off_tablet et_pb_animation_off_phone et-pb-icon"></span></span></div>
					<div class="et_pb_blurb_container">
						<h4 class="et_pb_module_header"><span>Education</span></h4>
						
					</div>
				</div>
			</div><div class="et_pb_module et_pb_text et_pb_text_8  et_pb_text_align_left et_pb_bg_layout_light">
				
				
				
				
				<div class="et_pb_text_inner"><p><strong>&#8211; J.D., NYU School of Law</strong>: Specialization in Family Law.</p>
<p><strong>&#8211; B.A. in Psychology, Columbia University</strong>: With Honors, Focus on Developmental Psychology.</p></div>
			</div>
			</div>
				
				
				
				
			</div><div class="et_pb_with_border et_pb_row et_pb_row_8">
				<div class="et_pb_column et_pb_column_4_4 et_pb_column_9  et_pb_css_mix_blend_mode_passthrough et-last-child">
				
				
				
				
				<div class="et_pb_module et_pb_blurb et_pb_blurb_8  et_pb_text_align_left  et_pb_blurb_position_left et_pb_bg_layout_light">
				
				
				
				
				<div class="et_pb_blurb_content">
					<div class="et_pb_main_blurb_image"><span class="et_pb_image_wrap"><span class="et-waypoint et_pb_animation_off et_pb_animation_off_tablet et_pb_animation_off_phone et-pb-icon"></span></span></div>
					<div class="et_pb_blurb_container">
						<h4 class="et_pb_module_header"><span>Awards</span></h4>
						
					</div>
				</div>
			</div><div class="et_pb_module et_pb_text et_pb_text_9  et_pb_text_align_left et_pb_bg_layout_light">
				
				
				
				
				<div class="et_pb_text_inner"><p><strong>&#8211; &#8220;Top Lawyer of the Year&#8221;, National Legal Excellence Awards:</strong> Recognized for outstanding achievements in corporate law and significant contributions to the legal community.</p></div>
			</div>
			</div>
				
				
				
				
			</div><div class="et_pb_with_border et_pb_row et_pb_row_9">
				<div class="et_pb_column et_pb_column_4_4 et_pb_column_10  et_pb_css_mix_blend_mode_passthrough et-last-child">
				
				
				
				
				<div class="et_pb_module et_pb_blurb et_pb_blurb_9  et_pb_text_align_left  et_pb_blurb_position_left et_pb_bg_layout_light">
				
				
				
				
				<div class="et_pb_blurb_content">
					<div class="et_pb_main_blurb_image"><span class="et_pb_image_wrap"><span class="et-waypoint et_pb_animation_off et_pb_animation_off_tablet et_pb_animation_off_phone et-pb-icon"></span></span></div>
					<div class="et_pb_blurb_container">
						<h4 class="et_pb_module_header"><span>Contact & Map</span></h4>
						
					</div>
				</div>
			</div><div class="et_pb_module et_pb_code et_pb_code_0">
				
				
				
				
				<div class="et_pb_code_inner"><iframe src="https://www.google.com/maps/embed?pb=!1m18!1m12!1m3!1d13440.698180320984!2d-73.97259940816106!3d40.67800787934546!2m3!1f0!2f0!3f0!3m2!1i1024!2i768!4f13.1!3m3!1m2!1s0x89c24fa5d33f083b%3A0xc80b8f06e177fe62!2zVGjDoG5oIHBo4buRIE5ldyBZb3JrLCBUaeG7g3UgYmFuZyBOZXcgWW9yaywgSG9hIEvhu7M!5e0!3m2!1svi!2s!4v1706278255276!5m2!1svi!2s" width="980" height="450" style="border:0; border-radius:10px;" allowfullscreen="" loading="lazy" referrerpolicy="no-referrer-when-downgrade"></iframe></div>
			</div>
			</div>
				
				
				
				
			</div><div class="et_pb_row et_pb_row_10">
				<div class="et_pb_column et_pb_column_1_2 et_pb_column_11  et_pb_css_mix_blend_mode_passthrough">
				
				
				
				
				<div class="et_pb_module et_pb_text et_pb_text_10  et_pb_text_align_left et_pb_bg_layout_light">
				
				
				
				
				<div class="et_pb_text_inner"><p><strong>David Smith, Esq.</strong><br />Ray Phillips, Esq.<br />Phillips Family Law Firm<br />789 Harmony Lane, Suite 500<br />New York, NY 10010</p></div>
			</div>
			</div><div class="et_pb_column et_pb_column_1_2 et_pb_column_12  et_pb_css_mix_blend_mode_passthrough et-last-child">
				
				
				
				
				<div class="et_pb_module difl_businesshours difl_businesshours_0">
				
				
				
				
				
				
				<div class="et_pb_module_inner">
					<div class="df_bh_container">
                    <div class="df_bh_wrapper">
                        
                        <div class="et_pb_module difl_businesshoursitem difl_businesshoursitem_0">
				
				
				
				
				
				
				<div class="et_pb_module_inner">
					<div class="df_bh_item">
                        <div class="df_bh_day">Monday</div>
                        <div class="df_bh_time">  <span class="df_bh_start_time">7 a.m</span>   <span class="df_bh_time_separetor">-</span>   <span class="df_bh_end_time">7 p.m</span>   </div>
                    </div>
				</div>
			</div><div class="et_pb_module difl_businesshoursitem difl_businesshoursitem_1">
				
				
				
				
				
				
				<div class="et_pb_module_inner">
					<div class="df_bh_item">
                        <div class="df_bh_day">Tuesday</div>
                        <div class="df_bh_time">  <span class="df_bh_start_time">7 a.m</span>   <span class="df_bh_time_separetor">-</span>   <span class="df_bh_end_time">7 p.m</span>   </div>
                    </div>
				</div>
			</div><div class="et_pb_module difl_businesshoursitem difl_businesshoursitem_2">
				
				
				
				
				
				
				<div class="et_pb_module_inner">
					<div class="df_bh_item">
                        <div class="df_bh_day">Wednesday</div>
                        <div class="df_bh_time">  <span class="df_bh_start_time">7 a.m</span>   <span class="df_bh_time_separetor">-</span>   <span class="df_bh_end_time">7 p.m</span>   </div>
                    </div>
				</div>
			</div><div class="et_pb_module difl_businesshoursitem difl_businesshoursitem_3">
				
				
				
				
				
				
				<div class="et_pb_module_inner">
					<div class="df_bh_item">
                        <div class="df_bh_day">Thursday</div>
                        <div class="df_bh_time">  <span class="df_bh_start_time">7 a.m</span>   <span class="df_bh_time_separetor">-</span>   <span class="df_bh_end_time">7 p.m</span>   </div>
                    </div>
				</div>
			</div><div class="et_pb_module difl_businesshoursitem difl_businesshoursitem_4">
				
				
				
				
				
				
				<div class="et_pb_module_inner">
					<div class="df_bh_item">
                        <div class="df_bh_day">Friday</div>
                        <div class="df_bh_time">  <span class="df_bh_start_time">7 a.m</span>   <span class="df_bh_time_separetor">-</span>   <span class="df_bh_end_time">7 p.m</span>   </div>
                    </div>
				</div>
			</div><div class="et_pb_module difl_businesshoursitem difl_businesshoursitem_5">
				
				
				
				
				
				
				<div class="et_pb_module_inner">
					<div class="df_bh_item">
                        <div class="df_bh_day">Saturday</div>
                        <div class="df_bh_time">  <span class="df_bh_start_time">7 a.m</span>   <span class="df_bh_time_separetor">-</span>   <span class="df_bh_end_time">7 p.m</span>   </div>
                    </div>
				</div>
			</div><div class="et_pb_module difl_businesshoursitem difl_businesshoursitem_6">
				
				
				
				
				
				
				<div class="et_pb_module_inner">
					<div class="df_bh_item">
                        <div class="df_bh_day">Sunday</div>
                        <div class="df_bh_time">  <span class="df_bh_start_time">7 a.m</span>   <span class="df_bh_time_separetor"> - </span>   <span class="df_bh_end_time">7 p.m</span>   </div>
                    </div>
				</div>
			</div> 
                    </div>
                </div>
				</div>
			</div>
			</div>
				
				
				
				
			</div><div class="et_pb_with_border et_pb_row et_pb_row_11">
				<div class="et_pb_column et_pb_column_4_4 et_pb_column_13  et_pb_css_mix_blend_mode_passthrough et-last-child">
				
				
				
				
				<div class="et_pb_module et_pb_blurb et_pb_blurb_10  et_pb_text_align_left  et_pb_blurb_position_left et_pb_bg_layout_light">
				
				
				
				
				<div class="et_pb_blurb_content">
					<div class="et_pb_main_blurb_image"><span class="et_pb_image_wrap"><span class="et-waypoint et_pb_animation_off et_pb_animation_off_tablet et_pb_animation_off_phone et-pb-icon"></span></span></div>
					<div class="et_pb_blurb_container">
						<h4 class="et_pb_module_header"><span>Social Media</span></h4>
						
					</div>
				</div>
			</div>
			</div>
				
				
				
				
			</div><div class="et_pb_with_border et_pb_row et_pb_row_12">
				<div class="et_pb_column et_pb_column_4_4 et_pb_column_14  et_pb_css_mix_blend_mode_passthrough et-last-child">
				
				
				
				
				<ul class="et_pb_module et_pb_social_media_follow et_pb_social_media_follow_0 clearfix  et_pb_bg_layout_light">
				
				
				
				
				<li
            class='et_pb_social_media_follow_network_0 et_pb_social_icon et_pb_social_network_link  et-social-facebook'><a
              href='#'
              class='icon et_pb_with_border'
              title='Follow on Facebook'
               target="_blank"><span
                class='et_pb_social_media_follow_network_name'
                aria-hidden='true'
                >Follow</span></a></li><li
            class='et_pb_social_media_follow_network_1 et_pb_social_icon et_pb_social_network_link  et-social-linkedin'><a
              href='#'
              class='icon et_pb_with_border'
              title='Follow on LinkedIn'
               target="_blank"><span
                class='et_pb_social_media_follow_network_name'
                aria-hidden='true'
                >Follow</span></a></li><li
            class='et_pb_social_media_follow_network_2 et_pb_social_icon et_pb_social_network_link  et-social-twitter'><a
              href='#'
              class='icon et_pb_with_border'
              title='Follow on X'
               target="_blank"><span
                class='et_pb_social_media_follow_network_name'
                aria-hidden='true'
                >Follow</span></a></li><li
            class='et_pb_social_media_follow_network_3 et_pb_social_icon et_pb_social_network_link  et-social-youtube'><a
              href='#'
              class='icon et_pb_with_border'
              title='Follow on Youtube'
               target="_blank"><span
                class='et_pb_social_media_follow_network_name'
                aria-hidden='true'
                >Follow</span></a></li>
			</ul>
			</div>
				
				
				
				
			</div><div class="et_pb_with_border et_pb_row et_pb_row_13">
				<div class="et_pb_column et_pb_column_4_4 et_pb_column_15  et_pb_css_mix_blend_mode_passthrough et-last-child">
				
				
				
				
				<div class="et_pb_module et_pb_blurb et_pb_blurb_11  et_pb_text_align_left  et_pb_blurb_position_left et_pb_bg_layout_light">
				
				
				
				
				<div class="et_pb_blurb_content">
					<div class="et_pb_main_blurb_image"><span class="et_pb_image_wrap"><span class="et-waypoint et_pb_animation_off et_pb_animation_off_tablet et_pb_animation_off_phone et-pb-icon"></span></span></div>
					<div class="et_pb_blurb_container">
						<h4 class="et_pb_module_header"><span>Service Area Zip Codes</span></h4>
						
					</div>
				</div>
			</div><div class="et_pb_module et_pb_text et_pb_text_11  et_pb_text_align_left et_pb_bg_layout_light">
				
				
				
				
				
			</div>
			</div>
				
				
				
				
			</div>
				
				
			</div>
]]></content:encoded>
					
		
		
			</item>
	</channel>
</rss>
