<?xml version="1.0" encoding="UTF-8"?><rss version="2.0"
	xmlns:content="http://purl.org/rss/1.0/modules/content/"
	xmlns:wfw="http://wellformedweb.org/CommentAPI/"
	xmlns:dc="http://purl.org/dc/elements/1.1/"
	xmlns:atom="http://www.w3.org/2005/Atom"
	xmlns:sy="http://purl.org/rss/1.0/modules/syndication/"
	xmlns:slash="http://purl.org/rss/1.0/modules/slash/"
	>

<channel>
	<title>Personal Injury | Attorney Directory</title>
	<atom:link href="/category/personal-injury/feed/" rel="self" type="application/rss+xml" />
	<link>/</link>
	<description></description>
	<lastBuildDate>Sat, 27 Jan 2024 15:51:43 +0000</lastBuildDate>
	<language>en-US</language>
	<sy:updatePeriod>
	hourly	</sy:updatePeriod>
	<sy:updateFrequency>
	1	</sy:updateFrequency>
	<generator>https://wordpress.org/?v=6.5.5</generator>
	<item>
		<title>What to Expect in a Personal Injury Claim</title>
		<link>/understanding-the-process-what-to-expect-in-a-personal-injury-claim/</link>
					<comments>/understanding-the-process-what-to-expect-in-a-personal-injury-claim/#respond</comments>
		
		<dc:creator><![CDATA[directoryadmin]]></dc:creator>
		<pubDate>Thu, 18 Jan 2024 09:33:53 +0000</pubDate>
				<category><![CDATA[Personal Injury]]></category>
		<guid isPermaLink="false">http://localhost/websitesuites/?p=568</guid>

					<description><![CDATA[]]></description>
										<content:encoded><![CDATA[<div class="et_pb_section et_pb_section_0 et_section_regular" >
				
				
				
				
				
				
				<div class="et_pb_row et_pb_row_0">
				<div class="et_pb_column et_pb_column_4_4 et_pb_column_0  et_pb_css_mix_blend_mode_passthrough et-last-child">
				
				
				
				
				<div class="et_pb_module et_pb_text et_pb_text_0  et_pb_text_align_left et_pb_bg_layout_light">
				
				
				
				
				<div class="et_pb_text_inner"><p>So, you&#8217;ve found yourself in the not-so-pleasant situation of needing to file a personal injury claim. You might be wondering, &#8220;What&#8217;s next? What can I expect in this rollercoaster ride?&#8221; Well, my friend, you&#8217;re in the right place. We&#8217;re going to break it down for you, step by step, and keep the legal jargon to a minimum.</p>
<p><strong>Step 1: Seek Medical Attention</strong> First things first – if you&#8217;ve been injured, take care of yourself. Your health is the top priority. Get the medical help you need. Don&#8217;t play the tough guy; injuries can be sneaky and show up later. Make sure you&#8217;ve got a clean bill of health.</p>
<p><strong>Step 2: Gather Evidence</strong> Now, let&#8217;s get to the nitty-gritty. Collect all the evidence you can. Take photos, get witness statements, and save any relevant documents. The more evidence you have, the stronger your case.</p>
<p><strong>Step 3: Contact a Personal Injury Attorney</strong> This is where we come in. It&#8217;s time to reach out to a personal injury attorney. They&#8217;re the experts in this arena. Trust me; you want someone who knows the ropes. Consultations are usually free, and they can give you the lowdown on whether you have a case or not.</p>
<p><strong>Step 4: Filing the Claim</strong> If you and your attorney decide to move forward, the next step is filing the personal injury claim. This officially kicks off the legal process.</p>
<p><strong>Step 5: Negotiations</strong> Get ready to negotiate. The other party might try to settle. Your attorney is like your personal advocate, fighting for your rights and the compensation you deserve. They&#8217;ll handle the back-and-forth with the insurance company or the other party&#8217;s lawyers.</p>
<p><strong>Step 6: Litigation</strong> If negotiations don&#8217;t pan out, it&#8217;s time to take it to court. This is where the gloves come off. Your attorney will build your case and present it in front of a judge and jury.</p>
<p><strong>Step 7: Settlement or Trial</strong> This is the climax of your journey. It could go two ways: a settlement or a trial. A settlement means both parties agree to terms without going to court. A trial, on the other hand, means you&#8217;re taking it to court. The judge and jury will make the final call.</p>
<p><strong>Step 8: Recovery and Healing</strong> Once it&#8217;s all said and done, it&#8217;s time to focus on recovery. Your attorney will ensure you get the compensation you deserve, and you can start the healing process.</p>
<p>Now, let&#8217;s address a couple of common misconceptions. First, not all personal injury claims end up in court. Many are settled before they ever get there. Second, don&#8217;t worry about paying your attorney upfront. Personal injury lawyers typically work on a contingency fee basis. In plain English, they only get paid if you win.</p>
<p>To wrap it up, personal injury claims can be a whirlwind, but with the right attorney by your side, it&#8217;s a journey you can navigate. Stay focused, gather your evidence, and remember, it&#8217;s all about your health and getting the compensation you deserve. Don&#8217;t hesitate to reach out to a personal injury attorney; they&#8217;re your best allies in this adventure. Good luck!</p></div>
			</div>
			</div>
				
				
				
				
			</div>
				
				
			</div>
]]></content:encoded>
					
					<wfw:commentRss>/understanding-the-process-what-to-expect-in-a-personal-injury-claim/feed/</wfw:commentRss>
			<slash:comments>0</slash:comments>
		
		
			</item>
		<item>
		<title>Common Types of Personal Injury Cases</title>
		<link>/common-types-of-personal-injury-cases-and-how-to-handle-them/</link>
					<comments>/common-types-of-personal-injury-cases-and-how-to-handle-them/#respond</comments>
		
		<dc:creator><![CDATA[directoryadmin]]></dc:creator>
		<pubDate>Thu, 17 Aug 2023 09:11:01 +0000</pubDate>
				<category><![CDATA[Personal Injury]]></category>
		<guid isPermaLink="false">http://localhost/websitesuites/?p=555</guid>

					<description><![CDATA[]]></description>
										<content:encoded><![CDATA[<div class="et_pb_section et_pb_section_1 et_section_regular" >
				
				
				
				
				
				
				<div class="et_pb_row et_pb_row_1">
				<div class="et_pb_column et_pb_column_4_4 et_pb_column_1  et_pb_css_mix_blend_mode_passthrough et-last-child">
				
				
				
				
				<div class="et_pb_module et_pb_text et_pb_text_1  et_pb_text_align_left et_pb_bg_layout_light">
				
				
				
				
				<div class="et_pb_text_inner"><p>Personal injuries can happen in the blink of an eye, leaving you with not just physical pain but also emotional and financial burdens. Whether it&#8217;s a slip and fall, a car accident, or a medical malpractice issue, knowing the common types of personal injury cases and how to handle them is crucial. So, let&#8217;s dive in.</p>
<p><strong>1. Car Accidents:</strong></p>
<p>Car accidents are among the most common personal injury cases. If you&#8217;re involved in one, the first step is to ensure everyone&#8217;s safety. Call 911, get medical attention, and inform the police. Collect evidence, including photographs, witness statements, and the other driver&#8217;s information. Remember, don&#8217;t admit fault at the scene. Consult with a personal injury attorney to assess your case and negotiate with insurance companies.</p>
<p><strong>2. Slip and Fall Accidents:</strong></p>
<p>Slip and fall accidents can occur in various places, like stores, restaurants, or sidewalks. Document the scene, including any hazards, and get medical attention immediately. If possible, gather witness statements. Notify the property owner or manager, and consult with a personal injury attorney to evaluate your options.</p>
<p><strong>3. Medical Malpractice:</strong></p>
<p>Medical malpractice cases arise from healthcare professionals&#8217; negligence. If you believe you&#8217;ve been a victim, collect your medical records and consult with a medical malpractice attorney. They&#8217;ll review your case, consult expert witnesses, and help you determine the best course of action.</p>
<p><strong>4. Workplace Injuries:</strong></p>
<p>Workplace injuries can range from minor accidents to serious incidents. Report the injury to your employer and seek immediate medical attention. Workers&#8217; compensation may cover your medical expenses and lost wages. However, if negligence by your employer or a third party caused the injury, consult a personal injury attorney to explore potential lawsuits.</p>
<p><strong>5. Product Liability:</strong></p>
<p>Injuries caused by defective products fall under product liability cases. Preserve the product, packaging, and any instructions. Seek medical attention and consult a personal injury attorney. They&#8217;ll determine if you have a case against the product manufacturer or distributor.</p>
<p><strong>6. Dog Bites:</strong></p>
<p>Dog bite injuries can be traumatic. Document your injuries and the dog&#8217;s owner information. Seek medical attention and report the incident to local authorities. Consult with a personal injury attorney to assess potential claims against the dog&#8217;s owner.</p>
<p><strong>7. Wrongful Death:</strong></p>
<p>In cases of wrongful death due to someone else&#8217;s negligence, the family may have a legal claim. Consult with a wrongful death attorney to evaluate the situation, gather evidence, and seek compensation for your loss.</p>
<p>Handling a personal injury case involves gathering evidence, understanding your rights, and choosing the right attorney. It&#8217;s important to act promptly, as statutes of limitations apply to personal injury claims. A skilled attorney will guide you through the legal process, negotiate with insurance companies, and, if necessary, represent you in court.</p>
<p>Remember, you don&#8217;t have to face these challenges alone. Reach out to an experienced personal injury attorney who can provide you with the guidance and legal support you need to handle your specific case effectively. Your well-being and rightful compensation are top priorities, so don&#8217;t hesitate to seek professional help.</p></div>
			</div>
			</div>
				
				
				
				
			</div>
				
				
			</div>
]]></content:encoded>
					
					<wfw:commentRss>/common-types-of-personal-injury-cases-and-how-to-handle-them/feed/</wfw:commentRss>
			<slash:comments>0</slash:comments>
		
		
			</item>
		<item>
		<title>The Role of Evidence in Building a Strong PI Case</title>
		<link>/the-role-of-evidence-in-building-a-strong-personal-injury-case/</link>
					<comments>/the-role-of-evidence-in-building-a-strong-personal-injury-case/#respond</comments>
		
		<dc:creator><![CDATA[directoryadmin]]></dc:creator>
		<pubDate>Thu, 17 Aug 2023 09:10:07 +0000</pubDate>
				<category><![CDATA[Personal Injury]]></category>
		<guid isPermaLink="false">http://localhost/websitesuites/?p=549</guid>

					<description><![CDATA[]]></description>
										<content:encoded><![CDATA[<div class="et_pb_section et_pb_section_2 et_section_regular" >
				
				
				
				
				
				
				<div class="et_pb_row et_pb_row_2">
				<div class="et_pb_column et_pb_column_4_4 et_pb_column_2  et_pb_css_mix_blend_mode_passthrough et-last-child">
				
				
				
				
				<div class="et_pb_module et_pb_text et_pb_text_2  et_pb_text_align_left et_pb_bg_layout_light">
				
				
				
				
				<div class="et_pb_text_inner">When it comes to personal injury cases, evidence is the unsung hero, the silent witness that can make or break your case. In the legal realm, evidence is king, and understanding its role is key to building a strong personal injury case.</p>
<p><strong>1. Establishing Liability:</strong></p>
<p>Evidence plays a pivotal role in establishing liability. To prove that someone else is responsible for your injuries, you need to present compelling evidence. This could include photographs of the accident scene, witness statements, accident reports, and even expert testimony. The more convincing your evidence, the stronger your case.</p>
<p><strong>2. Demonstrating Damages:</strong></p>
<p>In a personal injury case, you need to demonstrate the extent of your damages. This includes medical bills, lost wages, pain and suffering, and any future expenses related to your injury. In this context, medical records, bills, and expert medical opinions are crucial pieces of evidence. These documents help paint a clear picture of the financial impact of your injury.</p>
<p><strong>3. Causation:</strong></p>
<p>Proving causation is another critical aspect. You must show that the defendant&#8217;s actions directly caused your injuries. Evidence connecting the defendant&#8217;s negligence to your injuries can include accident reconstruction reports, medical expert opinions, and any other evidence that demonstrates the cause-and-effect relationship.</p>
<p><strong>4. Establishing Negligence:</strong></p>
<p>In many personal injury cases, negligence is at the heart of the matter. You&#8217;ll need evidence that shows the defendant&#8217;s actions or omissions fell below the standard of care expected. This might involve photos, videos, eyewitness accounts, or even industry standards that can serve as benchmarks.</p>
<p><strong>5. Witness Statements:</strong></p>
<p>Eyewitnesses are invaluable sources of evidence. Their statements can corroborate your version of events and provide an unbiased perspective. Witness statements often play a crucial role in establishing what happened and who is at fault.</p>
<p><strong>6. Documenting the Scene:</strong></p>
<p>Photographs and videos of the accident scene are vital. They provide a visual record of the conditions, obstacles, or hazards that contributed to the incident. These visuals can be compelling evidence in court.</p>
<p><strong>7. Expert Testimony:</strong></p>
<p>In some cases, expert witnesses can provide specialized knowledge and analysis. For instance, medical experts can explain the extent and impact of your injuries. Accident reconstruction experts can help establish the cause of a car accident. Their testimony can lend credibility to your claims.</p>
<p><strong>8. Preservation of Evidence:</strong></p>
<p>It&#8217;s essential to preserve and document evidence as soon as possible after the incident. Evidence can deteriorate or be lost over time. Your attorney can help ensure crucial evidence is secured and documented promptly.</p>
<p>In summary, evidence is the backbone of a strong personal injury case. It helps establish liability, demonstrate damages, prove causation, and establish negligence. The types of evidence you need may vary depending on your specific case, but a skilled personal injury attorney can help identify, gather, and present evidence effectively.</p>
<p>Building a robust personal injury case is a meticulous process. It involves collecting, preserving, and presenting evidence in a way that&#8217;s compelling and persuasive. With the right evidence, you not only strengthen your case but also increase your chances of obtaining fair compensation for your injuries. Don&#8217;t underestimate the power of evidence; it&#8217;s your strongest ally in the quest for justice.</p>
</div>
</div>
</div>
<div class="flex justify-between empty:hidden gizmo:justify-start gizmo:gap-3 lg:block gizmo:lg:flex">
<div class="text-gray-400 flex self-end lg:self-center justify-center gizmo:lg:justify-start mt-2 gizmo:mt-0 visible lg:gap-1 lg:absolute lg:top-0 lg:translate-x-full lg:right-0 lg:mt-0 lg:pl-2 gap-2 md:gap-3">
<p><button class="flex ml-auto gizmo:ml-0 gap-2 items-center rounded-md p-1 text-xs gizmo:gap-1.5 gizmo:pl-0 dark:text-gray-400 dark:hover:text-gray-200 disabled:dark:hover:text-gray-400 hover:text-gray-700"><svg stroke="currentColor" fill="none" stroke-width="2" viewbox="0 0 24 24" stroke-linecap="round" stroke-linejoin="round" class="icon-sm" height="1em" width="1em" xmlns="http://www.w3.org/2000/svg"><path d="M16 4h2a2 2 0 0 1 2 2v14a2 2 0 0 1-2 2H6a2 2 0 0 1-2-2V6a2 2 0 0 1 2-2h2"></path><rect x="8" y="2" width="8" height="4" rx="1" ry="1"></rect></svg></button></p>
<div class="flex gap-1"></div>
</div>
</div>
</div>
</div>
</div>
</div>
</div>
<div class="group w-full text-token-text-primary border-b border-black/10 gizmo:border-0 dark:border-gray-900/50 gizmo:dark:border-0 gizmo:bg-transparent dark:bg-gray-800 gizmo:dark:bg-transparent" data-testid="conversation-turn-50">
<div class="p-4 gizmo:py-2 justify-center text-base md:gap-6 md:py-6 m-auto">
<div class="flex flex-1 gap-4 text-base mx-auto md:gap-6 gizmo:gap-3 gizmo:md:px-5 gizmo:lg:px-1 gizmo:xl:px-5 md:max-w-2xl lg:max-w-&#091;38rem&#093; gizmo:md:max-w-3xl gizmo:lg:max-w-&#091;40rem&#093; gizmo:xl:max-w-&#091;48rem&#093; xl:max-w-3xl }">
<div class="flex-shrink-0 flex flex-col relative items-end">
<div></div>
</div>
</div>
</div>
</div></div>
			</div>
			</div>
				
				
				
				
			</div>
				
				
			</div>
]]></content:encoded>
					
					<wfw:commentRss>/the-role-of-evidence-in-building-a-strong-personal-injury-case/feed/</wfw:commentRss>
			<slash:comments>0</slash:comments>
		
		
			</item>
		<item>
		<title>How to Choose the Right Personal Injury Attorney</title>
		<link>/how-to-choose-the-right-personal-injury-attorney/</link>
					<comments>/how-to-choose-the-right-personal-injury-attorney/#respond</comments>
		
		<dc:creator><![CDATA[directoryadmin]]></dc:creator>
		<pubDate>Thu, 17 Aug 2023 09:05:55 +0000</pubDate>
				<category><![CDATA[Personal Injury]]></category>
		<guid isPermaLink="false">http://localhost/websitesuites/?p=544</guid>

					<description><![CDATA[]]></description>
										<content:encoded><![CDATA[<div class="et_pb_section et_pb_section_3 et_section_regular" >
				
				
				
				
				
				
				<div class="et_pb_row et_pb_row_3">
				<div class="et_pb_column et_pb_column_4_4 et_pb_column_3  et_pb_css_mix_blend_mode_passthrough et-last-child">
				
				
				
				
				<div class="et_pb_module et_pb_text et_pb_text_3  et_pb_text_align_left et_pb_bg_layout_light">
				
				
				
				
				<div class="et_pb_text_inner"><p>When you&#8217;re facing the daunting task of pursuing a personal injury claim, choosing the right attorney can make all the difference. Your attorney will be your guide, advocate, and partner throughout the legal process, so making the right choice is paramount. But how do you go about selecting the perfect fit for your case? Here&#8217;s your roadmap to choosing the right personal injury attorney.</p>
<p><strong>1. Experience Matters:</strong></p>
<p>One of the first things you should look for is experience. You want an attorney who specializes in personal injury cases and has a proven track record of success. Experience brings knowledge of the law, insights into the legal system, and familiarity with how insurance companies operate. These are invaluable assets in your attorney.</p>
<p><strong>2. Ask for Recommendations:</strong></p>
<p>Consider seeking recommendations from friends, family, or colleagues who have been through similar situations. Personal referrals can be a reliable source for finding an attorney with a good reputation. Additionally, consult your local bar association for referrals and check online reviews.</p>
<p><strong>3. Interview Multiple Attorneys:</strong></p>
<p>Don&#8217;t settle for the first attorney you come across. Schedule initial consultations with several attorneys. This is your opportunity to ask questions, discuss your case, and assess their responses. Pay attention to their communication style, as you&#8217;ll be working closely with this person for some time.</p>
<p><strong>4. Check Credentials:</strong></p>
<p>Ensure the attorney is licensed to practice law in your state and is in good standing with the bar association. You can typically find this information on the bar association&#8217;s website. Additionally, inquire about any certifications or memberships in professional organizations related to personal injury law.</p>
<p><strong>5. Fee Structure:</strong></p>
<p>Understanding the attorney&#8217;s fee structure is essential. Many personal injury attorneys work on a contingency fee basis. This means they only get paid if you win your case. Be sure to discuss fees, costs, and how they will be handled throughout the legal process.</p>
<p><strong>6. Communication Skills:</strong></p>
<p>Effective communication is key. You want an attorney who will keep you informed about the progress of your case, promptly respond to your inquiries, and explain legal matters in a way that&#8217;s easy to understand. Clear and open communication fosters trust and confidence.</p>
<p><strong>7. Trial Experience:</strong></p>
<p>While most personal injury cases are settled out of court, your attorney should be prepared to take your case to trial if necessary. Ask about their trial experience and their approach to courtroom litigation.</p>
<p><strong>8. Track Record of Success:</strong></p>
<p>Don&#8217;t hesitate to inquire about the attorney&#8217;s past cases and the outcomes they achieved. A strong track record of successful settlements or verdicts is a positive sign.</p>
<p><strong>9. Comfort and Compatibility:</strong></p>
<p>Choose an attorney you feel comfortable with. Personal injury cases can be emotionally taxing, and you want someone who empathizes with your situation and is supportive throughout the process.</p>
<p><strong>10. Trust Your Instincts:</strong></p>
<p>Ultimately, trust your instincts. If something doesn&#8217;t feel right or if you have reservations about an attorney, it&#8217;s okay to keep searching. The attorney-client relationship should be built on trust and confidence.</p>
<p>Selecting the right personal injury attorney is a critical decision that can significantly impact the outcome of your case. With careful research, interviews, and consideration, you can find an attorney who possesses the experience, communication skills, and dedication to guide you through the legal process and secure the compensation you deserve. Your well-being and your case&#8217;s success are worth the effort.</p></div>
			</div>
			</div>
				
				
				
				
			</div>
				
				
			</div>
]]></content:encoded>
					
					<wfw:commentRss>/how-to-choose-the-right-personal-injury-attorney/feed/</wfw:commentRss>
			<slash:comments>0</slash:comments>
		
		
			</item>
	</channel>
</rss>
