<?xml version="1.0" encoding="UTF-8"?><rss version="2.0"
	xmlns:content="http://purl.org/rss/1.0/modules/content/"
	xmlns:dc="http://purl.org/dc/elements/1.1/"
	xmlns:atom="http://www.w3.org/2005/Atom"
	xmlns:sy="http://purl.org/rss/1.0/modules/syndication/"
	
	>
<channel>
	<title>
	Comments on: A Comprehensive Guide to Your Family&#8217;s Legal Roadmap	</title>
	<atom:link href="/a-comprehensive-guide-to-your-familys-legal-roadmap/feed/" rel="self" type="application/rss+xml" />
	<link>/a-comprehensive-guide-to-your-familys-legal-roadmap/</link>
	<description></description>
	<lastBuildDate>Fri, 26 Jan 2024 07:23:46 +0000</lastBuildDate>
	<sy:updatePeriod>
	hourly	</sy:updatePeriod>
	<sy:updateFrequency>
	1	</sy:updateFrequency>
	<generator>https://wordpress.org/?v=6.5.5</generator>
</channel>
</rss>
