<?xml version="1.0" encoding="UTF-8"?><rss version="2.0"
	xmlns:content="http://purl.org/rss/1.0/modules/content/"
	xmlns:wfw="http://wellformedweb.org/CommentAPI/"
	xmlns:dc="http://purl.org/dc/elements/1.1/"
	xmlns:atom="http://www.w3.org/2005/Atom"
	xmlns:sy="http://purl.org/rss/1.0/modules/syndication/"
	xmlns:slash="http://purl.org/rss/1.0/modules/slash/"
	>

<channel>
	<title>Real Estate | Attorney Directory</title>
	<atom:link href="/category/real-estate/feed/" rel="self" type="application/rss+xml" />
	<link>/</link>
	<description></description>
	<lastBuildDate>Fri, 26 Jan 2024 07:23:42 +0000</lastBuildDate>
	<language>en-US</language>
	<sy:updatePeriod>
	hourly	</sy:updatePeriod>
	<sy:updateFrequency>
	1	</sy:updateFrequency>
	<generator>https://wordpress.org/?v=6.5.5</generator>
	<item>
		<title>Crafting Your Legacy through Effective Estate Planning</title>
		<link>/crafting-your-legacy-through-effective-estate-planning/</link>
					<comments>/crafting-your-legacy-through-effective-estate-planning/#respond</comments>
		
		<dc:creator><![CDATA[directoryadmin]]></dc:creator>
		<pubDate>Sat, 11 Nov 2023 05:44:56 +0000</pubDate>
				<category><![CDATA[Real Estate]]></category>
		<guid isPermaLink="false">https://localmarketingsuites.com/demo/attorney/general/?p=1092</guid>

					<description><![CDATA[]]></description>
										<content:encoded><![CDATA[
<div class="et_pb_section et_pb_section_0 et_section_regular" >
				
				
				
				
				
				
				<div class="et_pb_row et_pb_row_0">
				<div class="et_pb_column et_pb_column_4_4 et_pb_column_0  et_pb_css_mix_blend_mode_passthrough et-last-child">
				
				
				
				
				<div class="et_pb_module et_pb_text et_pb_text_0  et_pb_text_align_left et_pb_bg_layout_light">
				
				
				
				
				<div class="et_pb_text_inner"><p>Crafting your legacy is not just about accumulating wealth; it&#8217;s about ensuring that your hard-earned assets and values are passed down with purpose and precision. Effective estate planning is the key to sculpting the narrative of what you leave behind. So, let&#8217;s embark on this journey of legacy crafting together, exploring the ins and outs of estate planning in a way that&#8217;s both informative and engaging.</p>
<p><strong>Setting the Stage: Understanding the Basics</strong></p>
<p>Imagine estate planning as the stage where your legacy performance unfolds. Before the show begins, you need to understand the basics – your assets, beneficiaries, and the legal instruments available. It&#8217;s like getting familiar with the script before the curtain rises. From wills to trusts, each element plays a crucial role in the estate planning production.</p>
<p><strong>The Legacy Script: Drafting Your Will</strong></p>
<p>Your will is the script of your legacy. It outlines how your assets will be distributed, who will take care of your minor children, and any specific wishes you may have. Think of it as the director&#8217;s chair – you&#8217;re orchestrating the scenes of your legacy with clarity and intent.</p>
<p><strong>Trusts: Building Solid Foundations</strong></p>
<p>Now, let&#8217;s talk about trusts. Think of them as the supporting actors in your legacy play. They hold specific assets for the benefit of your chosen beneficiaries. Trusts offer flexibility and privacy, allowing your legacy to unfold seamlessly, away from the public spotlight.</p>
<p><strong>Protecting Your Heirs: Insurance and Beyond</strong></p>
<p>In any good story, there&#8217;s a plot twist. For estate planning, that twist could be unforeseen circumstances. Life insurance is like the plot armor, providing financial protection for your heirs. Beyond insurance, effective planning considers contingencies, ensuring your legacy is resilient in the face of life&#8217;s unexpected twists.</p>
<p><strong>The Executor: Your Legacy&#8217;s Stage Manager</strong></p>
<p>Every great performance needs a stage manager, and in the realm of estate planning, that role falls to the executor. This individual ensures that your will is carried out as intended, handling the logistics of your legacy production. Choosing a reliable executor is akin to selecting a competent stage manager for a flawless show.</p>
<p><strong>Charitable Contributions: Adding Depth to Your Legacy</strong></p>
<p>A legacy with depth often involves acts of generosity. Incorporating charitable contributions into your estate plan is like adding a subplot to your legacy story. It&#8217;s an opportunity to support causes close to your heart, leaving a lasting impact beyond your immediate circle.</p>
<p><strong>Estate Taxes: Navigating the Financial Plot Points</strong></p>
<p>Estate taxes can be the financial plot points in your legacy tale. Effective planning involves strategies to minimize tax liabilities, ensuring that more of your assets contribute to your chosen legacy rather than being absorbed by taxes.</p>
<p><strong>Regular Reviews: Script Revisions for a Timeless Legacy</strong></p>
<p>Even the most iconic stories undergo revisions, and so should your estate plan. Regular reviews ensure that your legacy script stays relevant, accounting for changes in your financial situation, family dynamics, and relevant laws. It&#8217;s like ensuring your legacy remains a timeless classic.</p>
<p><strong>Family Discussions: Sharing Your Legacy Vision</strong></p>
<p>Your legacy is a collaborative effort, much like a group project. Engage in family discussions about your estate plan, explaining your decisions and clarifying intentions. It&#8217;s an opportunity to ensure that everyone understands their role in preserving and perpetuating your legacy.</p>
<p><strong>Legal Counsel: Your Legacy&#8217;s Master Craftsmen</strong></p>
<p>Behind every masterpiece is a team of skilled craftsmen. In the world of estate planning, legal counsel plays that role. They are the master craftsmen helping you shape, refine, and perfect your legacy. With their guidance, your legacy becomes a work of art, intricately designed and legally sound.</p>
<p>In conclusion, crafting your legacy through effective estate planning is an art form. It requires thoughtful consideration, meticulous planning, and the expertise of skilled craftsmen. Your legacy is not just about what you leave behind; it&#8217;s about the impact you make on future generations. So, let your legacy be a story worth telling, a play worth watching, and a lasting contribution to the narrative of life.</p></div>
			</div>
			</div>
				
				
				
				
			</div>
				
				
			</div>
]]></content:encoded>
					
					<wfw:commentRss>/crafting-your-legacy-through-effective-estate-planning/feed/</wfw:commentRss>
			<slash:comments>0</slash:comments>
		
		
			</item>
	</channel>
</rss>
