<?xml version="1.0" encoding="UTF-8"?><rss version="2.0"
	xmlns:content="http://purl.org/rss/1.0/modules/content/"
	xmlns:dc="http://purl.org/dc/elements/1.1/"
	xmlns:atom="http://www.w3.org/2005/Atom"
	xmlns:sy="http://purl.org/rss/1.0/modules/syndication/"
	
	>
<channel>
	<title>
	Comments on: Understanding the Bankruptcy Process: Step-by-Step Guide	</title>
	<atom:link href="/understanding-the-bankruptcy-process-step-by-step-guide/feed/" rel="self" type="application/rss+xml" />
	<link>/understanding-the-bankruptcy-process-step-by-step-guide/</link>
	<description></description>
	<lastBuildDate>Sat, 27 Jan 2024 15:41:21 +0000</lastBuildDate>
	<sy:updatePeriod>
	hourly	</sy:updatePeriod>
	<sy:updateFrequency>
	1	</sy:updateFrequency>
	<generator>https://wordpress.org/?v=6.5.5</generator>
</channel>
</rss>
