<?xml version="1.0" encoding="UTF-8"?><rss version="2.0"
	xmlns:content="http://purl.org/rss/1.0/modules/content/"
	xmlns:wfw="http://wellformedweb.org/CommentAPI/"
	xmlns:dc="http://purl.org/dc/elements/1.1/"
	xmlns:atom="http://www.w3.org/2005/Atom"
	xmlns:sy="http://purl.org/rss/1.0/modules/syndication/"
	xmlns:slash="http://purl.org/rss/1.0/modules/slash/"
	>

<channel>
	<title>Business Law | Attorney Directory</title>
	<atom:link href="/category/business-law/feed/" rel="self" type="application/rss+xml" />
	<link>/</link>
	<description></description>
	<lastBuildDate>Sat, 27 Jan 2024 15:51:55 +0000</lastBuildDate>
	<language>en-US</language>
	<sy:updatePeriod>
	hourly	</sy:updatePeriod>
	<sy:updateFrequency>
	1	</sy:updateFrequency>
	<generator>https://wordpress.org/?v=6.5.5</generator>
	<item>
		<title>The Role of Corporate Attorneys in Risk Management</title>
		<link>/the-role-of-corporate-attorneys-in-risk-management/</link>
					<comments>/the-role-of-corporate-attorneys-in-risk-management/#respond</comments>
		
		<dc:creator><![CDATA[directoryadmin]]></dc:creator>
		<pubDate>Fri, 19 Jan 2024 07:10:05 +0000</pubDate>
				<category><![CDATA[Business Law]]></category>
		<guid isPermaLink="false">https://localmarketingsuites.com/demo/attorney/corporate/?p=305606</guid>

					<description><![CDATA[]]></description>
										<content:encoded><![CDATA[
<div class="et_pb_section et_pb_section_0 et_section_regular" >
				
				
				
				
				
				
				<div class="et_pb_row et_pb_row_0">
				<div class="et_pb_column et_pb_column_4_4 et_pb_column_0  et_pb_css_mix_blend_mode_passthrough et-last-child">
				
				
				
				
				<div class="et_pb_module et_pb_text et_pb_text_0  et_pb_text_align_left et_pb_bg_layout_light">
				
				
				
				
				<div class="et_pb_text_inner"><h4>1. Introduction to Corporate Attorneys and Risk Management</h4>
<p>Corporate attorneys play a crucial role in the smooth operation of businesses, particularly in managing and mitigating legal risks. Their involvement is essential in navigating the complexities of law and corporate governance, ensuring that businesses stay compliant while pursuing their strategic objectives.</p>
<h4>2. Identifying and Assessing Legal Risks</h4>
<p>Corporate attorneys are skilled at identifying potential legal risks in business operations. This involves analyzing contracts, business transactions, and regulatory requirements to foresee and prevent legal issues.</p>
<ul>
<li><strong>Conducting Legal Audits:</strong> Regular audits help in identifying hidden legal risks in various business areas.</li>
<li><strong>Evaluating New Regulations:</strong> Keeping abreast of new laws and regulations is crucial for proactive risk management.</li>
</ul>
<h4>3. Legal Advice in Corporate Governance</h4>
<p>Good corporate governance is vital for any business, and corporate attorneys play a key role in advising on legal matters related to corporate governance.</p>
<ul>
<li><strong>Board Meetings and Resolutions:</strong> Advising on legal aspects of board decisions and resolutions.</li>
<li><strong>Corporate Policies:</strong> Developing and reviewing corporate policies to ensure they align with legal requirements.</li>
</ul>
<h4>4. Ensuring Compliance and Regulatory Management</h4>
<p>Compliance is a critical aspect of risk management. Corporate attorneys ensure that businesses adhere to laws and regulations, thus avoiding fines and legal complications.</p>
<ul>
<li><strong>Regulatory Compliance:</strong> Keeping the company up-to-date with regulatory changes.</li>
<li><strong>Training and Awareness:</strong> Organizing compliance training for employees.</li>
</ul>
<h4>5. Role in Contract Management and Negotiations</h4>
<p>Contracts are fundamental to business, and corporate attorneys ensure that these agreements protect the company&#8217;s interests.</p>
<ul>
<li><strong>Drafting and Reviewing Contracts:</strong> Crafting contracts that mitigate potential risks.</li>
<li><strong>Negotiation Strategies:</strong> Advising on negotiation tactics to favor the company&#8217;s position.</li>
</ul>
<h4>6. Crisis Management and Legal Support</h4>
<p>In times of crisis, corporate attorneys are invaluable in providing legal support and strategies to minimize damage.</p>
<ul>
<li><strong>Legal Representation:</strong> Representing the company in legal disputes.</li>
<li><strong>Crisis Communication:</strong> Advising on legal aspects of communication strategies.</li>
</ul>
<h4>7. Conclusion: The Integral Role of Corporate Attorneys</h4>
<p>In conclusion, corporate attorneys are indispensable in the realm of risk management. Their expertise not only helps in navigating legal complexities but also in safeguarding the company&#8217;s interests and ensuring long-term success.</p></div>
			</div>
			</div>
				
				
				
				
			</div>
				
				
			</div>
]]></content:encoded>
					
					<wfw:commentRss>/the-role-of-corporate-attorneys-in-risk-management/feed/</wfw:commentRss>
			<slash:comments>0</slash:comments>
		
		
			</item>
		<item>
		<title>Dispute Resolution Strategies for Business Partnerships</title>
		<link>/dispute-resolution-strategies-for-business-partnerships/</link>
					<comments>/dispute-resolution-strategies-for-business-partnerships/#respond</comments>
		
		<dc:creator><![CDATA[directoryadmin]]></dc:creator>
		<pubDate>Tue, 28 Nov 2023 07:16:48 +0000</pubDate>
				<category><![CDATA[Business Law]]></category>
		<guid isPermaLink="false">https://localmarketingsuites.com/demo/attorney/corporate/?p=305623</guid>

					<description><![CDATA[]]></description>
										<content:encoded><![CDATA[
<div class="et_pb_section et_pb_section_1 et_section_regular" >
				
				
				
				
				
				
				<div class="et_pb_row et_pb_row_1">
				<div class="et_pb_column et_pb_column_4_4 et_pb_column_1  et_pb_css_mix_blend_mode_passthrough et-last-child">
				
				
				
				
				<div class="et_pb_module et_pb_text et_pb_text_1  et_pb_text_align_left et_pb_bg_layout_light">
				
				
				
				
				<div class="et_pb_text_inner"><h4>1. Introduction to Dispute Resolution in Business Partnerships</h4>
<p>Effective dispute resolution in business partnerships is critical for the longevity and success of the partnership. Understanding how to address and resolve conflicts efficiently can prevent them from escalating into major issues that threaten the partnership’s stability. This article explores various strategies and tools for managing and resolving disputes in a business partnership.</p>
<h4>2. Common Causes of Disputes in Partnerships</h4>
<p>Disputes can arise from several common sources:</p>
<ul>
<li><strong>Misaligned Goals or Expectations:</strong> Partners may enter into a business with different visions or expectations, which can lead to conflicts if not aligned properly.</li>
<li><strong>Financial Disagreements:</strong> One of the most frequent sources of conflict, these disagreements can involve profit distribution, investment decisions, or financial strategies.</li>
<li><strong>Role and Responsibility Conflicts:</strong> Ambiguity or overlap in roles and responsibilities can create friction, especially if partners feel that workloads or benefits are not evenly distributed.</li>
</ul>
<h4>3. Preemptive Strategies for Minimizing Conflicts</h4>
<p>Taking proactive steps can help in minimizing the occurrence of disputes:</p>
<ul>
<li><strong>Clear Partnership Agreements:</strong> A well-drafted partnership agreement should cover all critical aspects of the business relationship, including roles, responsibilities, financial arrangements, and specific dispute resolution mechanisms.</li>
<li><strong>Regular Communication:</strong> Establishing regular meetings and check-ins can ensure that issues are discussed and resolved before they escalate. Open and transparent communication is key to avoiding misunderstandings.</li>
</ul>
<h4>4. Mediation as a Dispute Resolution Tool</h4>
<p>Mediation is a voluntary process where a neutral third party helps the disputing parties reach a mutually satisfactory resolution.</p>
<ul>
<li><strong>Choosing a Mediator:</strong> It’s important to select a mediator who is not only experienced in business matters but also perceived as neutral by all parties involved.</li>
<li><strong>The Mediation Process:</strong> The process should encourage open communication, allowing each party to express their viewpoint while the mediator facilitates the discussion towards a resolution.</li>
</ul>
<h4>5. The Role of Arbitration in Resolving Conflicts</h4>
<p>Arbitration is a more formal approach compared to mediation and can be binding.</p>
<ul>
<li><strong>Binding Decisions:</strong> Decisions made by the arbitrator are generally final and legally binding, which can be beneficial for ensuring compliance.</li>
<li><strong>Arbitration Clauses:</strong> Many businesses include arbitration clauses in their partnership agreements to ensure a predefined path for resolving disputes.</li>
</ul>
<h4>6. Legal Approaches and Litigation</h4>
<p>Litigation is often seen as a last resort due to its potential to damage relationships and its high costs.</p>
<ul>
<li><strong>Legal Consultation:</strong> Before proceeding with litigation, it&#8217;s advisable to consult with legal professionals to understand the potential consequences and likelihood of success.</li>
<li><strong>Litigation Process:</strong> Understanding the full scope of litigation, including the time, financial cost, and impact on the business’s public image, is crucial.</li>
</ul>
<h4>7. Maintaining a Positive Partnership Post-Resolution</h4>
<p>The post-resolution phase is critical for the health of the partnership:</p>
<ul>
<li><strong>Rebuilding Trust:</strong> Efforts should be made to rebuild trust, which may include more transparent communication or changes in how decisions are made.</li>
<li><strong>Learning from Disputes:</strong> Reflecting on the dispute and its resolution can provide valuable insights for improving future conflict management and decision-making processes.</li>
</ul>
<h4>8. Conclusion: Building Stronger Partnerships through Effective Dispute Resolution</h4>
<p>In conclusion, the ability to effectively resolve disputes is a cornerstone of a strong business partnership. Employing the right strategies not only helps in resolving current conflicts but also paves the way for a more cohesive and collaborative relationship in the future. By prioritizing open communication, understanding the root causes of conflicts, and choosing appropriate resolution methods, partners can ensure the longevity and success of their business collaboration.</p></div>
			</div>
			</div>
				
				
				
				
			</div>
				
				
			</div>
]]></content:encoded>
					
					<wfw:commentRss>/dispute-resolution-strategies-for-business-partnerships/feed/</wfw:commentRss>
			<slash:comments>0</slash:comments>
		
		
			</item>
		<item>
		<title>IP Protection: Safeguarding Your Business Assets</title>
		<link>/ip-protection-safeguarding-your-business-assets/</link>
					<comments>/ip-protection-safeguarding-your-business-assets/#respond</comments>
		
		<dc:creator><![CDATA[directoryadmin]]></dc:creator>
		<pubDate>Tue, 28 Nov 2023 07:15:26 +0000</pubDate>
				<category><![CDATA[Business Law]]></category>
		<guid isPermaLink="false">https://localmarketingsuites.com/demo/attorney/corporate/?p=305619</guid>

					<description><![CDATA[]]></description>
										<content:encoded><![CDATA[
<div class="et_pb_section et_pb_section_2 et_section_regular" >
				
				
				
				
				
				
				<div class="et_pb_row et_pb_row_2">
				<div class="et_pb_column et_pb_column_4_4 et_pb_column_2  et_pb_css_mix_blend_mode_passthrough et-last-child">
				
				
				
				
				<div class="et_pb_module et_pb_text et_pb_text_2  et_pb_text_align_left et_pb_bg_layout_light">
				
				
				
				
				<div class="et_pb_text_inner"><h4>1. Introduction to Intellectual Property and Its Importance</h4>
Intellectual Property (IP) represents the invaluable, intangible assets of a business, ranging from innovative products and proprietary technologies to unique branding and original creative works. Protecting these assets is not just a legal necessity; it&#8217;s a strategic imperative that can define a company&#8217;s competitive edge, drive its growth, and enhance its market value. IP protection is about securing the rewards of innovation and creativity, ensuring that they contribute to business success.
<h4>2. Types of Intellectual Property Rights</h4>
Understanding the landscape of IP rights is the first step in effective protection:
<ul>
	<li><strong>Patents:</strong> Patents are crucial for protecting inventions for a specific period, typically 20 years. They are essential for businesses that invest in research and development, as they prevent others from commercially exploiting the patented invention without authorization.</li>
	<li><strong>Copyrights:</strong> These protect original works of authorship, such as books, music, and software. Copyrights are automatically assigned upon the creation of the work and last for the lifetime of the creator plus a certain number of years after their death.</li>
	<li><strong>Trademarks:</strong> Trademarks protect symbols, names, and slogans used to identify and differentiate products or services. They are pivotal in branding strategy, as they prevent competitors from using similar identifiers that could confuse consumers.</li>
</ul>
<h4>3. Strategies for Protecting Intellectual Property</h4>
Developing a comprehensive strategy to protect IP assets is essential:
<ul>
	<li><strong>Conducting IP Audits:</strong> Regular audits help identify all the IP assets a company owns, laying the groundwork for developing a protection strategy. This includes assessing which assets are most valuable and at risk.</li>
	<li><strong>Non-Disclosure Agreements (NDAs):</strong> NDAs are vital when sharing confidential information with third parties, such as during business partnerships or product development processes. They legally bind parties to confidentiality, protecting the shared intellectual assets.</li>
</ul>
<h4>4. Navigating Intellectual Property Registration</h4>
The process and requirements for registering IP rights vary:
<ul>
	<li><strong>Patent Filing:</strong> Patent applications require a detailed description of the invention, along with claims defining its scope. The process involves a thorough examination by patent offices and can be complex and time-consuming.</li>
	<li><strong>Trademark Registration:</strong> This involves searching to ensure your brand elements are unique, followed by an application process. Once registered, trademarks offer legal protection against infringement and counterfeiting.</li>
</ul>
<h4>5. Enforcing Intellectual Property Rights</h4>
Active enforcement is crucial to derive value from IP rights:
<ul>
	<li><strong>Monitoring Infringement:</strong> Businesses should regularly monitor the market for potential infringements, using both manual searches and specialized software tools.</li>
	<li><strong>Legal Action:</strong> In cases of infringement, companies may need to pursue legal action, which can range from cease-and-desist letters to litigation, to protect their IP rights effectively.</li>
</ul>
<h4>6. The Role of Intellectual Property in Business Strategy</h4>
IP can be leveraged as a strategic business asset:
<ul>
	<li><strong>Licensing Opportunities:</strong> Licensing IP can be a significant revenue source, especially for companies with patented technologies or popular brands.</li>
	<li><strong>Competitive Advantage:</strong> Strong IP assets can provide a unique competitive advantage, differentiating products and services in the marketplace and building customer loyalty.</li>
</ul>
<h4>7. Conclusion: The Value of Intellectual Property Protection</h4>
Effective IP protection is not just about safeguarding assets; it&#8217;s about securing a business&#8217;s future. It encourages innovation, fosters a strong brand identity, and can open new revenue streams. In today&#8217;s fast-paced, competitive business environment, understanding and managing IP is more than a legal requirement – it&#8217;s a cornerstone of strategic business planning and a catalyst for growth and success.</div>
			</div>
			</div>
				
				
				
				
			</div>
				
				
			</div>
]]></content:encoded>
					
					<wfw:commentRss>/ip-protection-safeguarding-your-business-assets/feed/</wfw:commentRss>
			<slash:comments>0</slash:comments>
		
		
			</item>
		<item>
		<title>Understanding Regulatory Compliance for Your Industry</title>
		<link>/understanding-regulatory-compliance-for-your-industry/</link>
					<comments>/understanding-regulatory-compliance-for-your-industry/#respond</comments>
		
		<dc:creator><![CDATA[directoryadmin]]></dc:creator>
		<pubDate>Tue, 28 Nov 2023 07:13:05 +0000</pubDate>
				<category><![CDATA[Business Law]]></category>
		<guid isPermaLink="false">https://localmarketingsuites.com/demo/attorney/corporate/?p=305613</guid>

					<description><![CDATA[]]></description>
										<content:encoded><![CDATA[
<div class="et_pb_section et_pb_section_3 et_section_regular" >
				
				
				
				
				
				
				<div class="et_pb_row et_pb_row_3">
				<div class="et_pb_column et_pb_column_4_4 et_pb_column_3  et_pb_css_mix_blend_mode_passthrough et-last-child">
				
				
				
				
				<div class="et_pb_module et_pb_text et_pb_text_3  et_pb_text_align_left et_pb_bg_layout_light">
				
				
				
				
				<div class="et_pb_text_inner"><h4>1. Introduction to Regulatory Compliance</h4>
Regulatory compliance involves adhering to laws, regulations, guidelines, and specifications relevant to your business operations. It&#8217;s not just about avoiding legal penalties; it&#8217;s also about building trust with customers, enhancing your brand&#8217;s reputation, and creating a stable operating environment. Compliance is a dynamic field, with regulations often changing in response to new developments in the market, technology, and societal expectations.
<h4>2. Understanding Your Industry&#8217;s Regulatory Framework</h4>
Each industry faces a unique set of regulations. For instance, the healthcare sector must comply with HIPAA for patient data privacy, while financial institutions are governed by regulations like the Sarbanes-Oxley Act and Dodd-Frank Act.
<ul>
	<li><strong>Industry-Specific Regulations:</strong> For example, the tech industry must often focus on data privacy laws like GDPR, whereas manufacturing might focus more on environmental and safety regulations.</li>
	<li><strong>Keeping Updated with Changes:</strong> Utilize government websites, subscribe to industry newsletters, and participate in industry associations to stay informed about regulatory changes.</li>
</ul>
<h4>3. Key Components of Compliance Management</h4>
A robust compliance management system should include a comprehensive understanding of all applicable regulations, risk assessment, and a plan to address these risks.
<ul>
	<li><strong>Risk Assessment:</strong> Identify areas where your business might be at risk of non-compliance. This could involve financial risks, data breaches, or operational risks.</li>
	<li><strong>Compliance Policies and Procedures:</strong> Develop clear and documented policies and procedures to guide your team in compliance-related matters. Regularly review these policies to ensure they are up-to-date.</li>
</ul>
<h4>4. Common Challenges in Achieving Compliance</h4>
Compliance can be complex, with challenges including understanding which regulations apply to your business and adapting to new or changing regulations.
<ul>
	<li><strong>Rapid Regulatory Changes:</strong> Develop a proactive approach to monitor and respond to new regulations. This could involve forming a dedicated compliance team.</li>
	<li><strong>Resource Allocation:</strong> Determine the resources needed for effective compliance management, including budget, personnel, and technology.</li>
</ul>
<h4>5. Best Practices for Maintaining Compliance</h4>
Creating a culture of compliance within your organization is essential for long-term success.
<ul>
	<li><strong>Regular Training and Education:</strong> Conduct regular training sessions for employees to keep them informed about compliance requirements and procedures.</li>
	<li><strong>Compliance Audits:</strong> Perform regular internal or external audits to assess compliance status and make necessary adjustments.</li>
</ul>
<h4>6. Technology&#8217;s Role in Compliance Management</h4>
Leveraging technology can greatly enhance your compliance efforts, making them more efficient and less prone to error.
<ul>
	<li><strong>Compliance Software Solutions:</strong> Implement software solutions that can help in tracking regulatory changes, managing documentation, and reporting compliance status.</li>
	<li><strong>Automated Monitoring:</strong> Use automation for continuous monitoring of compliance. This could include tools that flag potential non-compliance issues in real-time.</li>
</ul>
<h4>7. Conclusion: Staying Ahead in Compliance</h4>
Navigating the complexities of regulatory compliance is challenging but essential. By understanding your industry-specific requirements, staying abreast of changes, employing best practices, and leveraging technology, you can maintain a strong compliance posture. This proactive approach not only minimizes risks but also contributes to the sustainable growth and credibility of your business.</div>
			</div>
			</div>
				
				
				
				
			</div>
				
				
			</div>
]]></content:encoded>
					
					<wfw:commentRss>/understanding-regulatory-compliance-for-your-industry/feed/</wfw:commentRss>
			<slash:comments>0</slash:comments>
		
		
			</item>
		<item>
		<title>Building Strong Foundations in Business Law</title>
		<link>/building-strong-foundations-in-business-law/</link>
					<comments>/building-strong-foundations-in-business-law/#respond</comments>
		
		<dc:creator><![CDATA[directoryadmin]]></dc:creator>
		<pubDate>Sat, 11 Nov 2023 05:46:04 +0000</pubDate>
				<category><![CDATA[Business Law]]></category>
		<guid isPermaLink="false">https://localmarketingsuites.com/demo/attorney/general/?p=1096</guid>

					<description><![CDATA[]]></description>
										<content:encoded><![CDATA[
<div class="et_pb_section et_pb_section_4 et_section_regular" >
				
				
				
				
				
				
				<div class="et_pb_row et_pb_row_4">
				<div class="et_pb_column et_pb_column_4_4 et_pb_column_4  et_pb_css_mix_blend_mode_passthrough et-last-child">
				
				
				
				
				<div class="et_pb_module et_pb_text et_pb_text_4  et_pb_text_align_left et_pb_bg_layout_light">
				
				
				
				
				<div class="et_pb_text_inner"><p>Welcome to the world of business law, where laying a solid foundation is the cornerstone of success. It&#8217;s not just about legalities; it&#8217;s about constructing a framework that can withstand the complexities of commerce. So, grab your hard hat, and let&#8217;s delve into the process of building strong foundations in business law.</p>
<p><strong>Blueprinting Your Business Structure</strong></p>
<p>Just as a building needs a blueprint, your business requires a well-thought-out structure. Choosing between a sole proprietorship, partnership, LLC, or corporation is like deciding on the architectural style of your business. Each structure comes with its own set of advantages and considerations, and selecting the right one is the first step in building a resilient legal foundation.</p>
<p><strong>Contracts: The Nuts and Bolts of Business Relationships</strong></p>
<p>Contracts are the nuts and bolts holding your business relationships together. Whether it&#8217;s agreements with clients, suppliers, or partners, a well-drafted contract ensures everyone is on the same page. It&#8217;s like having a solid construction contract in place before breaking ground on a new project – clarity and expectations are key.</p>
<p><strong>Employment Law: Creating a Stable Work Environment</strong></p>
<p>Your employees are the supporting structure of your business. Complying with employment laws ensures a stable and supportive work environment. It&#8217;s like reinforcing the building&#8217;s structure to withstand the test of time. From hiring to termination, understanding and adhering to employment laws is crucial for building a resilient business.</p>
<p><strong>Intellectual Property: Safeguarding Your Business Blueprint</strong></p>
<p>Protecting your business&#8217;s intellectual property is akin to securing the architectural plans for a groundbreaking design. Trademarks, copyrights, and patents are the safeguards that ensure your unique ideas and creations remain exclusively yours. Just as a builder wouldn&#8217;t want someone replicating their architectural masterpiece, you wouldn&#8217;t want others copying your business&#8217;s intellectual blueprint.</p>
<p><strong>Regulatory Compliance: Staying within Building Codes</strong></p>
<p>Every building must comply with local building codes, and every business must adhere to regulatory requirements. Staying within the legal framework is like ensuring your structure meets all safety and environmental standards. Regulatory compliance is not just a legal requirement; it&#8217;s a crucial aspect of building a business that stands the test of time.</p>
<p><strong>Business Transactions: Laying a Smooth Foundation for Deals</strong></p>
<p>Every business engages in transactions, from sales to mergers. Each transaction is like adding another floor to your building. Ensuring these transactions are legally sound, transparent, and beneficial to all parties involved is crucial for maintaining the structural integrity of your business.</p>
<p><strong>Risk Management: Weatherproofing Your Business Structure</strong></p>
<p>Just as builders consider weatherproofing, business owners must assess and manage risks. It&#8217;s about identifying potential legal challenges and creating strategies to weather the storms. Effective risk management is the insurance policy that safeguards your business against unexpected legal issues.</p>
<p><strong>Dispute Resolution: Navigating Construction Hiccups</strong></p>
<p>In construction, disputes can arise. The same is true in business. Having effective dispute resolution mechanisms in place is like having a skilled project manager to navigate construction hiccups. Whether through negotiation, mediation, or litigation, the goal is to address issues swiftly and maintain the overall stability of your business structure.</p>
<p><strong>Cybersecurity: Building a Digital Fortress</strong></p>
<p>In the digital age, cybersecurity is the protective barrier around your business structure. It&#8217;s about safeguarding sensitive information, just as a builder would protect a construction site from intruders. Implementing robust cybersecurity measures is non-negotiable in today&#8217;s business landscape.</p>
<p><strong>Continuous Evaluation: Renovating for Ongoing Relevance</strong></p>
<p>Even the sturdiest structures undergo renovations for ongoing relevance. Similarly, continuous evaluation of your business&#8217;s legal foundation ensures it remains up-to-date and relevant. It&#8217;s like periodically inspecting a building to identify areas that may need reinforcement or improvement.</p>
<p>In conclusion, building strong foundations in business law is a dynamic process. It requires careful planning, attention to detail, and a proactive approach to potential legal challenges. With the right legal framework in place, your business becomes a resilient structure, ready to withstand the tests of time and market dynamics. So, put on your legal hard hat, and let&#8217;s start building the foundations for your business success.</p></div>
			</div>
			</div>
				
				
				
				
			</div>
				
				
			</div>
]]></content:encoded>
					
					<wfw:commentRss>/building-strong-foundations-in-business-law/feed/</wfw:commentRss>
			<slash:comments>0</slash:comments>
		
		
			</item>
	</channel>
</rss>
