<?xml version="1.0" encoding="UTF-8"?><rss version="2.0"
	xmlns:content="http://purl.org/rss/1.0/modules/content/"
	xmlns:dc="http://purl.org/dc/elements/1.1/"
	xmlns:atom="http://www.w3.org/2005/Atom"
	xmlns:sy="http://purl.org/rss/1.0/modules/syndication/"
	
	>
<channel>
	<title>
	Comments on: When Child Custody Battle Go Too Far	</title>
	<atom:link href="/when-child-custody-battle-go-too-far/feed/" rel="self" type="application/rss+xml" />
	<link>/when-child-custody-battle-go-too-far/</link>
	<description></description>
	<lastBuildDate>Sat, 27 Jan 2024 15:22:10 +0000</lastBuildDate>
	<sy:updatePeriod>
	hourly	</sy:updatePeriod>
	<sy:updateFrequency>
	1	</sy:updateFrequency>
	<generator>https://wordpress.org/?v=6.5.5</generator>
</channel>
</rss>
