<?xml version="1.0" encoding="UTF-8"?><rss version="2.0"
	xmlns:content="http://purl.org/rss/1.0/modules/content/"
	xmlns:dc="http://purl.org/dc/elements/1.1/"
	xmlns:atom="http://www.w3.org/2005/Atom"
	xmlns:sy="http://purl.org/rss/1.0/modules/syndication/"
	
	>
<channel>
	<title>
	Comments on: The Impact of Criminal Charges on Your Future	</title>
	<atom:link href="/the-impact-of-criminal-charges-on-your-future/feed/" rel="self" type="application/rss+xml" />
	<link>/the-impact-of-criminal-charges-on-your-future/</link>
	<description></description>
	<lastBuildDate>Sat, 27 Jan 2024 15:51:09 +0000</lastBuildDate>
	<sy:updatePeriod>
	hourly	</sy:updatePeriod>
	<sy:updateFrequency>
	1	</sy:updateFrequency>
	<generator>https://wordpress.org/?v=6.5.5</generator>
</channel>
</rss>
