<?xml version="1.0" encoding="UTF-8"?><rss version="2.0"
	xmlns:content="http://purl.org/rss/1.0/modules/content/"
	xmlns:wfw="http://wellformedweb.org/CommentAPI/"
	xmlns:dc="http://purl.org/dc/elements/1.1/"
	xmlns:atom="http://www.w3.org/2005/Atom"
	xmlns:sy="http://purl.org/rss/1.0/modules/syndication/"
	xmlns:slash="http://purl.org/rss/1.0/modules/slash/"
	>

<channel>
	<title>Bankruptcy | Attorney Directory</title>
	<atom:link href="/category/bankruptcy/feed/" rel="self" type="application/rss+xml" />
	<link>/</link>
	<description></description>
	<lastBuildDate>Sat, 27 Jan 2024 15:51:28 +0000</lastBuildDate>
	<language>en-US</language>
	<sy:updatePeriod>
	hourly	</sy:updatePeriod>
	<sy:updateFrequency>
	1	</sy:updateFrequency>
	<generator>https://wordpress.org/?v=6.5.5</generator>
	<item>
		<title>Debt Relief Strategies for a Fresh Financial Start</title>
		<link>/debt-relief-strategies-for-a-fresh-financial-start/</link>
					<comments>/debt-relief-strategies-for-a-fresh-financial-start/#respond</comments>
		
		<dc:creator><![CDATA[directoryadmin]]></dc:creator>
		<pubDate>Wed, 17 Jan 2024 09:10:07 +0000</pubDate>
				<category><![CDATA[Bankruptcy]]></category>
		<guid isPermaLink="false">http://localhost/websitesuites/?p=549</guid>

					<description><![CDATA[]]></description>
										<content:encoded><![CDATA[<div class="et_pb_section et_pb_section_0 et_section_regular" >
				
				
				
				
				
				
				<div class="et_pb_row et_pb_row_0">
				<div class="et_pb_column et_pb_column_4_4 et_pb_column_0  et_pb_css_mix_blend_mode_passthrough et-last-child">
				
				
				
				
				<div class="et_pb_module et_pb_text et_pb_text_0  et_pb_text_align_left et_pb_bg_layout_light">
				
				
				
				
				<div class="et_pb_text_inner"><p>We&#8217;ve all been there, stuck in the financial quicksand, desperately reaching for a lifeline. But here&#8217;s the good news: financial freedom is not a distant dream. It&#8217;s like finding the path to your own treasure chest; you just need the right strategies to unlock it. So, let&#8217;s explore some debt relief strategies for that fresh financial start.</p>
<p><strong>1. Budgeting: Your Financial Compass</strong></p>
<p>Budgeting is like your North Star in the financial galaxy. It helps you track your income and expenses, keeping you on course. By creating a budget, you can identify areas where you can cut back and allocate more funds toward paying off your debts.</p>
<p><strong>2. Debt Snowball or Avalanche: Choose Your Weapon</strong></p>
<p>Debt is like a dragon with multiple heads, and you need a plan to slay it. The debt snowball method is like taking on the smallest debts first to build momentum. It&#8217;s motivational, like defeating mini-bosses on your journey. The debt avalanche method, on the other hand, is like attacking the high-interest debts first, saving you more money in the long run. Pick the strategy that suits your style.</p>
<p><strong>3. Credit Counseling: Professional Guidance</strong></p>
<p>Credit counseling is like having a financial wizard in your corner. Credit counselors can help you negotiate with creditors, set up a debt management plan, and provide valuable financial education. They&#8217;re like the Gandalfs of the financial world, guiding you through the treacherous terrain.</p>
<p><strong>4. Debt Consolidation: Streamlining Your Debts</strong></p>
<p>Debt consolidation is like merging your unruly tributaries into a single, navigable river. By combining your debts into one loan with a lower interest rate, you simplify your payments and potentially reduce your monthly outflow.</p>
<p><strong>5. Negotiating with Creditors: Diplomacy Pays</strong></p>
<p>Sometimes, creditors can be more flexible than you think. It&#8217;s like haggling at a bustling marketplace. Reach out to your creditors and see if they&#8217;re willing to settle for a reduced amount or agree to a more manageable payment plan.</p>
<p><strong>6. Bankruptcy: A Last Resort</strong></p>
<p>When you&#8217;re in the financial equivalent of a deep abyss, bankruptcy can be your rescue rope. It&#8217;s like hitting the reset button on your financial life. Chapter 7 or Chapter 13 bankruptcy can help you discharge debts or create a structured repayment plan, respectively.</p>
<p><strong>7. Emergency Fund: Your Financial Safety Net</strong></p>
<p>An emergency fund is like having a superhero cape when trouble strikes. It prevents you from relying on credit cards or loans when unexpected expenses pop up. Building an emergency fund should be a priority, even while dealing with debt.</p>
<p><strong>8. Financial Education: Your Armor</strong></p>
<p>Knowledge is your armor on this financial quest. Educate yourself about personal finance, budgeting, and wise money management. It&#8217;s like leveling up your skills for the battles ahead.</p>
<p><strong>9. Seek Professional Help: The Wise Sage</strong></p>
<p>If you&#8217;re lost in the financial forest, it&#8217;s time to seek guidance from a financial advisor or a bankruptcy attorney. They&#8217;re like the wise sages who&#8217;ve seen it all and can offer expert advice tailored to your unique situation.</p>
<p><strong>10. Patience and Persistence: Your Best Allies</strong></p>
<p>Remember, this journey isn&#8217;t a sprint; it&#8217;s more like a marathon. Be patient and stay persistent. Celebrate small victories along the way and keep your eyes on the ultimate prize: a fresh financial start.</p>
<p>Debt relief is possible, and there&#8217;s a strategy that fits every financial landscape. It&#8217;s like having a toolbox, and you need to pick the right tool for the job. With determination, discipline, and the right approach, that fresh financial start is closer than you think. So, start today, and let the journey begin.</p></div>
			</div>
			</div>
				
				
				
				
			</div>
				
				
			</div>
]]></content:encoded>
					
					<wfw:commentRss>/debt-relief-strategies-for-a-fresh-financial-start/feed/</wfw:commentRss>
			<slash:comments>0</slash:comments>
		
		
			</item>
		<item>
		<title>Chapter 7 vs. Chapter 13 Bankruptcy: Which Is Right for You?</title>
		<link>/chapter-7-vs-chapter-13-bankruptcy-which-is-right-for-you/</link>
					<comments>/chapter-7-vs-chapter-13-bankruptcy-which-is-right-for-you/#respond</comments>
		
		<dc:creator><![CDATA[directoryadmin]]></dc:creator>
		<pubDate>Thu, 17 Aug 2023 09:33:53 +0000</pubDate>
				<category><![CDATA[Bankruptcy]]></category>
		<guid isPermaLink="false">http://localhost/websitesuites/?p=568</guid>

					<description><![CDATA[]]></description>
										<content:encoded><![CDATA[<div class="et_pb_section et_pb_section_1 et_section_regular" >
				
				
				
				
				
				
				<div class="et_pb_row et_pb_row_1">
				<div class="et_pb_column et_pb_column_4_4 et_pb_column_1  et_pb_css_mix_blend_mode_passthrough et-last-child">
				
				
				
				
				<div class="et_pb_module et_pb_text et_pb_text_1  et_pb_text_align_left et_pb_bg_layout_light">
				
				
				
				
				<div class="et_pb_text_inner"><p>Bankruptcy. Just the word can make your heart race and your palms sweat. But what if we told you that understanding the bankruptcy process can demystify this complex journey? It&#8217;s like having a map in an unfamiliar city; it helps you navigate the twists and turns. So, let&#8217;s break it down step by step.</p>
<p><strong>Step 1: Evaluation and Decision</strong></p>
<p>It all begins with a moment of self-reflection. You&#8217;re in financial turmoil, and you need a way out. The first step is to decide if bankruptcy is your best escape route. This is like deciding whether to take a detour or stay on the main road.</p>
<p>You&#8217;ll assess your debts, income, assets, and financial goals. It&#8217;s a bit like checking your fuel, looking at the terrain, and deciding if you need a fast sports car or a sturdy SUV for the journey.</p>
<p><strong>Step 2: Credit Counseling</strong></p>
<p>Before you hit the bankruptcy highway, the law insists on a credit counseling session. It&#8217;s a bit like making sure your vehicle is roadworthy. This session helps you explore alternatives to bankruptcy. It&#8217;s often a brief, one-time deal and can be done online or over the phone.</p>
<p><strong>Step 3: Filing for Bankruptcy</strong></p>
<p>Once you&#8217;ve made up your mind, it&#8217;s time to file for bankruptcy. This is your official entrance ramp to the process. You&#8217;ll need to complete a bunch of paperwork, listing your debts, assets, income, and expenses. It&#8217;s like mapping out your route with all the necessary details.</p>
<p><strong>Step 4: Automatic Stay</strong></p>
<p>As soon as you file, something magical happens: an automatic stay is put in place. It&#8217;s like a force field that stops creditors from hounding you. They can&#8217;t sue you, garnish your wages, or call you. This is the relief you&#8217;ve been craving.</p>
<p><strong>Step 5: Meeting of Creditors (341 Meeting)</strong></p>
<p>This step is like a pit stop on your journey. You&#8217;ll meet with a bankruptcy trustee who will review your case and ask you some questions. It&#8217;s usually quick and straightforward, like a roadside inspection to ensure everything&#8217;s in order.</p>
<p><strong>Step 6: Chapter 7 or Chapter 13</strong></p>
<p>Now, you face a crossroads. If you&#8217;re in Chapter 7, it&#8217;s like you&#8217;re on the express route to debt discharge. But if you&#8217;re in Chapter 13, it&#8217;s more like a structured payment plan. You&#8217;ll need to follow the road that suits your situation and goals.</p>
<p><strong>Step 7: Repayment or Discharge</strong></p>
<p>If you&#8217;re in Chapter 13, you&#8217;ll be making regular payments as per your court-approved plan. It&#8217;s like cruising on a toll road; you know the costs and when you&#8217;ll be debt-free.</p>
<p>For Chapter 7 folks, it&#8217;s the final leg of the journey. Your unsecured debts are discharged, just like you&#8217;ve reached your destination, and the heavy baggage is dropped.</p>
<p><strong>Step 8: Financial Fresh Start</strong></p>
<p>Whether you&#8217;re in Chapter 7 or Chapter 13, the endgame is the same: a fresh start. Your debts are managed, and you&#8217;re on your way to financial freedom. It&#8217;s like you&#8217;ve reached a new town where the past no longer haunts you.</p>
<p>But keep in mind, the bankruptcy journey isn&#8217;t one-size-fits-all. It&#8217;s like having a different vehicle for different terrains. That&#8217;s why it&#8217;s crucial to consult a bankruptcy attorney, your trustworthy GPS, who&#8217;ll help you choose the right route and ensure a smoother ride.</p>
<p>So, there you have it &#8211; the bankruptcy process decoded, step by step. It&#8217;s like having a roadmap to a brighter financial future, one that can lead you to that elusive financial destination.</p></div>
			</div>
			</div>
				
				
				
				
			</div>
				
				
			</div>
]]></content:encoded>
					
					<wfw:commentRss>/chapter-7-vs-chapter-13-bankruptcy-which-is-right-for-you/feed/</wfw:commentRss>
			<slash:comments>0</slash:comments>
		
		
			</item>
		<item>
		<title>Understanding the Bankruptcy Process: Step-by-Step Guide</title>
		<link>/understanding-the-bankruptcy-process-step-by-step-guide/</link>
					<comments>/understanding-the-bankruptcy-process-step-by-step-guide/#respond</comments>
		
		<dc:creator><![CDATA[directoryadmin]]></dc:creator>
		<pubDate>Thu, 17 Aug 2023 09:11:01 +0000</pubDate>
				<category><![CDATA[Bankruptcy]]></category>
		<guid isPermaLink="false">http://localhost/websitesuites/?p=555</guid>

					<description><![CDATA[]]></description>
										<content:encoded><![CDATA[<div class="et_pb_section et_pb_section_2 et_section_regular" >
				
				
				
				
				
				
				<div class="et_pb_row et_pb_row_2">
				<div class="et_pb_column et_pb_column_4_4 et_pb_column_2  et_pb_css_mix_blend_mode_passthrough et-last-child">
				
				
				
				
				<div class="et_pb_module et_pb_text et_pb_text_2  et_pb_text_align_left et_pb_bg_layout_light">
				
				
				
				
				<div class="et_pb_text_inner"><p>Bankruptcy. Just the word can make your heart race and your palms sweat. But what if we told you that understanding the bankruptcy process can demystify this complex journey? It&#8217;s like having a map in an unfamiliar city; it helps you navigate the twists and turns. So, let&#8217;s break it down step by step.</p>
<p><strong>Step 1: Evaluation and Decision</strong></p>
<p>It all begins with a moment of self-reflection. You&#8217;re in financial turmoil, and you need a way out. The first step is to decide if bankruptcy is your best escape route. This is like deciding whether to take a detour or stay on the main road.</p>
<p>You&#8217;ll assess your debts, income, assets, and financial goals. It&#8217;s a bit like checking your fuel, looking at the terrain, and deciding if you need a fast sports car or a sturdy SUV for the journey.</p>
<p><strong>Step 2: Credit Counseling</strong></p>
<p>Before you hit the bankruptcy highway, the law insists on a credit counseling session. It&#8217;s a bit like making sure your vehicle is roadworthy. This session helps you explore alternatives to bankruptcy. It&#8217;s often a brief, one-time deal and can be done online or over the phone.</p>
<p><strong>Step 3: Filing for Bankruptcy</strong></p>
<p>Once you&#8217;ve made up your mind, it&#8217;s time to file for bankruptcy. This is your official entrance ramp to the process. You&#8217;ll need to complete a bunch of paperwork, listing your debts, assets, income, and expenses. It&#8217;s like mapping out your route with all the necessary details.</p>
<p><strong>Step 4: Automatic Stay</strong></p>
<p>As soon as you file, something magical happens: an automatic stay is put in place. It&#8217;s like a force field that stops creditors from hounding you. They can&#8217;t sue you, garnish your wages, or call you. This is the relief you&#8217;ve been craving.</p>
<p><strong>Step 5: Meeting of Creditors (341 Meeting)</strong></p>
<p>This step is like a pit stop on your journey. You&#8217;ll meet with a bankruptcy trustee who will review your case and ask you some questions. It&#8217;s usually quick and straightforward, like a roadside inspection to ensure everything&#8217;s in order.</p>
<p><strong>Step 6: Chapter 7 or Chapter 13</strong></p>
<p>Now, you face a crossroads. If you&#8217;re in Chapter 7, it&#8217;s like you&#8217;re on the express route to debt discharge. But if you&#8217;re in Chapter 13, it&#8217;s more like a structured payment plan. You&#8217;ll need to follow the road that suits your situation and goals.</p>
<p><strong>Step 7: Repayment or Discharge</strong></p>
<p>If you&#8217;re in Chapter 13, you&#8217;ll be making regular payments as per your court-approved plan. It&#8217;s like cruising on a toll road; you know the costs and when you&#8217;ll be debt-free.</p>
<p>For Chapter 7 folks, it&#8217;s the final leg of the journey. Your unsecured debts are discharged, just like you&#8217;ve reached your destination, and the heavy baggage is dropped.</p>
<p><strong>Step 8: Financial Fresh Start</strong></p>
<p>Whether you&#8217;re in Chapter 7 or Chapter 13, the endgame is the same: a fresh start. Your debts are managed, and you&#8217;re on your way to financial freedom. It&#8217;s like you&#8217;ve reached a new town where the past no longer haunts you.</p>
<p>But keep in mind, the bankruptcy journey isn&#8217;t one-size-fits-all. It&#8217;s like having a different vehicle for different terrains. That&#8217;s why it&#8217;s crucial to consult a bankruptcy attorney, your trustworthy GPS, who&#8217;ll help you choose the right route and ensure a smoother ride.</p>
<p>So, there you have it &#8211; the bankruptcy process decoded, step by step. It&#8217;s like having a roadmap to a brighter financial future, one that can lead you to that elusive financial destination.</p></div>
			</div>
			</div>
				
				
				
				
			</div>
				
				
			</div>
]]></content:encoded>
					
					<wfw:commentRss>/understanding-the-bankruptcy-process-step-by-step-guide/feed/</wfw:commentRss>
			<slash:comments>0</slash:comments>
		
		
			</item>
		<item>
		<title>Protecting Your Assets in Bankruptcy: What You Need to Know</title>
		<link>/protecting-your-assets-in-bankruptcy-what-you-need-to-know/</link>
					<comments>/protecting-your-assets-in-bankruptcy-what-you-need-to-know/#respond</comments>
		
		<dc:creator><![CDATA[directoryadmin]]></dc:creator>
		<pubDate>Thu, 17 Aug 2023 09:05:55 +0000</pubDate>
				<category><![CDATA[Bankruptcy]]></category>
		<guid isPermaLink="false">http://localhost/websitesuites/?p=544</guid>

					<description><![CDATA[]]></description>
										<content:encoded><![CDATA[<div class="et_pb_section et_pb_section_3 et_section_regular" >
				
				
				
				
				
				
				<div class="et_pb_row et_pb_row_3">
				<div class="et_pb_column et_pb_column_4_4 et_pb_column_3  et_pb_css_mix_blend_mode_passthrough et-last-child">
				
				
				
				
				<div class="et_pb_module et_pb_text et_pb_text_3  et_pb_text_align_left et_pb_bg_layout_light">
				
				
				
				
				<div class="et_pb_text_inner">Picture this: you&#8217;re on a financial adventure, and your assets are like precious cargo. Navigating the bankruptcy landscape is a bit like sailing uncharted waters, but with the right knowledge, you can ensure that your prized possessions remain safe. Let&#8217;s dive into the essentials of asset protection in bankruptcy.</p>
<p><strong>1. Exemptions: The Shield for Your Assets</strong></p>
<p>Exemptions are like the protective barriers that surround your assets during bankruptcy. They vary by state and federal law, but they generally safeguard items such as your primary residence, vehicle, clothing, household goods, and retirement accounts. Think of them as the force fields that shield your assets from liquidation.</p>
<p><strong>2. Homestead Exemption: Defending Your Home</strong></p>
<p>Your home is often your most valuable asset. Luckily, many states offer a homestead exemption that shields a portion of your home&#8217;s equity from creditors during bankruptcy. The amount protected varies by state, so it&#8217;s essential to understand your local laws.</p>
<p><strong>3. Vehicle Exemption: Keeping Your Wheels</strong></p>
<p>Your car is like your trusty steed on this financial journey. Most states provide an exemption to protect a specific amount of equity in your vehicle. This exemption ensures that you can retain your means of transportation during bankruptcy.</p>
<p><strong>4. Personal Property Exemption: Safeguarding Necessities</strong></p>
<p>Your personal belongings, like clothing, furniture, and household goods, are often protected by exemptions. These items are like your survival gear; you don&#8217;t have to worry about losing them in bankruptcy.</p>
<p><strong>5. Retirement Accounts: A Fortress of Protection</strong></p>
<p>Retirement accounts, such as 401(k)s and IRAs, are usually shielded in bankruptcy. They&#8217;re like the treasure chests you can&#8217;t touch. Your hard-earned savings for the golden years remain intact.</p>
<p><strong>6. Wild Card Exemption: Flexibility in Protection</strong></p>
<p>Some states offer a wild card exemption, which is like a joker in a deck of cards. It allows you to protect any asset of your choice, providing additional flexibility for asset protection.</p>
<p><strong>7. Professional Guidance: The Compass in the Storm</strong></p>
<p>Navigating the maze of exemptions and asset protection can be tricky. Consulting a bankruptcy attorney is like having a skilled navigator by your side. They&#8217;ll help you understand your state&#8217;s specific exemptions and how to make the most of them.</p>
<p><strong>8. Avoiding Non-Exempt Asset Liquidation</strong></p>
<p>In some cases, if you have non-exempt assets, a Chapter 7 bankruptcy might result in their liquidation to repay creditors. However, in a Chapter 13 bankruptcy, you may keep your non-exempt assets, but you&#8217;ll need to pay an equivalent value to creditors through your repayment plan.</p>
<p><strong>9. Disclosure and Honesty: Your Guiding Principles</strong></p>
<p>Transparency and honesty in disclosing your assets are like your guiding principles in bankruptcy. Failing to disclose assets can lead to serious consequences, including the dismissal of your case.</p>
<p><strong>10. Legal Tools: Trusts and Planning</strong></p>
<p>Some advanced asset protection strategies involve trusts and estate planning. These tools can be useful in preserving assets, but they must be executed correctly and well in advance of filing for bankruptcy.</p>
<p>In the bankruptcy journey, protecting your assets is like securing your treasures in a vault. The laws and exemptions act as your guardians, ensuring that essential assets remain out of reach for creditors. So, with the right knowledge and the guidance of a bankruptcy attorney, you can embark on this journey with confidence, knowing that your assets are protected on your path to financial recovery.</div>
			</div>
			</div>
				
				
				
				
			</div>
				
				
			</div>
]]></content:encoded>
					
					<wfw:commentRss>/protecting-your-assets-in-bankruptcy-what-you-need-to-know/feed/</wfw:commentRss>
			<slash:comments>0</slash:comments>
		
		
			</item>
	</channel>
</rss>
