<?xml version="1.0" encoding="UTF-8"?><rss version="2.0"
	xmlns:content="http://purl.org/rss/1.0/modules/content/"
	xmlns:dc="http://purl.org/dc/elements/1.1/"
	xmlns:atom="http://www.w3.org/2005/Atom"
	xmlns:sy="http://purl.org/rss/1.0/modules/syndication/"
	
	>
<channel>
	<title>
	Comments on: Protecting Your Assets in Bankruptcy: What You Need to Know	</title>
	<atom:link href="/protecting-your-assets-in-bankruptcy-what-you-need-to-know/feed/" rel="self" type="application/rss+xml" />
	<link>/protecting-your-assets-in-bankruptcy-what-you-need-to-know/</link>
	<description></description>
	<lastBuildDate>Sat, 27 Jan 2024 15:40:46 +0000</lastBuildDate>
	<sy:updatePeriod>
	hourly	</sy:updatePeriod>
	<sy:updateFrequency>
	1	</sy:updateFrequency>
	<generator>https://wordpress.org/?v=6.5.5</generator>
</channel>
</rss>
