<?xml version="1.0" encoding="UTF-8"?><rss version="2.0"
	xmlns:content="http://purl.org/rss/1.0/modules/content/"
	xmlns:wfw="http://wellformedweb.org/CommentAPI/"
	xmlns:dc="http://purl.org/dc/elements/1.1/"
	xmlns:atom="http://www.w3.org/2005/Atom"
	xmlns:sy="http://purl.org/rss/1.0/modules/syndication/"
	xmlns:slash="http://purl.org/rss/1.0/modules/slash/"
	>

<channel>
	<title>Uncategorized | Attorney Directory</title>
	<atom:link href="/category/uncategorized/feed/" rel="self" type="application/rss+xml" />
	<link>/</link>
	<description></description>
	<lastBuildDate>Sat, 27 Jan 2024 15:51:09 +0000</lastBuildDate>
	<language>en-US</language>
	<sy:updatePeriod>
	hourly	</sy:updatePeriod>
	<sy:updateFrequency>
	1	</sy:updateFrequency>
	<generator>https://wordpress.org/?v=6.5.5</generator>
	<item>
		<title>The Impact of Criminal Charges on Your Future</title>
		<link>/the-impact-of-criminal-charges-on-your-future/</link>
					<comments>/the-impact-of-criminal-charges-on-your-future/#respond</comments>
		
		<dc:creator><![CDATA[directoryadmin]]></dc:creator>
		<pubDate>Tue, 28 Nov 2023 20:00:27 +0000</pubDate>
				<category><![CDATA[Uncategorized]]></category>
		<guid isPermaLink="false">https://localmarketingsuites.com/demo/attorney/criminal-defense/?p=1402</guid>

					<description><![CDATA[]]></description>
										<content:encoded><![CDATA[
<div class="et_pb_section et_pb_section_0 et_section_regular" >
				
				
				
				
				
				
				<div class="et_pb_row et_pb_row_0">
				<div class="et_pb_column et_pb_column_4_4 et_pb_column_0  et_pb_css_mix_blend_mode_passthrough et-last-child">
				
				
				
				
				<div class="et_pb_module et_pb_text et_pb_text_0  et_pb_text_align_left et_pb_bg_layout_light">
				
				
				
				
				<div class="et_pb_text_inner"><div class="w-full text-token-text-primary" data-testid="conversation-turn-27">
<div class="px-4 py-2 justify-center text-base md:gap-6 md:py-6 m-auto">
<div class="flex flex-1 text-base mx-auto gap-3 md:px-5 lg:px-1 xl:px-5 md:max-w-3xl lg:max-w-&#091;40rem&#093; xl:max-w-&#091;48rem&#093; } group">
<div class="relative flex w-full flex-col lg:w-&#091;calc(100%-115px)&#093; agent-turn">
<div class="flex-col gap-1 md:gap-3">
<div class="flex flex-grow flex-col max-w-full">
<div data-message-author-role="assistant" data-message-id="7084e2ba-e544-4e7f-a9c1-08bd2142a8f0" class="min-h-&#091;20px&#093; text-message flex flex-col items-start gap-3 whitespace-pre-wrap break-words &#091;.text-message+&amp;&#093;:mt-5 overflow-x-auto">
<div class="markdown prose w-full break-words dark:prose-invert dark">
<p>Criminal charges can drastically alter the trajectory of one&#8217;s life, affecting nearly every aspect from personal relationships to professional opportunities. Understanding these implications is the first step in preparing for and mitigating their long-term effects. This article provides an in-depth look at the various ways a criminal charge can impact your life and offers guidance on navigating these challenges.</p>
<h4>Employment Challenges Post-Conviction</h4>
<p>The effect on employment can be one of the most immediate and challenging consequences:</p>
<ul>
<li><strong>Stigma in the Workplace:</strong> Even after serving time or paying fines, the stigma of a criminal record can persist, leading to biases during job searches or promotions.</li>
<li><strong>Occupational Licensing:</strong> Certain professions, like law, healthcare, or education, may have strict regulations against hiring individuals with criminal records.</li>
</ul>
<h4>Educational Opportunities and Criminal Records</h4>
<p>Higher education aspirations can also be impacted:</p>
<ul>
<li><strong>College Applications:</strong> Some colleges ask about criminal history in their applications, potentially impacting admissions decisions.</li>
<li><strong>Impact on Financial Aid:</strong> Specific criminal convictions, especially drug-related, can disqualify students from federal financial aid.</li>
</ul>
<h4>Social and Personal Relationships</h4>
<p>The social repercussions of criminal charges are often profound:</p>
<ul>
<li><strong>Community Relationships:</strong> A criminal charge can alter how you&#8217;re viewed in your community, leading to social isolation or ostracism.</li>
<li><strong>Family Dynamics:</strong> The stress of legal issues can strain family relationships, especially if the conviction leads to incarceration.</li>
</ul>
<h4>Financial Implications of Criminal Charges</h4>
<p>The financial burden associated with criminal charges is multi-faceted:</p>
<ul>
<li><strong>Ongoing Legal Expenses:</strong> Beyond the initial cost of defense, there may be ongoing legal expenses for appeals or parole hearings.</li>
<li><strong>Impact on Credit Score:</strong> Legal troubles can indirectly affect your credit score, impacting your ability to get loans or housing.</li>
</ul>
<h4>Travel Restrictions and Legal Limitations</h4>
<p>Legal repercussions can extend to basic freedoms:</p>
<ul>
<li><strong>International Travel:</strong> Some countries deny entry to individuals with certain types of criminal records.</li>
<li><strong>Probation or Parole Restrictions:</strong> These may include curfews, travel limitations within your own country, and regular check-ins with a legal officer.</li>
</ul>
<h4>Rehabilitation and Reintegration into Society</h4>
<p>The road to reintegration requires effort and support:</p>
<ul>
<li><strong>Access to Rehabilitation Services:</strong> Utilizing available rehabilitation services, including counseling and job training programs, can be crucial for successful reintegration.</li>
<li><strong>Building a Support Network:</strong> Finding and engaging with supportive community groups or individuals who have gone through similar experiences can be invaluable.</li>
</ul>
<h4>Legal Strategies to Mitigate the Impact</h4>
<p>There are strategies to lessen the long-term impact of a criminal record:</p>
<ul>
<li><strong>Exploring Record Clearing Options:</strong> Depending on the jurisdiction and nature of the crime, options like expungement, sealing, or pardon can be explored to clear your record.</li>
<li><strong>Advocacy and Legal Reform:</strong> Engaging in advocacy for legal reform can also be a way to address the broader issues related to criminal justice and its impacts.</li>
</ul>
<h4>Conclusion: Navigating Life Post-Criminal Charges</h4>
<p>Dealing with the aftermath of criminal charges requires resilience and resourcefulness. By understanding the full scope of their impact and actively seeking ways to mitigate these challenges, it’s possible to move beyond the conviction and build a fulfilling life. Remember, a criminal charge or conviction is a part of your story, but it doesn&#8217;t define your entire narrative. With the right approach and support, there is a path forward.</p>
</div>
</div>
</div>
</div>
</div>
</div>
</div>
</div></div>
			</div>
			</div>
				
				
				
				
			</div>
				
				
			</div>
]]></content:encoded>
					
					<wfw:commentRss>/the-impact-of-criminal-charges-on-your-future/feed/</wfw:commentRss>
			<slash:comments>0</slash:comments>
		
		
			</item>
	</channel>
</rss>
