<?xml version="1.0" encoding="UTF-8"?><rss version="2.0"
	xmlns:content="http://purl.org/rss/1.0/modules/content/"
	xmlns:wfw="http://wellformedweb.org/CommentAPI/"
	xmlns:dc="http://purl.org/dc/elements/1.1/"
	xmlns:atom="http://www.w3.org/2005/Atom"
	xmlns:sy="http://purl.org/rss/1.0/modules/syndication/"
	xmlns:slash="http://purl.org/rss/1.0/modules/slash/"
	>

<channel>
	<title>Personal Injury | Attorney Directory</title>
	<atom:link href="/practice/personal-injury/feed/" rel="self" type="application/rss+xml" />
	<link>/</link>
	<description></description>
	<lastBuildDate>Mon, 29 Jan 2024 13:13:49 +0000</lastBuildDate>
	<language>en-US</language>
	<sy:updatePeriod>
	hourly	</sy:updatePeriod>
	<sy:updateFrequency>
	1	</sy:updateFrequency>
	<generator>https://wordpress.org/?v=6.5.5</generator>
	<item>
		<title>Laura Phillips &#8211; Personal Injury Lawyer</title>
		<link>/profile/laura-phillips/</link>
		
		<dc:creator><![CDATA[directoryadmin]]></dc:creator>
		<pubDate>Thu, 25 Jan 2024 01:42:21 +0000</pubDate>
				<guid isPermaLink="false">https://localmarketingsuites.com/demo/directory/?post_type=profile&#038;p=274646</guid>

					<description><![CDATA[]]></description>
										<content:encoded><![CDATA[<div class="et_pb_section et_pb_section_0 et_pb_with_background et_section_specialty" >
				
				
				
				
				
				<div class="et_pb_row et_pb_gutters2">
				<div class="et_pb_column et_pb_column_2_3 et_pb_column_0   et_pb_specialty_column  et_pb_css_mix_blend_mode_passthrough">
				
				
				
				
				<div class="et_pb_with_border et_pb_row_inner et_pb_row_inner_0 et_pb_gutters2">
				<div class="et_pb_column et_pb_column_4_4 et_pb_column_inner et_pb_column_inner_0 et-last-child">
				
				
				
				
				<div class="et_pb_module et_pb_blurb et_pb_blurb_0  et_pb_text_align_left  et_pb_blurb_position_left et_pb_bg_layout_light">
				
				
				
				
				<div class="et_pb_blurb_content">
					<div class="et_pb_main_blurb_image"><span class="et_pb_image_wrap"><span class="et-waypoint et_pb_animation_off et_pb_animation_off_tablet et_pb_animation_off_phone et-pb-icon"></span></span></div>
					<div class="et_pb_blurb_container">
						<h4 class="et_pb_module_header"><span>About</span></h4>
						
					</div>
				</div>
			</div><div class="et_pb_module et_pb_text et_pb_text_0  et_pb_text_align_left et_pb_bg_layout_light">
				
				
				
				
				<div class="et_pb_text_inner">Laura Phillips, at 35, has already made significant strides in her legal career, focusing on general practice and personal injury law. </div>
			</div>
			</div>
				
				
				
				
			</div><div class="et_pb_row_inner et_pb_row_inner_1 et_pb_equal_columns et_pb_gutters2">
				<div class="et_pb_column et_pb_column_1_3 et_pb_column_inner et_pb_column_inner_1">
				
				
				
				
				<div class="et_pb_module et_pb_text et_pb_text_1  et_pb_text_align_left et_pb_bg_layout_light">
				
				
				
				
				<div class="et_pb_text_inner"><h2>Lawyer Rating:</h2></div>
			</div><ul class="et_pb_module et_pb_counters et_pb_counters_0 et-waypoint et_pb_bg_layout_light">
				<li class="et_pb_counter et_pb_counter_0">
				<span class="et_pb_counter_title">Legal Knowledge</span>
				<span class="et_pb_counter_container">
					
					
					
					
					<span class="et_pb_counter_amount" style="" data-width="100%"><span class="et_pb_counter_amount_number"><span class="et_pb_counter_amount_number_inner">100%</span></span></span>
					<span class="et_pb_counter_amount overlay" style="" data-width="100%"><span class="et_pb_counter_amount_number"><span class="et_pb_counter_amount_number_inner">100%</span></span></span>
				</span>
			</li><li class="et_pb_counter et_pb_counter_1">
				<span class="et_pb_counter_title">Legal Analysis</span>
				<span class="et_pb_counter_container">
					
					
					
					
					<span class="et_pb_counter_amount" style="" data-width="95%"><span class="et_pb_counter_amount_number"><span class="et_pb_counter_amount_number_inner">95%</span></span></span>
					<span class="et_pb_counter_amount overlay" style="" data-width="95%"><span class="et_pb_counter_amount_number"><span class="et_pb_counter_amount_number_inner">95%</span></span></span>
				</span>
			</li><li class="et_pb_counter et_pb_counter_2">
				<span class="et_pb_counter_title">Communication</span>
				<span class="et_pb_counter_container">
					
					
					
					
					<span class="et_pb_counter_amount" style="" data-width="95%"><span class="et_pb_counter_amount_number"><span class="et_pb_counter_amount_number_inner">95%</span></span></span>
					<span class="et_pb_counter_amount overlay" style="" data-width="95%"><span class="et_pb_counter_amount_number"><span class="et_pb_counter_amount_number_inner">95%</span></span></span>
				</span>
			</li><li class="et_pb_counter et_pb_counter_3">
				<span class="et_pb_counter_title">Professionalism</span>
				<span class="et_pb_counter_container">
					
					
					
					
					<span class="et_pb_counter_amount" style="" data-width="100%"><span class="et_pb_counter_amount_number"><span class="et_pb_counter_amount_number_inner">100%</span></span></span>
					<span class="et_pb_counter_amount overlay" style="" data-width="100%"><span class="et_pb_counter_amount_number"><span class="et_pb_counter_amount_number_inner">100%</span></span></span>
				</span>
			</li>
			</ul>
			</div><div class="et_pb_column et_pb_column_1_3 et_pb_column_inner et_pb_column_inner_2 et-last-child">
				
				
				
				
				<div class="et_pb_module et_pb_text et_pb_text_2  et_pb_text_align_left et_pb_bg_layout_light">
				
				
				
				
				<div class="et_pb_text_inner"><h2>Our Score:</h2></div>
			</div><div class="et_pb_module et_pb_blurb et_pb_blurb_1  et_pb_text_align_center  et_pb_blurb_position_top et_pb_bg_layout_light">
				
				
				
				
				<div class="et_pb_blurb_content">
					<div class="et_pb_main_blurb_image"><span class="et_pb_image_wrap"><span class="et-waypoint et_pb_animation_off et_pb_animation_off_tablet et_pb_animation_off_phone et-pb-icon"></span></span></div>
					<div class="et_pb_blurb_container">
						<h4 class="et_pb_module_header"><span>/5</span></h4>
						<div class="et_pb_blurb_description"><p>Outstanding!</p></div>
					</div>
				</div>
			</div>
			</div>
				
				
				
				
			</div><div class="et_pb_with_border et_pb_row_inner et_pb_row_inner_2 et_pb_gutters2">
				<div class="et_pb_column et_pb_column_4_4 et_pb_column_inner et_pb_column_inner_3 et-last-child">
				
				
				
				
				<div class="et_pb_module et_pb_blurb et_pb_blurb_2  et_pb_text_align_left  et_pb_blurb_position_left et_pb_bg_layout_light">
				
				
				
				
				<div class="et_pb_blurb_content">
					<div class="et_pb_main_blurb_image"><span class="et_pb_image_wrap"><span class="et-waypoint et_pb_animation_off et_pb_animation_off_tablet et_pb_animation_off_phone et-pb-icon"></span></span></div>
					<div class="et_pb_blurb_container">
						<h4 class="et_pb_module_header"><span>Biography</span></h4>
						
					</div>
				</div>
			</div><div class="et_pb_module et_pb_text et_pb_text_3  et_pb_text_align_left et_pb_bg_layout_light">
				
				
				
				
				<div class="et_pb_text_inner">With 10 years of experience, she has developed a reputation for being a passionate and adept lawyer who is committed to representing her clients&#8217; best interests.</p>
<p>Laura graduated from the University of Chicago Law School with a deep understanding of various legal disciplines. Her career began with a focus on general legal matters, where she honed her skills in addressing a wide range of legal issues. Her interest in personal injury law grew from a desire to advocate for individuals facing adversity due to injuries caused by others.</p>
<p>Laura&#8217;s approach to law is characterized by a blend of thorough legal knowledge, keen analytical skills, and a compassionate understanding of her clients&#8217; situations. Whether negotiating settlements or representing clients in court, Laura is known for her resilience and ability to strategize effectively for optimal outcomes.</p>
<p>In addition to her legal practice, Laura is actively involved in community service, providing pro bono legal advice to those who cannot afford representation. She also participates in legal seminars and workshops, sharing her knowledge and staying updated on the latest legal trends.</div>
			</div>
			</div>
				
				
				
				
			</div><div class="et_pb_with_border et_pb_row_inner et_pb_row_inner_3 et_pb_gutters2">
				<div class="et_pb_column et_pb_column_4_4 et_pb_column_inner et_pb_column_inner_4 et-last-child">
				
				
				
				
				<div class="et_pb_module et_pb_blurb et_pb_blurb_3  et_pb_text_align_left  et_pb_blurb_position_left et_pb_bg_layout_light">
				
				
				
				
				<div class="et_pb_blurb_content">
					<div class="et_pb_main_blurb_image"><span class="et_pb_image_wrap"><span class="et-waypoint et_pb_animation_off et_pb_animation_off_tablet et_pb_animation_off_phone et-pb-icon"></span></span></div>
					<div class="et_pb_blurb_container">
						<h4 class="et_pb_module_header"><span>Practice Areas</span></h4>
						
					</div>
				</div>
			</div><div class="et_pb_module et_pb_text et_pb_text_4  et_pb_text_align_left et_pb_bg_layout_light">
				
				
				
				
				<div class="et_pb_text_inner"><p><strong>&#8211; Based Immigration</strong>: Assisting with visa applications, adjustments of status, and consular processing.</p>
<p><strong>&#8211; Employment Visas</strong>: Handling H-1B visas, L-1 visas, and other employment-related immigration matters.</p>
<p><strong>&#8211; Naturalization and Citizenship</strong>: Guiding clients through the citizenship application process.</p>
<p><strong>&#8211; Asylum and Refugee Status</strong>: Representing clients in asylum applications, interviews, and court proceedings.</p>
<p><strong>&#8211; Deportation Defense</strong>: Providing legal defense in deportation and removal cases.</p></div>
			</div>
			</div>
				
				
				
				
			</div><div class="et_pb_with_border et_pb_row_inner et_pb_row_inner_4">
				<div class="et_pb_column et_pb_column_4_4 et_pb_column_inner et_pb_column_inner_5 et-last-child">
				
				
				
				
				<div class="et_pb_module et_pb_blurb et_pb_blurb_4  et_pb_text_align_left  et_pb_blurb_position_left et_pb_bg_layout_light">
				
				
				
				
				<div class="et_pb_blurb_content">
					<div class="et_pb_main_blurb_image"><span class="et_pb_image_wrap"><span class="et-waypoint et_pb_animation_off et_pb_animation_off_tablet et_pb_animation_off_phone et-pb-icon"></span></span></div>
					<div class="et_pb_blurb_container">
						<h4 class="et_pb_module_header"><span>Legal Challenges We Can Help with</span></h4>
						
					</div>
				</div>
			</div><div class="et_pb_module et_pb_text et_pb_text_5  et_pb_text_align_left et_pb_bg_layout_light">
				
				
				
				
				<div class="et_pb_text_inner">Contract disputes, estate planning, landlord-tenant issues, small claims, personal injury claims, family law matters, traffic violations, misdemeanor defense, property transactions, debt collection, consumer rights, employment law, business formation and compliance.</div>
			</div>
			</div>
				
				
				
				
			</div><div class="et_pb_with_border et_pb_row_inner et_pb_row_inner_5 et_pb_gutters2">
				<div class="et_pb_column et_pb_column_4_4 et_pb_column_inner et_pb_column_inner_6 et-last-child">
				
				
				
				
				<div class="et_pb_module et_pb_blurb et_pb_blurb_5  et_pb_text_align_left  et_pb_blurb_position_left et_pb_bg_layout_light">
				
				
				
				
				<div class="et_pb_blurb_content">
					<div class="et_pb_main_blurb_image"><span class="et_pb_image_wrap"><span class="et-waypoint et_pb_animation_off et_pb_animation_off_tablet et_pb_animation_off_phone et-pb-icon"></span></span></div>
					<div class="et_pb_blurb_container">
						<h4 class="et_pb_module_header"><span>Fees</span></h4>
						
					</div>
				</div>
			</div><div class="et_pb_module et_pb_text et_pb_text_6  et_pb_text_align_left et_pb_bg_layout_light">
				
				
				
				
				<div class="et_pb_text_inner">&#8211; Free Consultation<br />
&#8211; Credit Card Accepted</div>
			</div>
			</div>
				
				
				
				
			</div><div class="et_pb_with_border et_pb_row_inner et_pb_row_inner_6 et_pb_gutters2">
				<div class="et_pb_column et_pb_column_4_4 et_pb_column_inner et_pb_column_inner_7 et-last-child">
				
				
				
				
				<div class="et_pb_module et_pb_blurb et_pb_blurb_6  et_pb_text_align_left  et_pb_blurb_position_left et_pb_bg_layout_light">
				
				
				
				
				<div class="et_pb_blurb_content">
					<div class="et_pb_main_blurb_image"><span class="et_pb_image_wrap"><span class="et-waypoint et_pb_animation_off et_pb_animation_off_tablet et_pb_animation_off_phone et-pb-icon"></span></span></div>
					<div class="et_pb_blurb_container">
						<h4 class="et_pb_module_header"><span>Languages</span></h4>
						
					</div>
				</div>
			</div><div class="et_pb_module et_pb_text et_pb_text_7  et_pb_text_align_left et_pb_bg_layout_light">
				
				
				
				
				<div class="et_pb_text_inner"><p><strong>&#8211; English:</strong> Spoken, Written<br /><strong>&#8211; Spanish:</strong> Spoken, Written</p></div>
			</div>
			</div>
				
				
				
				
			</div><div class="et_pb_with_border et_pb_row_inner et_pb_row_inner_7 et_pb_gutters2">
				<div class="et_pb_column et_pb_column_4_4 et_pb_column_inner et_pb_column_inner_8 et-last-child">
				
				
				
				
				<div class="et_pb_module et_pb_blurb et_pb_blurb_7  et_pb_text_align_left  et_pb_blurb_position_left et_pb_bg_layout_light">
				
				
				
				
				<div class="et_pb_blurb_content">
					<div class="et_pb_main_blurb_image"><span class="et_pb_image_wrap"><span class="et-waypoint et_pb_animation_off et_pb_animation_off_tablet et_pb_animation_off_phone et-pb-icon"></span></span></div>
					<div class="et_pb_blurb_container">
						<h4 class="et_pb_module_header"><span>Professional Experience</span></h4>
						
					</div>
				</div>
			</div><div class="et_pb_module et_pb_text et_pb_text_8  et_pb_text_align_left et_pb_bg_layout_light">
				
				
				
				
				<div class="et_pb_text_inner"><p><strong>&#8211; Immigration Attorney, Nguyen Immigration Law Firm</strong>: Leading her own practice with a focus on providing comprehensive immigration legal services.</p>
<p><strong>&#8211; Associate Attorney, LA Immigration Advocates</strong>: Gained extensive experience in various immigration cases, including complex asylum claims.</p>
<p><strong>&#8211; Legal Intern, Immigrant Rights Project</strong>: Assisted in legal research and client representation in immigration matters.</p></div>
			</div>
			</div>
				
				
				
				
			</div><div class="et_pb_with_border et_pb_row_inner et_pb_row_inner_8 et_pb_gutters2">
				<div class="et_pb_column et_pb_column_4_4 et_pb_column_inner et_pb_column_inner_9 et-last-child">
				
				
				
				
				<div class="et_pb_module et_pb_blurb et_pb_blurb_8  et_pb_text_align_left  et_pb_blurb_position_left et_pb_bg_layout_light">
				
				
				
				
				<div class="et_pb_blurb_content">
					<div class="et_pb_main_blurb_image"><span class="et_pb_image_wrap"><span class="et-waypoint et_pb_animation_off et_pb_animation_off_tablet et_pb_animation_off_phone et-pb-icon"></span></span></div>
					<div class="et_pb_blurb_container">
						<h4 class="et_pb_module_header"><span>Education</span></h4>
						
					</div>
				</div>
			</div><div class="et_pb_module et_pb_text et_pb_text_9  et_pb_text_align_left et_pb_bg_layout_light">
				
				
				
				
				<div class="et_pb_text_inner"><p><strong>&#8211; J.D., Harvard Law School</strong>: Specialization in Corporate Law, Magna Cum Laude, Harvard Law Review Editor.</p>
<p><strong>&#8211; B.A. in Political Science, Stanford University</strong>: Honors Program, Focus on International Relations and Economics.</p>
<p><strong>&#8211; Study Abroad Program, University of Oxford</strong>: Concentration in International Law and Global Governance.</p>
<p><strong>&#8211; Continuing Legal Education</strong>: Ongoing courses in Intellectual Property, Business Ethics, and International Business Law.</p></div>
			</div>
			</div>
				
				
				
				
			</div><div class="et_pb_with_border et_pb_row_inner et_pb_row_inner_9 et_pb_gutters2">
				<div class="et_pb_column et_pb_column_4_4 et_pb_column_inner et_pb_column_inner_10 et-last-child">
				
				
				
				
				<div class="et_pb_module et_pb_blurb et_pb_blurb_9  et_pb_text_align_left  et_pb_blurb_position_left et_pb_bg_layout_light">
				
				
				
				
				<div class="et_pb_blurb_content">
					<div class="et_pb_main_blurb_image"><span class="et_pb_image_wrap"><span class="et-waypoint et_pb_animation_off et_pb_animation_off_tablet et_pb_animation_off_phone et-pb-icon"></span></span></div>
					<div class="et_pb_blurb_container">
						<h4 class="et_pb_module_header"><span>Awards</span></h4>
						
					</div>
				</div>
			</div><div class="et_pb_module et_pb_text et_pb_text_10  et_pb_text_align_left et_pb_bg_layout_light">
				
				
				
				
				<div class="et_pb_text_inner"><p><strong>&#8211; &#8220;Top Corporate Lawyer of the Year&#8221;, National Legal Excellence Awards:</strong> Recognized for outstanding achievements in corporate law and significant contributions to the legal community.</p></div>
			</div>
			</div>
				
				
				
				
			</div><div class="et_pb_with_border et_pb_row_inner et_pb_row_inner_10 et_pb_gutters2">
				<div class="et_pb_column et_pb_column_4_4 et_pb_column_inner et_pb_column_inner_11 et-last-child">
				
				
				
				
				<div class="et_pb_module et_pb_blurb et_pb_blurb_10  et_pb_text_align_left  et_pb_blurb_position_left et_pb_bg_layout_light">
				
				
				
				
				<div class="et_pb_blurb_content">
					<div class="et_pb_main_blurb_image"><span class="et_pb_image_wrap"><span class="et-waypoint et_pb_animation_off et_pb_animation_off_tablet et_pb_animation_off_phone et-pb-icon"></span></span></div>
					<div class="et_pb_blurb_container">
						<h4 class="et_pb_module_header"><span>Contact & Map</span></h4>
						
					</div>
				</div>
			</div><div class="et_pb_module et_pb_code et_pb_code_0">
				
				
				
				
				<div class="et_pb_code_inner"><iframe src="https://www.google.com/maps/embed?pb=!1m18!1m12!1m3!1d13440.698180320984!2d-73.97259940816106!3d40.67800787934546!2m3!1f0!2f0!3f0!3m2!1i1024!2i768!4f13.1!3m3!1m2!1s0x89c24fa5d33f083b%3A0xc80b8f06e177fe62!2zVGjDoG5oIHBo4buRIE5ldyBZb3JrLCBUaeG7g3UgYmFuZyBOZXcgWW9yaywgSG9hIEvhu7M!5e0!3m2!1svi!2s!4v1706278255276!5m2!1svi!2s" width="980" height="450" style="border:0; border-radius:10px;" allowfullscreen="" loading="lazy" referrerpolicy="no-referrer-when-downgrade"></iframe></div>
			</div>
			</div>
				
				
				
				
			</div><div class="et_pb_row_inner et_pb_row_inner_11 et_pb_gutters2">
				<div class="et_pb_column et_pb_column_1_3 et_pb_column_inner et_pb_column_inner_12">
				
				
				
				
				<div class="et_pb_module et_pb_text et_pb_text_11  et_pb_text_align_left et_pb_bg_layout_light">
				
				
				
				
				<div class="et_pb_text_inner"><p><strong>Laura Phillips</strong><br />Smith &amp; Associates<br />123 Legal Avenue, Suite 400<br />New York, NY 10017<br />+1 (888) 888-8888</p></div>
			</div>
			</div><div class="et_pb_column et_pb_column_1_3 et_pb_column_inner et_pb_column_inner_13 et-last-child">
				
				
				
				
				<div class="et_pb_module difl_businesshours difl_businesshours_0">
				
				
				
				
				
				
				<div class="et_pb_module_inner">
					<div class="df_bh_container">
                    <div class="df_bh_wrapper">
                        
                        <div class="et_pb_module difl_businesshoursitem difl_businesshoursitem_0">
				
				
				
				
				
				
				<div class="et_pb_module_inner">
					<div class="df_bh_item">
                        <div class="df_bh_day">Monday</div>
                        <div class="df_bh_time">  <span class="df_bh_start_time">7 a.m</span>   <span class="df_bh_time_separetor">-</span>   <span class="df_bh_end_time">7 p.m</span>   </div>
                    </div>
				</div>
			</div><div class="et_pb_module difl_businesshoursitem difl_businesshoursitem_1">
				
				
				
				
				
				
				<div class="et_pb_module_inner">
					<div class="df_bh_item">
                        <div class="df_bh_day">Tuesday</div>
                        <div class="df_bh_time">  <span class="df_bh_start_time">7 a.m</span>   <span class="df_bh_time_separetor">-</span>   <span class="df_bh_end_time">7 p.m</span>   </div>
                    </div>
				</div>
			</div><div class="et_pb_module difl_businesshoursitem difl_businesshoursitem_2">
				
				
				
				
				
				
				<div class="et_pb_module_inner">
					<div class="df_bh_item">
                        <div class="df_bh_day">Wednesday</div>
                        <div class="df_bh_time">  <span class="df_bh_start_time">7 a.m</span>   <span class="df_bh_time_separetor">-</span>   <span class="df_bh_end_time">7 p.m</span>   </div>
                    </div>
				</div>
			</div><div class="et_pb_module difl_businesshoursitem difl_businesshoursitem_3">
				
				
				
				
				
				
				<div class="et_pb_module_inner">
					<div class="df_bh_item">
                        <div class="df_bh_day">Thursday</div>
                        <div class="df_bh_time">  <span class="df_bh_start_time">7 a.m</span>   <span class="df_bh_time_separetor">-</span>   <span class="df_bh_end_time">7 p.m</span>   </div>
                    </div>
				</div>
			</div><div class="et_pb_module difl_businesshoursitem difl_businesshoursitem_4">
				
				
				
				
				
				
				<div class="et_pb_module_inner">
					<div class="df_bh_item">
                        <div class="df_bh_day">Friday</div>
                        <div class="df_bh_time">  <span class="df_bh_start_time">7 a.m</span>   <span class="df_bh_time_separetor">-</span>   <span class="df_bh_end_time">7 p.m</span>   </div>
                    </div>
				</div>
			</div><div class="et_pb_module difl_businesshoursitem difl_businesshoursitem_5">
				
				
				
				
				
				
				<div class="et_pb_module_inner">
					<div class="df_bh_item">
                        <div class="df_bh_day">Saturday</div>
                        <div class="df_bh_time">  <span class="df_bh_start_time">7 a.m</span>   <span class="df_bh_time_separetor">-</span>   <span class="df_bh_end_time">7 p.m</span>   </div>
                    </div>
				</div>
			</div><div class="et_pb_module difl_businesshoursitem difl_businesshoursitem_6">
				
				
				
				
				
				
				<div class="et_pb_module_inner">
					<div class="df_bh_item">
                        <div class="df_bh_day">Sunday</div>
                        <div class="df_bh_time">  <span class="df_bh_start_time">7 a.m</span>   <span class="df_bh_time_separetor"> - </span>   <span class="df_bh_end_time">7 p.m</span>   </div>
                    </div>
				</div>
			</div> 
                    </div>
                </div>
				</div>
			</div>
			</div>
				
				
				
				
			</div><div class="et_pb_with_border et_pb_row_inner et_pb_row_inner_12 et_pb_gutters2">
				<div class="et_pb_column et_pb_column_4_4 et_pb_column_inner et_pb_column_inner_14 et-last-child">
				
				
				
				
				<div class="et_pb_module et_pb_blurb et_pb_blurb_11  et_pb_text_align_left  et_pb_blurb_position_left et_pb_bg_layout_light">
				
				
				
				
				<div class="et_pb_blurb_content">
					<div class="et_pb_main_blurb_image"><span class="et_pb_image_wrap"><span class="et-waypoint et_pb_animation_off et_pb_animation_off_tablet et_pb_animation_off_phone et-pb-icon"></span></span></div>
					<div class="et_pb_blurb_container">
						<h4 class="et_pb_module_header"><span>Social Media</span></h4>
						
					</div>
				</div>
			</div>
			</div>
				
				
				
				
			</div><div class="et_pb_with_border et_pb_row_inner et_pb_row_inner_13 et_pb_gutters2">
				<div class="et_pb_column et_pb_column_4_4 et_pb_column_inner et_pb_column_inner_15 et-last-child">
				
				
				
				
				<ul class="et_pb_module et_pb_social_media_follow et_pb_social_media_follow_0 clearfix  et_pb_bg_layout_light">
				
				
				
				
				<li
            class='et_pb_social_media_follow_network_0 et_pb_social_icon et_pb_social_network_link  et-social-facebook'><a
              href='#'
              class='icon et_pb_with_border'
              title='Follow on Facebook'
               target="_blank"><span
                class='et_pb_social_media_follow_network_name'
                aria-hidden='true'
                >Follow</span></a></li><li
            class='et_pb_social_media_follow_network_1 et_pb_social_icon et_pb_social_network_link  et-social-linkedin'><a
              href='#'
              class='icon et_pb_with_border'
              title='Follow on LinkedIn'
               target="_blank"><span
                class='et_pb_social_media_follow_network_name'
                aria-hidden='true'
                >Follow</span></a></li><li
            class='et_pb_social_media_follow_network_2 et_pb_social_icon et_pb_social_network_link  et-social-twitter'><a
              href='#'
              class='icon et_pb_with_border'
              title='Follow on X'
               target="_blank"><span
                class='et_pb_social_media_follow_network_name'
                aria-hidden='true'
                >Follow</span></a></li><li
            class='et_pb_social_media_follow_network_3 et_pb_social_icon et_pb_social_network_link  et-social-youtube'><a
              href='#'
              class='icon et_pb_with_border'
              title='Follow on Youtube'
               target="_blank"><span
                class='et_pb_social_media_follow_network_name'
                aria-hidden='true'
                >Follow</span></a></li>
			</ul>
			</div>
				
				
				
				
			</div><div class="et_pb_with_border et_pb_row_inner et_pb_row_inner_14 et_pb_gutters2">
				<div class="et_pb_column et_pb_column_4_4 et_pb_column_inner et_pb_column_inner_16 et-last-child">
				
				
				
				
				<div class="et_pb_module et_pb_blurb et_pb_blurb_12  et_pb_text_align_left  et_pb_blurb_position_left et_pb_bg_layout_light">
				
				
				
				
				<div class="et_pb_blurb_content">
					<div class="et_pb_main_blurb_image"><span class="et_pb_image_wrap"><span class="et-waypoint et_pb_animation_off et_pb_animation_off_tablet et_pb_animation_off_phone et-pb-icon"></span></span></div>
					<div class="et_pb_blurb_container">
						<h4 class="et_pb_module_header"><span>Service Area Zip Codes</span></h4>
						
					</div>
				</div>
			</div><div class="et_pb_module et_pb_text et_pb_text_12  et_pb_text_align_left et_pb_bg_layout_light">
				
				
				
				
				
			</div>
			</div>
				
				
				
				
			</div>
			</div><div class="et_pb_column et_pb_column_1_3 et_pb_column_1    et_pb_css_mix_blend_mode_passthrough">
				
				
				
				
				
			<div id="et_pb_contact_form_0" class="et_pb_module et_pb_contact_form_0 fp-form et_pb_sticky_module et_pb_contact_form_container clearfix" data-form_unique_num="0" data-form_unique_id="7fa857a1-fb96-4d2d-974b-a8b0dd388753">
				
				
				
				
				<h1 class="et_pb_contact_main_title">Contact Laura Phillips &#8211; Personal Injury Lawyer</h1>
				<div class="et-pb-contact-message"></div>
				
				<div class="et_pb_contact">
					<form class="et_pb_contact_form clearfix" method="post" action="/practice/personal-injury/feed/">
						<p class="et_pb_contact_field et_pb_contact_field_0 et_pb_contact_field_last" data-id="name" data-type="input">
				
				
				
				
				<label for="et_pb_contact_name_0" class="et_pb_contact_form_label">Name</label>
				<input type="text" id="et_pb_contact_name_0" class="input" value="" name="et_pb_contact_name_0" data-required_mark="required" data-field_type="input" data-original_id="name" placeholder="Name">
			</p><p class="et_pb_contact_field et_pb_contact_field_1 et_pb_contact_field_last" data-id="email" data-type="email">
				
				
				
				
				<label for="et_pb_contact_email_0" class="et_pb_contact_form_label">Email Address</label>
				<input type="text" id="et_pb_contact_email_0" class="input" value="" name="et_pb_contact_email_0" data-required_mark="required" data-field_type="email" data-original_id="email" placeholder="Email Address">
			</p><p class="et_pb_contact_field et_pb_contact_field_2 et_pb_contact_field_half" data-id="phone" data-type="input">
				
				
				
				
				<label for="et_pb_contact_phone_0" class="et_pb_contact_form_label">Phone Number</label>
				<input type="text" id="et_pb_contact_phone_0" class="input" value="" name="et_pb_contact_phone_0" data-required_mark="required" data-field_type="input" data-original_id="phone" placeholder="Phone Number">
			</p><p class="et_pb_contact_field et_pb_contact_field_3 et_pb_contact_field_half et_pb_contact_field_last" data-id="zipcode" data-type="input">
				
				
				
				
				<label for="et_pb_contact_zipcode_0" class="et_pb_contact_form_label">Zip Code</label>
				<input type="text" id="et_pb_contact_zipcode_0" class="input" value="" name="et_pb_contact_zipcode_0" data-required_mark="required" data-field_type="input" data-original_id="zipcode" placeholder="Zip Code">
			</p><p class="et_pb_contact_field et_pb_contact_field_4 et_pb_contact_field_last" data-id="message" data-type="text">
				
				
				
				
				<label for="et_pb_contact_message_0" class="et_pb_contact_form_label">Message</label>
				<textarea name="et_pb_contact_message_0" id="et_pb_contact_message_0" class="et_pb_contact_message input" data-required_mark="required" data-field_type="text" data-original_id="message" placeholder="Message"></textarea>
			</p>
						<input type="hidden" value="et_contact_proccess" name="et_pb_contactform_submit_0"/>
						<div class="et_contact_bottom_container">
							
			<div class="et_pb_contact_right">
				<p class="clearfix">
					<span class="et_pb_contact_captcha_question">14 + 8</span> = <input type="text" size="2" class="input et_pb_contact_captcha" data-first_digit="14" data-second_digit="8" value="" name="et_pb_contact_captcha_0" data-required_mark="required" autocomplete="off">
				</p>
			</div>
							<button type="submit" name="et_builder_submit_button" class="et_pb_contact_submit et_pb_button" data-icon="&#xf1d8;">Submit</button>
						</div>
						<input type="hidden" id="_wpnonce-et-pb-contact-form-submitted-0" name="_wpnonce-et-pb-contact-form-submitted-0" value="3d1e3175bb" /><input type="hidden" name="_wp_http_referer" value="/practice/personal-injury/feed/?simply_static_page=189" />
					</form>
				</div>
			</div>
			
			</div>
				</div>
				
			</div>
]]></content:encoded>
					
		
		
			</item>
		<item>
		<title>AMS Law Office Brooklyn, NY</title>
		<link>/profile/ams-law-office-brooklyn-ny/</link>
		
		<dc:creator><![CDATA[directoryadmin]]></dc:creator>
		<pubDate>Tue, 23 Jan 2024 10:16:36 +0000</pubDate>
				<guid isPermaLink="false">https://localmarketingsuites.com/demo/directory/?post_type=profile&#038;p=274477</guid>

					<description><![CDATA[]]></description>
										<content:encoded><![CDATA[<div class="et_pb_section et_pb_section_1 et_pb_with_background et_section_specialty" >
				
				
				
				
				
				<div class="et_pb_row et_pb_gutters2">
				<div class="et_pb_column et_pb_column_2_3 et_pb_column_2   et_pb_specialty_column  et_pb_css_mix_blend_mode_passthrough">
				
				
				
				
				<div class="et_pb_with_border et_pb_row_inner et_pb_row_inner_15 et_pb_gutters2">
				<div class="et_pb_column et_pb_column_4_4 et_pb_column_inner et_pb_column_inner_17 et-last-child">
				
				
				
				
				<div class="et_pb_module et_pb_blurb et_pb_blurb_13  et_pb_text_align_left  et_pb_blurb_position_left et_pb_bg_layout_light">
				
				
				
				
				<div class="et_pb_blurb_content">
					<div class="et_pb_main_blurb_image"><span class="et_pb_image_wrap"><span class="et-waypoint et_pb_animation_off et_pb_animation_off_tablet et_pb_animation_off_phone et-pb-icon"></span></span></div>
					<div class="et_pb_blurb_container">
						<h4 class="et_pb_module_header"><span>About</span></h4>
						
					</div>
				</div>
			</div><div class="et_pb_module et_pb_text et_pb_text_13  et_pb_text_align_left et_pb_bg_layout_light">
				
				
				
				
				<div class="et_pb_text_inner">AMS Law Office in Brooklyn, NY offers expert legal services across multiple practice areas. Our dedicated team is committed to providing exceptional and personalized legal solutions to our clients.</div>
			</div>
			</div>
				
				
				
				
			</div><div class="et_pb_row_inner et_pb_row_inner_16 et_pb_equal_columns et_pb_gutters2">
				<div class="et_pb_column et_pb_column_1_3 et_pb_column_inner et_pb_column_inner_18">
				
				
				
				
				<div class="et_pb_module et_pb_text et_pb_text_14  et_pb_text_align_left et_pb_bg_layout_light">
				
				
				
				
				<div class="et_pb_text_inner"><h2>Lawyer Rating:</h2></div>
			</div><ul class="et_pb_module et_pb_counters et_pb_counters_1 et-waypoint et_pb_bg_layout_light">
				<li class="et_pb_counter et_pb_counter_4">
				<span class="et_pb_counter_title">Legal Knowledge</span>
				<span class="et_pb_counter_container">
					
					
					
					
					<span class="et_pb_counter_amount" style="" data-width="100%"><span class="et_pb_counter_amount_number"><span class="et_pb_counter_amount_number_inner">100%</span></span></span>
					<span class="et_pb_counter_amount overlay" style="" data-width="100%"><span class="et_pb_counter_amount_number"><span class="et_pb_counter_amount_number_inner">100%</span></span></span>
				</span>
			</li><li class="et_pb_counter et_pb_counter_5">
				<span class="et_pb_counter_title">Legal Analysis</span>
				<span class="et_pb_counter_container">
					
					
					
					
					<span class="et_pb_counter_amount" style="" data-width="95%"><span class="et_pb_counter_amount_number"><span class="et_pb_counter_amount_number_inner">95%</span></span></span>
					<span class="et_pb_counter_amount overlay" style="" data-width="95%"><span class="et_pb_counter_amount_number"><span class="et_pb_counter_amount_number_inner">95%</span></span></span>
				</span>
			</li><li class="et_pb_counter et_pb_counter_6">
				<span class="et_pb_counter_title">Communication</span>
				<span class="et_pb_counter_container">
					
					
					
					
					<span class="et_pb_counter_amount" style="" data-width="95%"><span class="et_pb_counter_amount_number"><span class="et_pb_counter_amount_number_inner">95%</span></span></span>
					<span class="et_pb_counter_amount overlay" style="" data-width="95%"><span class="et_pb_counter_amount_number"><span class="et_pb_counter_amount_number_inner">95%</span></span></span>
				</span>
			</li><li class="et_pb_counter et_pb_counter_7">
				<span class="et_pb_counter_title">Professionalism</span>
				<span class="et_pb_counter_container">
					
					
					
					
					<span class="et_pb_counter_amount" style="" data-width="100%"><span class="et_pb_counter_amount_number"><span class="et_pb_counter_amount_number_inner">100%</span></span></span>
					<span class="et_pb_counter_amount overlay" style="" data-width="100%"><span class="et_pb_counter_amount_number"><span class="et_pb_counter_amount_number_inner">100%</span></span></span>
				</span>
			</li>
			</ul>
			</div><div class="et_pb_column et_pb_column_1_3 et_pb_column_inner et_pb_column_inner_19 et-last-child">
				
				
				
				
				<div class="et_pb_module et_pb_text et_pb_text_15  et_pb_text_align_left et_pb_bg_layout_light">
				
				
				
				
				<div class="et_pb_text_inner"><h2>Our Score:</h2></div>
			</div><div class="et_pb_module et_pb_blurb et_pb_blurb_14  et_pb_text_align_center  et_pb_blurb_position_top et_pb_bg_layout_light">
				
				
				
				
				<div class="et_pb_blurb_content">
					<div class="et_pb_main_blurb_image"><span class="et_pb_image_wrap"><span class="et-waypoint et_pb_animation_off et_pb_animation_off_tablet et_pb_animation_off_phone et-pb-icon"></span></span></div>
					<div class="et_pb_blurb_container">
						<h4 class="et_pb_module_header"><span>/5</span></h4>
						<div class="et_pb_blurb_description"><p>Outstanding!</p></div>
					</div>
				</div>
			</div>
			</div>
				
				
				
				
			</div><div class="et_pb_with_border et_pb_row_inner et_pb_row_inner_17 et_pb_gutters2">
				<div class="et_pb_column et_pb_column_4_4 et_pb_column_inner et_pb_column_inner_20 et-last-child">
				
				
				
				
				<div class="et_pb_module et_pb_blurb et_pb_blurb_15  et_pb_text_align_left  et_pb_blurb_position_left et_pb_bg_layout_light">
				
				
				
				
				<div class="et_pb_blurb_content">
					<div class="et_pb_main_blurb_image"><span class="et_pb_image_wrap"><span class="et-waypoint et_pb_animation_off et_pb_animation_off_tablet et_pb_animation_off_phone et-pb-icon"></span></span></div>
					<div class="et_pb_blurb_container">
						<h4 class="et_pb_module_header"><span>Biography</span></h4>
						
					</div>
				</div>
			</div><div class="et_pb_module et_pb_text et_pb_text_16  et_pb_text_align_left et_pb_bg_layout_light">
				
				
				
				
				<div class="et_pb_text_inner">Our firm is dedicated to supporting businesses and entrepreneurs with expert legal advice and innovative solutions.</p>
<p>Our Business Law division offers a full spectrum of services including corporate formation, mergers and acquisitions, commercial contracts, and dispute resolution. We understand the complexities of the business world and provide legal strategies that align with our clients&#8217; commercial objectives.</p>
<p>In the field of Intellectual Property, we specialize in protecting the creative and innovative assets of businesses and individuals. Our services cover patent and trademark filing, licensing agreements, copyright law, and intellectual property litigation. We are committed to safeguarding our clients&#8217; intellectual endeavors and ensuring their ideas remain protected in a competitive marketplace.</p>
<p>At Hamilton &#038; Reed Legal Solutions, we pride ourselves on our forward-thinking approach and our ability to adapt to the evolving legal landscape. Our team of attorneys combines legal proficiency with a deep understanding of business and technology, making us uniquely positioned to address the legal needs of modern businesses and innovators.</div>
			</div>
			</div>
				
				
				
				
			</div><div class="et_pb_with_border et_pb_row_inner et_pb_row_inner_18 et_pb_gutters2">
				<div class="et_pb_column et_pb_column_4_4 et_pb_column_inner et_pb_column_inner_21 et-last-child">
				
				
				
				
				<div class="et_pb_module et_pb_blurb et_pb_blurb_16  et_pb_text_align_left  et_pb_blurb_position_left et_pb_bg_layout_light">
				
				
				
				
				<div class="et_pb_blurb_content">
					<div class="et_pb_main_blurb_image"><span class="et_pb_image_wrap"><span class="et-waypoint et_pb_animation_off et_pb_animation_off_tablet et_pb_animation_off_phone et-pb-icon"></span></span></div>
					<div class="et_pb_blurb_container">
						<h4 class="et_pb_module_header"><span>Practice Areas</span></h4>
						
					</div>
				</div>
			</div><div class="et_pb_module et_pb_text et_pb_text_17  et_pb_text_align_left et_pb_bg_layout_light">
				
				
				
				
				<div class="et_pb_text_inner"><p><strong>&#8211; Family Law</strong>: Divorce, Child Custody, Adoption, Domestic Violence.</p>
<p><strong>&#8211; Criminal Defense</strong>: DUI/DWI, Drug Offenses, White-Collar Crimes, Juvenile Defense.</p>
<p><strong>&#8211; Real Estate Law</strong>: Property Transactions, Landlord-Tenant Disputes, Zoning Laws.</p>
<p><strong>&#8211; Personal Injury</strong>: Auto Accidents, Medical Malpractice, Workers&#8217; Compensation.</p>
<p><strong>&#8211; Business Law</strong>: Corporate Formation, Contract Negotiations, Employment Law.</p></div>
			</div>
			</div>
				
				
				
				
			</div><div class="et_pb_with_border et_pb_row_inner et_pb_row_inner_19">
				<div class="et_pb_column et_pb_column_4_4 et_pb_column_inner et_pb_column_inner_22 et-last-child">
				
				
				
				
				<div class="et_pb_module et_pb_blurb et_pb_blurb_17  et_pb_text_align_left  et_pb_blurb_position_left et_pb_bg_layout_light">
				
				
				
				
				<div class="et_pb_blurb_content">
					<div class="et_pb_main_blurb_image"><span class="et_pb_image_wrap"><span class="et-waypoint et_pb_animation_off et_pb_animation_off_tablet et_pb_animation_off_phone et-pb-icon"></span></span></div>
					<div class="et_pb_blurb_container">
						<h4 class="et_pb_module_header"><span>Legal Challenges We Can Help with</span></h4>
						
					</div>
				</div>
			</div><div class="et_pb_module et_pb_text et_pb_text_18  et_pb_text_align_left et_pb_bg_layout_light">
				
				
				
				
				<div class="et_pb_text_inner">Divorce, Child Custody Disputes, DUI/DWI Defense, Drug Possession Charges, White-Collar Criminal Defense, Business Formation and Dissolution, Intellectual Property Rights, IRS Audit Representation, Chapter 7 Bankruptcy Filing, Debt Collection Lawsuits, Estate Planning, Property Division in Divorce, Adoption Legalities, Alimony and Spousal Support, Employment Discrimination Cases, Corporate Litigation, Tax Evasion Defense, Fraudulent Transactions, Real Estate Disputes, Landlord-Tenant Conflicts.</div>
			</div>
			</div>
				
				
				
				
			</div><div class="et_pb_with_border et_pb_row_inner et_pb_row_inner_20 et_pb_gutters2">
				<div class="et_pb_column et_pb_column_4_4 et_pb_column_inner et_pb_column_inner_23 et-last-child">
				
				
				
				
				<div class="et_pb_module et_pb_blurb et_pb_blurb_18  et_pb_text_align_left  et_pb_blurb_position_left et_pb_bg_layout_light">
				
				
				
				
				<div class="et_pb_blurb_content">
					<div class="et_pb_main_blurb_image"><span class="et_pb_image_wrap"><span class="et-waypoint et_pb_animation_off et_pb_animation_off_tablet et_pb_animation_off_phone et-pb-icon"></span></span></div>
					<div class="et_pb_blurb_container">
						<h4 class="et_pb_module_header"><span>Fees</span></h4>
						
					</div>
				</div>
			</div><div class="et_pb_module et_pb_text et_pb_text_19  et_pb_text_align_left et_pb_bg_layout_light">
				
				
				
				
				<div class="et_pb_text_inner">&#8211; Free Consultation<br />
&#8211; Credit Card Accepted</div>
			</div>
			</div>
				
				
				
				
			</div><div class="et_pb_with_border et_pb_row_inner et_pb_row_inner_21 et_pb_gutters2">
				<div class="et_pb_column et_pb_column_4_4 et_pb_column_inner et_pb_column_inner_24 et-last-child">
				
				
				
				
				<div class="et_pb_module et_pb_blurb et_pb_blurb_19  et_pb_text_align_left  et_pb_blurb_position_left et_pb_bg_layout_light">
				
				
				
				
				<div class="et_pb_blurb_content">
					<div class="et_pb_main_blurb_image"><span class="et_pb_image_wrap"><span class="et-waypoint et_pb_animation_off et_pb_animation_off_tablet et_pb_animation_off_phone et-pb-icon"></span></span></div>
					<div class="et_pb_blurb_container">
						<h4 class="et_pb_module_header"><span>Languages</span></h4>
						
					</div>
				</div>
			</div><div class="et_pb_module et_pb_text et_pb_text_20  et_pb_text_align_left et_pb_bg_layout_light">
				
				
				
				
				<div class="et_pb_text_inner"><p><strong>&#8211; English:</strong> Spoken, Written<br /><strong>&#8211; Spanish:</strong> Spoken, Written</p></div>
			</div>
			</div>
				
				
				
				
			</div><div class="et_pb_with_border et_pb_row_inner et_pb_row_inner_22 et_pb_gutters2">
				<div class="et_pb_column et_pb_column_4_4 et_pb_column_inner et_pb_column_inner_25 et-last-child">
				
				
				
				
				<div class="et_pb_module et_pb_blurb et_pb_blurb_20  et_pb_text_align_left  et_pb_blurb_position_left et_pb_bg_layout_light">
				
				
				
				
				<div class="et_pb_blurb_content">
					<div class="et_pb_main_blurb_image"><span class="et_pb_image_wrap"><span class="et-waypoint et_pb_animation_off et_pb_animation_off_tablet et_pb_animation_off_phone et-pb-icon"></span></span></div>
					<div class="et_pb_blurb_container">
						<h4 class="et_pb_module_header"><span>Key Attorneys</span></h4>
						
					</div>
				</div>
			</div><div class="et_pb_module et_pb_text et_pb_text_21  et_pb_text_align_left et_pb_bg_layout_light">
				
				
				
				
				<div class="et_pb_text_inner"><p><strong>&#8211; John Doe, Senior Partner</strong>: A seasoned litigator with 20 years in criminal defense and a strong advocate for justice.</p>
<p><strong>&#8211; Jane Smith, Family Law Expert</strong>: Specializing in family law for 15 years, Jane is known for her compassionate and effective approach to sensitive cases.</p>
<p><strong>&#8211; Mike Johnson, Real Estate Attorney</strong>: With a decade of experience, Mike excels in real estate law, helping clients navigate complex property matters.</p></div>
			</div>
			</div>
				
				
				
				
			</div><div class="et_pb_with_border et_pb_row_inner et_pb_row_inner_23 et_pb_gutters2">
				<div class="et_pb_column et_pb_column_4_4 et_pb_column_inner et_pb_column_inner_26 et-last-child">
				
				
				
				
				<div class="et_pb_module et_pb_blurb et_pb_blurb_21  et_pb_text_align_left  et_pb_blurb_position_left et_pb_bg_layout_light">
				
				
				
				
				<div class="et_pb_blurb_content">
					<div class="et_pb_main_blurb_image"><span class="et_pb_image_wrap"><span class="et-waypoint et_pb_animation_off et_pb_animation_off_tablet et_pb_animation_off_phone et-pb-icon"></span></span></div>
					<div class="et_pb_blurb_container">
						<h4 class="et_pb_module_header"><span>Awards</span></h4>
						
					</div>
				</div>
			</div><div class="et_pb_module et_pb_text et_pb_text_22  et_pb_text_align_left et_pb_bg_layout_light">
				
				
				
				
				<div class="et_pb_text_inner"><p><strong>&#8211; &#8220;Top Corporate Lawyer of the Year&#8221;, National Legal Excellence Awards:</strong> Recognized for outstanding achievements in corporate law and significant contributions to the legal community.</p></div>
			</div>
			</div>
				
				
				
				
			</div><div class="et_pb_with_border et_pb_row_inner et_pb_row_inner_24 et_pb_gutters2">
				<div class="et_pb_column et_pb_column_4_4 et_pb_column_inner et_pb_column_inner_27 et-last-child">
				
				
				
				
				<div class="et_pb_module et_pb_blurb et_pb_blurb_22  et_pb_text_align_left  et_pb_blurb_position_left et_pb_bg_layout_light">
				
				
				
				
				<div class="et_pb_blurb_content">
					<div class="et_pb_main_blurb_image"><span class="et_pb_image_wrap"><span class="et-waypoint et_pb_animation_off et_pb_animation_off_tablet et_pb_animation_off_phone et-pb-icon"></span></span></div>
					<div class="et_pb_blurb_container">
						<h4 class="et_pb_module_header"><span>Contact & Map</span></h4>
						
					</div>
				</div>
			</div><div class="et_pb_module et_pb_code et_pb_code_1">
				
				
				
				
				<div class="et_pb_code_inner"><iframe src="https://www.google.com/maps/embed?pb=!1m18!1m12!1m3!1d13440.698180320984!2d-73.97259940816106!3d40.67800787934546!2m3!1f0!2f0!3f0!3m2!1i1024!2i768!4f13.1!3m3!1m2!1s0x89c24fa5d33f083b%3A0xc80b8f06e177fe62!2zVGjDoG5oIHBo4buRIE5ldyBZb3JrLCBUaeG7g3UgYmFuZyBOZXcgWW9yaywgSG9hIEvhu7M!5e0!3m2!1svi!2s!4v1706278255276!5m2!1svi!2s" width="980" height="450" style="border:0; border-radius:10px;" allowfullscreen="" loading="lazy" referrerpolicy="no-referrer-when-downgrade"></iframe></div>
			</div>
			</div>
				
				
				
				
			</div><div class="et_pb_row_inner et_pb_row_inner_25">
				<div class="et_pb_column et_pb_column_1_3 et_pb_column_inner et_pb_column_inner_28">
				
				
				
				
				<div class="et_pb_module et_pb_text et_pb_text_23  et_pb_text_align_left et_pb_bg_layout_light">
				
				
				
				
				<div class="et_pb_text_inner"><p><strong>AMS Law Office &#8211; Brooklyn Office</strong> <br />123 Legal Lane, Suite 200, <br />Brooklyn, NY 11201</p>
<p><strong>AMS Law Office &#8211; Manhattan Office</strong> <br />456 Justice Street, 10th Floor,<br />Manhattan, NY 10022</p></div>
			</div>
			</div><div class="et_pb_column et_pb_column_1_3 et_pb_column_inner et_pb_column_inner_29 et-last-child">
				
				
				
				
				<div class="et_pb_module difl_businesshours difl_businesshours_1">
				
				
				
				
				
				
				<div class="et_pb_module_inner">
					<div class="df_bh_container">
                    <div class="df_bh_wrapper">
                        
                        <div class="et_pb_module difl_businesshoursitem difl_businesshoursitem_7">
				
				
				
				
				
				
				<div class="et_pb_module_inner">
					<div class="df_bh_item">
                        <div class="df_bh_day">Monday</div>
                        <div class="df_bh_time">  <span class="df_bh_start_time">7 a.m</span>   <span class="df_bh_time_separetor">-</span>   <span class="df_bh_end_time">7 p.m</span>   </div>
                    </div>
				</div>
			</div><div class="et_pb_module difl_businesshoursitem difl_businesshoursitem_8">
				
				
				
				
				
				
				<div class="et_pb_module_inner">
					<div class="df_bh_item">
                        <div class="df_bh_day">Tuesday</div>
                        <div class="df_bh_time">  <span class="df_bh_start_time">7 a.m</span>   <span class="df_bh_time_separetor">-</span>   <span class="df_bh_end_time">7 p.m</span>   </div>
                    </div>
				</div>
			</div><div class="et_pb_module difl_businesshoursitem difl_businesshoursitem_9">
				
				
				
				
				
				
				<div class="et_pb_module_inner">
					<div class="df_bh_item">
                        <div class="df_bh_day">Wednesday</div>
                        <div class="df_bh_time">  <span class="df_bh_start_time">7 a.m</span>   <span class="df_bh_time_separetor">-</span>   <span class="df_bh_end_time">7 p.m</span>   </div>
                    </div>
				</div>
			</div><div class="et_pb_module difl_businesshoursitem difl_businesshoursitem_10">
				
				
				
				
				
				
				<div class="et_pb_module_inner">
					<div class="df_bh_item">
                        <div class="df_bh_day">Thursday</div>
                        <div class="df_bh_time">  <span class="df_bh_start_time">7 a.m</span>   <span class="df_bh_time_separetor">-</span>   <span class="df_bh_end_time">7 p.m</span>   </div>
                    </div>
				</div>
			</div><div class="et_pb_module difl_businesshoursitem difl_businesshoursitem_11">
				
				
				
				
				
				
				<div class="et_pb_module_inner">
					<div class="df_bh_item">
                        <div class="df_bh_day">Friday</div>
                        <div class="df_bh_time">  <span class="df_bh_start_time">7 a.m</span>   <span class="df_bh_time_separetor">-</span>   <span class="df_bh_end_time">7 p.m</span>   </div>
                    </div>
				</div>
			</div><div class="et_pb_module difl_businesshoursitem difl_businesshoursitem_12">
				
				
				
				
				
				
				<div class="et_pb_module_inner">
					<div class="df_bh_item">
                        <div class="df_bh_day">Saturday</div>
                        <div class="df_bh_time">  <span class="df_bh_start_time">7 a.m</span>   <span class="df_bh_time_separetor">-</span>   <span class="df_bh_end_time">7 p.m</span>   </div>
                    </div>
				</div>
			</div><div class="et_pb_module difl_businesshoursitem difl_businesshoursitem_13">
				
				
				
				
				
				
				<div class="et_pb_module_inner">
					<div class="df_bh_item">
                        <div class="df_bh_day">Sunday</div>
                        <div class="df_bh_time">  <span class="df_bh_start_time">7 a.m</span>   <span class="df_bh_time_separetor"> - </span>   <span class="df_bh_end_time">7 p.m</span>   </div>
                    </div>
				</div>
			</div> 
                    </div>
                </div>
				</div>
			</div>
			</div>
				
				
				
				
			</div><div class="et_pb_with_border et_pb_row_inner et_pb_row_inner_26 et_pb_gutters2">
				<div class="et_pb_column et_pb_column_4_4 et_pb_column_inner et_pb_column_inner_30 et-last-child">
				
				
				
				
				<div class="et_pb_module et_pb_blurb et_pb_blurb_23  et_pb_text_align_left  et_pb_blurb_position_left et_pb_bg_layout_light">
				
				
				
				
				<div class="et_pb_blurb_content">
					<div class="et_pb_main_blurb_image"><span class="et_pb_image_wrap"><span class="et-waypoint et_pb_animation_off et_pb_animation_off_tablet et_pb_animation_off_phone et-pb-icon"></span></span></div>
					<div class="et_pb_blurb_container">
						<h4 class="et_pb_module_header"><span>Social Media</span></h4>
						
					</div>
				</div>
			</div>
			</div>
				
				
				
				
			</div><div class="et_pb_with_border et_pb_row_inner et_pb_row_inner_27 et_pb_gutters2">
				<div class="et_pb_column et_pb_column_4_4 et_pb_column_inner et_pb_column_inner_31 et-last-child">
				
				
				
				
				<ul class="et_pb_module et_pb_social_media_follow et_pb_social_media_follow_1 clearfix  et_pb_bg_layout_light">
				
				
				
				
				<li
            class='et_pb_social_media_follow_network_4 et_pb_social_icon et_pb_social_network_link  et-social-facebook'><a
              href='#'
              class='icon et_pb_with_border'
              title='Follow on Facebook'
               target="_blank"><span
                class='et_pb_social_media_follow_network_name'
                aria-hidden='true'
                >Follow</span></a></li><li
            class='et_pb_social_media_follow_network_5 et_pb_social_icon et_pb_social_network_link  et-social-linkedin'><a
              href='#'
              class='icon et_pb_with_border'
              title='Follow on LinkedIn'
               target="_blank"><span
                class='et_pb_social_media_follow_network_name'
                aria-hidden='true'
                >Follow</span></a></li><li
            class='et_pb_social_media_follow_network_6 et_pb_social_icon et_pb_social_network_link  et-social-twitter'><a
              href='#'
              class='icon et_pb_with_border'
              title='Follow on X'
               target="_blank"><span
                class='et_pb_social_media_follow_network_name'
                aria-hidden='true'
                >Follow</span></a></li><li
            class='et_pb_social_media_follow_network_7 et_pb_social_icon et_pb_social_network_link  et-social-youtube'><a
              href='#'
              class='icon et_pb_with_border'
              title='Follow on Youtube'
               target="_blank"><span
                class='et_pb_social_media_follow_network_name'
                aria-hidden='true'
                >Follow</span></a></li>
			</ul>
			</div>
				
				
				
				
			</div><div class="et_pb_with_border et_pb_row_inner et_pb_row_inner_28 et_pb_gutters2">
				<div class="et_pb_column et_pb_column_4_4 et_pb_column_inner et_pb_column_inner_32 et-last-child">
				
				
				
				
				<div class="et_pb_module et_pb_blurb et_pb_blurb_24  et_pb_text_align_left  et_pb_blurb_position_left et_pb_bg_layout_light">
				
				
				
				
				<div class="et_pb_blurb_content">
					<div class="et_pb_main_blurb_image"><span class="et_pb_image_wrap"><span class="et-waypoint et_pb_animation_off et_pb_animation_off_tablet et_pb_animation_off_phone et-pb-icon"></span></span></div>
					<div class="et_pb_blurb_container">
						<h4 class="et_pb_module_header"><span>Service Area Zip Codes</span></h4>
						
					</div>
				</div>
			</div><div class="et_pb_module et_pb_text et_pb_text_24  et_pb_text_align_left et_pb_bg_layout_light">
				
				
				
				
				
			</div>
			</div>
				
				
				
				
			</div>
			</div><div class="et_pb_column et_pb_column_1_3 et_pb_column_3    et_pb_css_mix_blend_mode_passthrough">
				
				
				
				
				
			<div id="et_pb_contact_form_1" class="et_pb_module et_pb_contact_form_1 fp-form et_pb_sticky_module et_pb_contact_form_container clearfix" data-form_unique_num="1" data-form_unique_id="7fa857a1-fb96-4d2d-974b-a8b0dd388753">
				
				
				
				
				<h1 class="et_pb_contact_main_title">Contact AMS Law Office Brooklyn, NY</h1>
				<div class="et-pb-contact-message"></div>
				
				<div class="et_pb_contact">
					<form class="et_pb_contact_form clearfix" method="post" action="/practice/personal-injury/feed/">
						<p class="et_pb_contact_field et_pb_contact_field_5 et_pb_contact_field_last" data-id="name" data-type="input">
				
				
				
				
				<label for="et_pb_contact_name_1" class="et_pb_contact_form_label">Name</label>
				<input type="text" id="et_pb_contact_name_1" class="input" value="" name="et_pb_contact_name_1" data-required_mark="required" data-field_type="input" data-original_id="name" placeholder="Name">
			</p><p class="et_pb_contact_field et_pb_contact_field_6 et_pb_contact_field_last" data-id="email" data-type="email">
				
				
				
				
				<label for="et_pb_contact_email_1" class="et_pb_contact_form_label">Email Address</label>
				<input type="text" id="et_pb_contact_email_1" class="input" value="" name="et_pb_contact_email_1" data-required_mark="required" data-field_type="email" data-original_id="email" placeholder="Email Address">
			</p><p class="et_pb_contact_field et_pb_contact_field_7 et_pb_contact_field_half" data-id="phone" data-type="input">
				
				
				
				
				<label for="et_pb_contact_phone_1" class="et_pb_contact_form_label">Phone Number</label>
				<input type="text" id="et_pb_contact_phone_1" class="input" value="" name="et_pb_contact_phone_1" data-required_mark="required" data-field_type="input" data-original_id="phone" placeholder="Phone Number">
			</p><p class="et_pb_contact_field et_pb_contact_field_8 et_pb_contact_field_half et_pb_contact_field_last" data-id="zipcode" data-type="input">
				
				
				
				
				<label for="et_pb_contact_zipcode_1" class="et_pb_contact_form_label">Zip Code</label>
				<input type="text" id="et_pb_contact_zipcode_1" class="input" value="" name="et_pb_contact_zipcode_1" data-required_mark="required" data-field_type="input" data-original_id="zipcode" placeholder="Zip Code">
			</p><p class="et_pb_contact_field et_pb_contact_field_9 et_pb_contact_field_last" data-id="message" data-type="text">
				
				
				
				
				<label for="et_pb_contact_message_1" class="et_pb_contact_form_label">Message</label>
				<textarea name="et_pb_contact_message_1" id="et_pb_contact_message_1" class="et_pb_contact_message input" data-required_mark="required" data-field_type="text" data-original_id="message" placeholder="Message"></textarea>
			</p>
						<input type="hidden" value="et_contact_proccess" name="et_pb_contactform_submit_1"/>
						<div class="et_contact_bottom_container">
							
			<div class="et_pb_contact_right">
				<p class="clearfix">
					<span class="et_pb_contact_captcha_question">1 + 1</span> = <input type="text" size="2" class="input et_pb_contact_captcha" data-first_digit="1" data-second_digit="1" value="" name="et_pb_contact_captcha_1" data-required_mark="required" autocomplete="off">
				</p>
			</div>
							<button type="submit" name="et_builder_submit_button" class="et_pb_contact_submit et_pb_button" data-icon="&#xf1d8;">Submit</button>
						</div>
						<input type="hidden" id="_wpnonce-et-pb-contact-form-submitted-1" name="_wpnonce-et-pb-contact-form-submitted-1" value="3d1e3175bb" /><input type="hidden" name="_wp_http_referer" value="/practice/personal-injury/feed/?simply_static_page=189" />
					</form>
				</div>
			</div>
			
			</div>
				</div>
				
			</div>
]]></content:encoded>
					
		
		
			</item>
	</channel>
</rss>
