<?xml version="1.0" encoding="UTF-8"?><rss version="2.0"
	xmlns:content="http://purl.org/rss/1.0/modules/content/"
	xmlns:dc="http://purl.org/dc/elements/1.1/"
	xmlns:atom="http://www.w3.org/2005/Atom"
	xmlns:sy="http://purl.org/rss/1.0/modules/syndication/"
	
	>
<channel>
	<title>
	Comments on: How to Choose the Right Personal Injury Attorney	</title>
	<atom:link href="/how-to-choose-the-right-personal-injury-attorney/feed/" rel="self" type="application/rss+xml" />
	<link>/how-to-choose-the-right-personal-injury-attorney/</link>
	<description></description>
	<lastBuildDate>Sat, 27 Jan 2024 15:42:28 +0000</lastBuildDate>
	<sy:updatePeriod>
	hourly	</sy:updatePeriod>
	<sy:updateFrequency>
	1	</sy:updateFrequency>
	<generator>https://wordpress.org/?v=6.5.5</generator>
</channel>
</rss>
