<?xml version="1.0" encoding="UTF-8"?><rss version="2.0"
	xmlns:content="http://purl.org/rss/1.0/modules/content/"
	xmlns:dc="http://purl.org/dc/elements/1.1/"
	xmlns:atom="http://www.w3.org/2005/Atom"
	xmlns:sy="http://purl.org/rss/1.0/modules/syndication/"
	
	>
<channel>
	<title>
	Comments on: Common Types of Personal Injury Cases	</title>
	<atom:link href="/common-types-of-personal-injury-cases-and-how-to-handle-them/feed/" rel="self" type="application/rss+xml" />
	<link>/common-types-of-personal-injury-cases-and-how-to-handle-them/</link>
	<description></description>
	<lastBuildDate>Sat, 27 Jan 2024 15:41:29 +0000</lastBuildDate>
	<sy:updatePeriod>
	hourly	</sy:updatePeriod>
	<sy:updateFrequency>
	1	</sy:updateFrequency>
	<generator>https://wordpress.org/?v=6.5.5</generator>
</channel>
</rss>
